Copyright 1986-2022 Xilinx, Inc. All Rights Reserved. Copyright 2022-2025 Advanced Micro Devices, Inc. All Rights Reserved.
--------------------------------------------------------------------------------------------------------------------------------------------------------------------
| Tool Version : Vivado v.2024.2.2 (win64) Build 6060944 Thu Mar 06 19:10:01 MST 2025
| Date         : Sun Apr 26 01:02:07 2026
| Host         : HOANGTUAN running 64-bit major release  (build 9200)
| Command      : report_methodology -file DB_wrapper_methodology_drc_routed.rpt -pb DB_wrapper_methodology_drc_routed.pb -rpx DB_wrapper_methodology_drc_routed.rpx
| Design       : DB_wrapper
| Device       : xc7z020clg400-1
| Speed File   : -1
| Design State : Fully Routed
--------------------------------------------------------------------------------------------------------------------------------------------------------------------

Report Methodology

Table of Contents
-----------------
1. REPORT SUMMARY
2. REPORT DETAILS

1. REPORT SUMMARY
-----------------
            Netlist: netlist
          Floorplan: design_1
      Design limits: <entire design considered>
             Max checks: <unlimited>
             Checks found: 297
+-----------+------------------+----------------------------------------------------+--------+
| Rule      | Severity         | Description                                        | Checks |
+-----------+------------------+----------------------------------------------------+--------+
| TIMING-4  | Critical Warning | Invalid primary clock redefinition on a clock tree | 1      |
| TIMING-6  | Critical Warning | No common primary clock between related clocks     | 1      |
| TIMING-7  | Critical Warning | No common node between related clocks              | 1      |
| TIMING-27 | Critical Warning | Invalid primary clock on hierarchical pin          | 1      |
| TIMING-16 | Warning          | Large setup violation                              | 289    |
| TIMING-18 | Warning          | Missing input or output delay                      | 4      |
+-----------+------------------+----------------------------------------------------+--------+

2. REPORT DETAILS
-----------------
TIMING-4#1 Critical Warning
Invalid primary clock redefinition on a clock tree  
Invalid clock redefinition on a clock tree. The primary clock DB_i/clk_wiz_0/inst/clk_in1 is defined downstream of clock clk_fpga_0 and overrides its insertion delay and/or waveform definition
Related violations: <none>

TIMING-6#1 Critical Warning
No common primary clock between related clocks  
The clocks clk_out1_DB_clk_wiz_0_0 and clk_fpga_0 are related (timed together) but they have no common primary clock. The design could fail in hardware. To find a timing path between these clocks, run the following command: report_timing -from [get_clocks clk_out1_DB_clk_wiz_0_0] -to [get_clocks clk_fpga_0]
Related violations: <none>

TIMING-7#1 Critical Warning
No common node between related clocks  
The clocks clk_out1_DB_clk_wiz_0_0 and clk_fpga_0 are related (timed together) but they have no common node. The design could fail in hardware. To find a timing path between these clocks, run the following command: report_timing -from [get_clocks clk_out1_DB_clk_wiz_0_0] -to [get_clocks clk_fpga_0]
Related violations: <none>

TIMING-27#1 Critical Warning
Invalid primary clock on hierarchical pin  
A primary clock DB_i/clk_wiz_0/inst/clk_in1 is created on an inappropriate internal pin DB_i/clk_wiz_0/inst/clk_in1. It is not recommended to create a primary clock on a hierarchical pin when its driver pin has a fanout connected to multiple clock pins
Related violations: <none>

TIMING-16#1 Warning
Large setup violation  
There is a large setup violation of -1.034 ns between DB_i/YK71_Tracker_AXI_0/U0/YK71_Tracker_AXI_slave_lite_v1_0_S00_AXI_inst/YK71_Core_Inst/energy_e_reg_reg[1]/C (clocked by clk_fpga_0) and DB_i/YK71_Tracker_AXI_0/U0/YK71_Tracker_AXI_slave_lite_v1_0_S00_AXI_inst/YK71_Core_Inst/energy_e_reg_reg[31]/D (clocked by clk_fpga_0). Large setup violations at the end of those stages might be difficult to fix during the post-placement implementation flow and could be the result of non-optimal XDC constraints or non-optimal design architecture
Related violations: <none>

TIMING-16#2 Warning
Large setup violation  
There is a large setup violation of -1.056 ns between DB_i/target_moving_0/U0/sec_cnt_reg[2]/C (clocked by clk_out1_DB_clk_wiz_0_0) and DB_i/target_moving_0/U0/sec_cnt_reg[20]/D (clocked by clk_out1_DB_clk_wiz_0_0). Large setup violations at the end of those stages might be difficult to fix during the post-placement implementation flow and could be the result of non-optimal XDC constraints or non-optimal design architecture
Related violations: <none>

TIMING-16#3 Warning
Large setup violation  
There is a large setup violation of -1.062 ns between DB_i/target_moving_0/U0/sec_cnt_reg[2]/C (clocked by clk_out1_DB_clk_wiz_0_0) and DB_i/target_moving_0/U0/sec_cnt_reg[18]/D (clocked by clk_out1_DB_clk_wiz_0_0). Large setup violations at the end of those stages might be difficult to fix during the post-placement implementation flow and could be the result of non-optimal XDC constraints or non-optimal design architecture
Related violations: <none>

TIMING-16#4 Warning
Large setup violation  
There is a large setup violation of -1.069 ns between DB_i/target_moving_0/U0/sec_cnt_reg[2]/C (clocked by clk_out1_DB_clk_wiz_0_0) and DB_i/target_moving_0/U0/sec_cnt_reg[21]/D (clocked by clk_out1_DB_clk_wiz_0_0). Large setup violations at the end of those stages might be difficult to fix during the post-placement implementation flow and could be the result of non-optimal XDC constraints or non-optimal design architecture
Related violations: <none>

TIMING-16#5 Warning
Large setup violation  
There is a large setup violation of -1.089 ns between DB_i/target_moving_0/U0/target_pos_reg[12]/C (clocked by clk_out1_DB_clk_wiz_0_0) and DB_i/target_moving_0/U0/target_pos_reg[16]/D (clocked by clk_out1_DB_clk_wiz_0_0). Large setup violations at the end of those stages might be difficult to fix during the post-placement implementation flow and could be the result of non-optimal XDC constraints or non-optimal design architecture
Related violations: <none>

TIMING-16#6 Warning
Large setup violation  
There is a large setup violation of -1.096 ns between DB_i/target_moving_0/U0/sec_cnt_reg[2]/C (clocked by clk_out1_DB_clk_wiz_0_0) and DB_i/target_moving_0/U0/sec_cnt_reg[10]/D (clocked by clk_out1_DB_clk_wiz_0_0). Large setup violations at the end of those stages might be difficult to fix during the post-placement implementation flow and could be the result of non-optimal XDC constraints or non-optimal design architecture
Related violations: <none>

TIMING-16#7 Warning
Large setup violation  
There is a large setup violation of -1.100 ns between DB_i/dongbo_0/U0/sync_out_reg/C (clocked by clk_out1_DB_clk_wiz_0_0) and DB_i/target_moving_0/U0/delay_cnt_reg[17]/D (clocked by clk_out1_DB_clk_wiz_0_0). Large setup violations at the end of those stages might be difficult to fix during the post-placement implementation flow and could be the result of non-optimal XDC constraints or non-optimal design architecture
Related violations: <none>

TIMING-16#8 Warning
Large setup violation  
There is a large setup violation of -1.114 ns between DB_i/target_moving_0/U0/sec_cnt_reg[2]/C (clocked by clk_out1_DB_clk_wiz_0_0) and DB_i/target_moving_0/U0/sec_cnt_reg[25]/D (clocked by clk_out1_DB_clk_wiz_0_0). Large setup violations at the end of those stages might be difficult to fix during the post-placement implementation flow and could be the result of non-optimal XDC constraints or non-optimal design architecture
Related violations: <none>

TIMING-16#9 Warning
Large setup violation  
There is a large setup violation of -1.133 ns between DB_i/target_moving_0/U0/target_out_reg/C (clocked by clk_out1_DB_clk_wiz_0_0) and DB_i/YK71_Tracker_AXI_0/U0/YK71_Tracker_AXI_slave_lite_v1_0_S00_AXI_inst/YK71_Core_Inst/target_pos_out_reg[21]/CE (clocked by clk_fpga_0). Large setup violations at the end of those stages might be difficult to fix during the post-placement implementation flow and could be the result of non-optimal XDC constraints or non-optimal design architecture
Related violations: <none>

TIMING-16#10 Warning
Large setup violation  
There is a large setup violation of -1.133 ns between DB_i/target_moving_0/U0/target_out_reg/C (clocked by clk_out1_DB_clk_wiz_0_0) and DB_i/YK71_Tracker_AXI_0/U0/YK71_Tracker_AXI_slave_lite_v1_0_S00_AXI_inst/YK71_Core_Inst/target_pos_out_reg[23]/CE (clocked by clk_fpga_0). Large setup violations at the end of those stages might be difficult to fix during the post-placement implementation flow and could be the result of non-optimal XDC constraints or non-optimal design architecture
Related violations: <none>

TIMING-16#11 Warning
Large setup violation  
There is a large setup violation of -1.138 ns between DB_i/target_moving_0/U0/sec_cnt_reg[9]/C (clocked by clk_out1_DB_clk_wiz_0_0) and DB_i/target_moving_0/U0/target_pos_reg[15]/CE (clocked by clk_out1_DB_clk_wiz_0_0). Large setup violations at the end of those stages might be difficult to fix during the post-placement implementation flow and could be the result of non-optimal XDC constraints or non-optimal design architecture
Related violations: <none>

TIMING-16#12 Warning
Large setup violation  
There is a large setup violation of -1.138 ns between DB_i/target_moving_0/U0/sec_cnt_reg[9]/C (clocked by clk_out1_DB_clk_wiz_0_0) and DB_i/target_moving_0/U0/target_pos_reg[16]/CE (clocked by clk_out1_DB_clk_wiz_0_0). Large setup violations at the end of those stages might be difficult to fix during the post-placement implementation flow and could be the result of non-optimal XDC constraints or non-optimal design architecture
Related violations: <none>

TIMING-16#13 Warning
Large setup violation  
There is a large setup violation of -1.138 ns between DB_i/target_moving_0/U0/sec_cnt_reg[9]/C (clocked by clk_out1_DB_clk_wiz_0_0) and DB_i/target_moving_0/U0/target_pos_reg[17]/CE (clocked by clk_out1_DB_clk_wiz_0_0). Large setup violations at the end of those stages might be difficult to fix during the post-placement implementation flow and could be the result of non-optimal XDC constraints or non-optimal design architecture
Related violations: <none>

TIMING-16#14 Warning
Large setup violation  
There is a large setup violation of -1.142 ns between DB_i/target_moving_0/U0/sec_cnt_reg[2]/C (clocked by clk_out1_DB_clk_wiz_0_0) and DB_i/target_moving_0/U0/sec_cnt_reg[27]/D (clocked by clk_out1_DB_clk_wiz_0_0). Large setup violations at the end of those stages might be difficult to fix during the post-placement implementation flow and could be the result of non-optimal XDC constraints or non-optimal design architecture
Related violations: <none>

TIMING-16#15 Warning
Large setup violation  
There is a large setup violation of -1.162 ns between DB_i/target_moving_0/U0/target_out_reg/C (clocked by clk_out1_DB_clk_wiz_0_0) and DB_i/YK71_Tracker_AXI_0/U0/YK71_Tracker_AXI_slave_lite_v1_0_S00_AXI_inst/YK71_Core_Inst/target_pos_out_reg[15]/CE (clocked by clk_fpga_0). Large setup violations at the end of those stages might be difficult to fix during the post-placement implementation flow and could be the result of non-optimal XDC constraints or non-optimal design architecture
Related violations: <none>

TIMING-16#16 Warning
Large setup violation  
There is a large setup violation of -1.162 ns between DB_i/target_moving_0/U0/target_out_reg/C (clocked by clk_out1_DB_clk_wiz_0_0) and DB_i/YK71_Tracker_AXI_0/U0/YK71_Tracker_AXI_slave_lite_v1_0_S00_AXI_inst/YK71_Core_Inst/target_pos_out_reg[17]/CE (clocked by clk_fpga_0). Large setup violations at the end of those stages might be difficult to fix during the post-placement implementation flow and could be the result of non-optimal XDC constraints or non-optimal design architecture
Related violations: <none>

TIMING-16#17 Warning
Large setup violation  
There is a large setup violation of -1.162 ns between DB_i/target_moving_0/U0/target_out_reg/C (clocked by clk_out1_DB_clk_wiz_0_0) and DB_i/YK71_Tracker_AXI_0/U0/YK71_Tracker_AXI_slave_lite_v1_0_S00_AXI_inst/YK71_Core_Inst/target_pos_out_reg[20]/CE (clocked by clk_fpga_0). Large setup violations at the end of those stages might be difficult to fix during the post-placement implementation flow and could be the result of non-optimal XDC constraints or non-optimal design architecture
Related violations: <none>

TIMING-16#18 Warning
Large setup violation  
There is a large setup violation of -1.163 ns between DB_i/target_moving_0/U0/target_out_reg/C (clocked by clk_out1_DB_clk_wiz_0_0) and DB_i/YK71_Tracker_AXI_0/U0/YK71_Tracker_AXI_slave_lite_v1_0_S00_AXI_inst/YK71_Core_Inst/target_pos_out_reg[22]/CE (clocked by clk_fpga_0). Large setup violations at the end of those stages might be difficult to fix during the post-placement implementation flow and could be the result of non-optimal XDC constraints or non-optimal design architecture
Related violations: <none>

TIMING-16#19 Warning
Large setup violation  
There is a large setup violation of -1.166 ns between DB_i/target_moving_0/U0/target_pos_reg[12]/C (clocked by clk_out1_DB_clk_wiz_0_0) and DB_i/target_moving_0/U0/target_pos_reg[5]_replica/D (clocked by clk_out1_DB_clk_wiz_0_0). Large setup violations at the end of those stages might be difficult to fix during the post-placement implementation flow and could be the result of non-optimal XDC constraints or non-optimal design architecture
Related violations: <none>

TIMING-16#20 Warning
Large setup violation  
There is a large setup violation of -1.167 ns between DB_i/target_moving_0/U0/sec_cnt_reg[2]/C (clocked by clk_out1_DB_clk_wiz_0_0) and DB_i/target_moving_0/U0/sec_cnt_reg[24]/D (clocked by clk_out1_DB_clk_wiz_0_0). Large setup violations at the end of those stages might be difficult to fix during the post-placement implementation flow and could be the result of non-optimal XDC constraints or non-optimal design architecture
Related violations: <none>

TIMING-16#21 Warning
Large setup violation  
There is a large setup violation of -1.175 ns between DB_i/target_moving_0/U0/sec_cnt_reg[9]/C (clocked by clk_out1_DB_clk_wiz_0_0) and DB_i/target_moving_0/U0/target_pos_reg[11]/CE (clocked by clk_out1_DB_clk_wiz_0_0). Large setup violations at the end of those stages might be difficult to fix during the post-placement implementation flow and could be the result of non-optimal XDC constraints or non-optimal design architecture
Related violations: <none>

TIMING-16#22 Warning
Large setup violation  
There is a large setup violation of -1.175 ns between DB_i/target_moving_0/U0/sec_cnt_reg[9]/C (clocked by clk_out1_DB_clk_wiz_0_0) and DB_i/target_moving_0/U0/target_pos_reg[12]/CE (clocked by clk_out1_DB_clk_wiz_0_0). Large setup violations at the end of those stages might be difficult to fix during the post-placement implementation flow and could be the result of non-optimal XDC constraints or non-optimal design architecture
Related violations: <none>

TIMING-16#23 Warning
Large setup violation  
There is a large setup violation of -1.175 ns between DB_i/target_moving_0/U0/sec_cnt_reg[9]/C (clocked by clk_out1_DB_clk_wiz_0_0) and DB_i/target_moving_0/U0/target_pos_reg[13]/CE (clocked by clk_out1_DB_clk_wiz_0_0). Large setup violations at the end of those stages might be difficult to fix during the post-placement implementation flow and could be the result of non-optimal XDC constraints or non-optimal design architecture
Related violations: <none>

TIMING-16#24 Warning
Large setup violation  
There is a large setup violation of -1.175 ns between DB_i/target_moving_0/U0/sec_cnt_reg[9]/C (clocked by clk_out1_DB_clk_wiz_0_0) and DB_i/target_moving_0/U0/target_pos_reg[14]/CE (clocked by clk_out1_DB_clk_wiz_0_0). Large setup violations at the end of those stages might be difficult to fix during the post-placement implementation flow and could be the result of non-optimal XDC constraints or non-optimal design architecture
Related violations: <none>

TIMING-16#25 Warning
Large setup violation  
There is a large setup violation of -1.175 ns between DB_i/target_moving_0/U0/sec_cnt_reg[9]/C (clocked by clk_out1_DB_clk_wiz_0_0) and DB_i/target_moving_0/U0/target_pos_reg[5]/CE (clocked by clk_out1_DB_clk_wiz_0_0). Large setup violations at the end of those stages might be difficult to fix during the post-placement implementation flow and could be the result of non-optimal XDC constraints or non-optimal design architecture
Related violations: <none>

TIMING-16#26 Warning
Large setup violation  
There is a large setup violation of -1.175 ns between DB_i/target_moving_0/U0/sec_cnt_reg[9]/C (clocked by clk_out1_DB_clk_wiz_0_0) and DB_i/target_moving_0/U0/target_pos_reg[6]/CE (clocked by clk_out1_DB_clk_wiz_0_0). Large setup violations at the end of those stages might be difficult to fix during the post-placement implementation flow and could be the result of non-optimal XDC constraints or non-optimal design architecture
Related violations: <none>

TIMING-16#27 Warning
Large setup violation  
There is a large setup violation of -1.188 ns between DB_i/target_moving_0/U0/target_out_reg/C (clocked by clk_out1_DB_clk_wiz_0_0) and DB_i/YK71_Tracker_AXI_0/U0/YK71_Tracker_AXI_slave_lite_v1_0_S00_AXI_inst/YK71_Core_Inst/target_pos_out_reg[31]/CE (clocked by clk_fpga_0). Large setup violations at the end of those stages might be difficult to fix during the post-placement implementation flow and could be the result of non-optimal XDC constraints or non-optimal design architecture
Related violations: <none>

TIMING-16#28 Warning
Large setup violation  
There is a large setup violation of -1.195 ns between DB_i/target_moving_0/U0/sec_cnt_reg[9]/C (clocked by clk_out1_DB_clk_wiz_0_0) and DB_i/target_moving_0/U0/target_pos_reg[5]_replica/CE (clocked by clk_out1_DB_clk_wiz_0_0). Large setup violations at the end of those stages might be difficult to fix during the post-placement implementation flow and could be the result of non-optimal XDC constraints or non-optimal design architecture
Related violations: <none>

TIMING-16#29 Warning
Large setup violation  
There is a large setup violation of -1.210 ns between DB_i/target_moving_0/U0/target_out_reg/C (clocked by clk_out1_DB_clk_wiz_0_0) and DB_i/YK71_Tracker_AXI_0/U0/YK71_Tracker_AXI_slave_lite_v1_0_S00_AXI_inst/YK71_Core_Inst/target_pos_out_reg[24]/CE (clocked by clk_fpga_0). Large setup violations at the end of those stages might be difficult to fix during the post-placement implementation flow and could be the result of non-optimal XDC constraints or non-optimal design architecture
Related violations: <none>

TIMING-16#30 Warning
Large setup violation  
There is a large setup violation of -1.210 ns between DB_i/target_moving_0/U0/target_out_reg/C (clocked by clk_out1_DB_clk_wiz_0_0) and DB_i/YK71_Tracker_AXI_0/U0/YK71_Tracker_AXI_slave_lite_v1_0_S00_AXI_inst/YK71_Core_Inst/target_pos_out_reg[28]/CE (clocked by clk_fpga_0). Large setup violations at the end of those stages might be difficult to fix during the post-placement implementation flow and could be the result of non-optimal XDC constraints or non-optimal design architecture
Related violations: <none>

TIMING-16#31 Warning
Large setup violation  
There is a large setup violation of -1.222 ns between DB_i/target_moving_0/U0/sec_cnt_reg[2]/C (clocked by clk_out1_DB_clk_wiz_0_0) and DB_i/target_moving_0/U0/sec_cnt_reg[22]/D (clocked by clk_out1_DB_clk_wiz_0_0). Large setup violations at the end of those stages might be difficult to fix during the post-placement implementation flow and could be the result of non-optimal XDC constraints or non-optimal design architecture
Related violations: <none>

TIMING-16#32 Warning
Large setup violation  
There is a large setup violation of -1.231 ns between DB_i/target_moving_0/U0/sec_cnt_reg[9]/C (clocked by clk_out1_DB_clk_wiz_0_0) and DB_i/target_moving_0/U0/target_pos_reg[10]/CE (clocked by clk_out1_DB_clk_wiz_0_0). Large setup violations at the end of those stages might be difficult to fix during the post-placement implementation flow and could be the result of non-optimal XDC constraints or non-optimal design architecture
Related violations: <none>

TIMING-16#33 Warning
Large setup violation  
There is a large setup violation of -1.231 ns between DB_i/target_moving_0/U0/sec_cnt_reg[9]/C (clocked by clk_out1_DB_clk_wiz_0_0) and DB_i/target_moving_0/U0/target_pos_reg[7]/CE (clocked by clk_out1_DB_clk_wiz_0_0). Large setup violations at the end of those stages might be difficult to fix during the post-placement implementation flow and could be the result of non-optimal XDC constraints or non-optimal design architecture
Related violations: <none>

TIMING-16#34 Warning
Large setup violation  
There is a large setup violation of -1.231 ns between DB_i/target_moving_0/U0/sec_cnt_reg[9]/C (clocked by clk_out1_DB_clk_wiz_0_0) and DB_i/target_moving_0/U0/target_pos_reg[8]/CE (clocked by clk_out1_DB_clk_wiz_0_0). Large setup violations at the end of those stages might be difficult to fix during the post-placement implementation flow and could be the result of non-optimal XDC constraints or non-optimal design architecture
Related violations: <none>

TIMING-16#35 Warning
Large setup violation  
There is a large setup violation of -1.231 ns between DB_i/target_moving_0/U0/sec_cnt_reg[9]/C (clocked by clk_out1_DB_clk_wiz_0_0) and DB_i/target_moving_0/U0/target_pos_reg[9]/CE (clocked by clk_out1_DB_clk_wiz_0_0). Large setup violations at the end of those stages might be difficult to fix during the post-placement implementation flow and could be the result of non-optimal XDC constraints or non-optimal design architecture
Related violations: <none>

TIMING-16#36 Warning
Large setup violation  
There is a large setup violation of -1.234 ns between DB_i/target_moving_0/U0/target_out_reg/C (clocked by clk_out1_DB_clk_wiz_0_0) and DB_i/YK71_Tracker_AXI_0/U0/YK71_Tracker_AXI_slave_lite_v1_0_S00_AXI_inst/YK71_Core_Inst/target_pos_out_reg[25]/CE (clocked by clk_fpga_0). Large setup violations at the end of those stages might be difficult to fix during the post-placement implementation flow and could be the result of non-optimal XDC constraints or non-optimal design architecture
Related violations: <none>

TIMING-16#37 Warning
Large setup violation  
There is a large setup violation of -1.234 ns between DB_i/target_moving_0/U0/target_out_reg/C (clocked by clk_out1_DB_clk_wiz_0_0) and DB_i/YK71_Tracker_AXI_0/U0/YK71_Tracker_AXI_slave_lite_v1_0_S00_AXI_inst/YK71_Core_Inst/target_pos_out_reg[26]/CE (clocked by clk_fpga_0). Large setup violations at the end of those stages might be difficult to fix during the post-placement implementation flow and could be the result of non-optimal XDC constraints or non-optimal design architecture
Related violations: <none>

TIMING-16#38 Warning
Large setup violation  
There is a large setup violation of -1.234 ns between DB_i/target_moving_0/U0/target_out_reg/C (clocked by clk_out1_DB_clk_wiz_0_0) and DB_i/YK71_Tracker_AXI_0/U0/YK71_Tracker_AXI_slave_lite_v1_0_S00_AXI_inst/YK71_Core_Inst/target_pos_out_reg[29]/CE (clocked by clk_fpga_0). Large setup violations at the end of those stages might be difficult to fix during the post-placement implementation flow and could be the result of non-optimal XDC constraints or non-optimal design architecture
Related violations: <none>

TIMING-16#39 Warning
Large setup violation  
There is a large setup violation of -1.234 ns between DB_i/target_moving_0/U0/target_out_reg/C (clocked by clk_out1_DB_clk_wiz_0_0) and DB_i/YK71_Tracker_AXI_0/U0/YK71_Tracker_AXI_slave_lite_v1_0_S00_AXI_inst/YK71_Core_Inst/target_pos_out_reg[30]/CE (clocked by clk_fpga_0). Large setup violations at the end of those stages might be difficult to fix during the post-placement implementation flow and could be the result of non-optimal XDC constraints or non-optimal design architecture
Related violations: <none>

TIMING-16#40 Warning
Large setup violation  
There is a large setup violation of -1.253 ns between DB_i/target_moving_0/U0/target_out_reg/C (clocked by clk_out1_DB_clk_wiz_0_0) and DB_i/YK71_Tracker_AXI_0/U0/YK71_Tracker_AXI_slave_lite_v1_0_S00_AXI_inst/YK71_Core_Inst/target_pos_out_reg[16]/CE (clocked by clk_fpga_0). Large setup violations at the end of those stages might be difficult to fix during the post-placement implementation flow and could be the result of non-optimal XDC constraints or non-optimal design architecture
Related violations: <none>

TIMING-16#41 Warning
Large setup violation  
There is a large setup violation of -1.275 ns between DB_i/target_moving_0/U0/target_out_reg/C (clocked by clk_out1_DB_clk_wiz_0_0) and DB_i/YK71_Tracker_AXI_0/U0/YK71_Tracker_AXI_slave_lite_v1_0_S00_AXI_inst/YK71_Core_Inst/target_pos_out_reg[27]/CE (clocked by clk_fpga_0). Large setup violations at the end of those stages might be difficult to fix during the post-placement implementation flow and could be the result of non-optimal XDC constraints or non-optimal design architecture
Related violations: <none>

TIMING-16#42 Warning
Large setup violation  
There is a large setup violation of -1.278 ns between DB_i/target_moving_0/U0/sec_cnt_reg[2]/C (clocked by clk_out1_DB_clk_wiz_0_0) and DB_i/target_moving_0/U0/sec_cnt_reg[28]/D (clocked by clk_out1_DB_clk_wiz_0_0). Large setup violations at the end of those stages might be difficult to fix during the post-placement implementation flow and could be the result of non-optimal XDC constraints or non-optimal design architecture
Related violations: <none>

TIMING-16#43 Warning
Large setup violation  
There is a large setup violation of -1.285 ns between DB_i/target_moving_0/U0/sec_cnt_reg[9]/C (clocked by clk_out1_DB_clk_wiz_0_0) and DB_i/target_moving_0/U0/target_pos_reg[4]/CE (clocked by clk_out1_DB_clk_wiz_0_0). Large setup violations at the end of those stages might be difficult to fix during the post-placement implementation flow and could be the result of non-optimal XDC constraints or non-optimal design architecture
Related violations: <none>

TIMING-16#44 Warning
Large setup violation  
There is a large setup violation of -1.316 ns between DB_i/target_moving_0/U0/target_out_reg/C (clocked by clk_out1_DB_clk_wiz_0_0) and DB_i/YK71_Tracker_AXI_0/U0/YK71_Tracker_AXI_slave_lite_v1_0_S00_AXI_inst/YK71_Core_Inst/target_sync_1_reg/D (clocked by clk_fpga_0). Large setup violations at the end of those stages might be difficult to fix during the post-placement implementation flow and could be the result of non-optimal XDC constraints or non-optimal design architecture
Related violations: <none>

TIMING-16#45 Warning
Large setup violation  
There is a large setup violation of -1.451 ns between DB_i/target_moving_0/U0/sec_cnt_reg[2]/C (clocked by clk_out1_DB_clk_wiz_0_0) and DB_i/target_moving_0/U0/sec_cnt_reg[26]/D (clocked by clk_out1_DB_clk_wiz_0_0). Large setup violations at the end of those stages might be difficult to fix during the post-placement implementation flow and could be the result of non-optimal XDC constraints or non-optimal design architecture
Related violations: <none>

TIMING-16#46 Warning
Large setup violation  
There is a large setup violation of -1.482 ns between DB_i/target_moving_0/U0/target_out_reg/C (clocked by clk_out1_DB_clk_wiz_0_0) and DB_i/YK71_Tracker_AXI_0/U0/YK71_Tracker_AXI_slave_lite_v1_0_S00_AXI_inst/YK71_Core_Inst/target_pos_out_reg[3]/CE (clocked by clk_fpga_0). Large setup violations at the end of those stages might be difficult to fix during the post-placement implementation flow and could be the result of non-optimal XDC constraints or non-optimal design architecture
Related violations: <none>

TIMING-16#47 Warning
Large setup violation  
There is a large setup violation of -1.585 ns between DB_i/target_moving_0/U0/target_out_reg/C (clocked by clk_out1_DB_clk_wiz_0_0) and DB_i/YK71_Tracker_AXI_0/U0/YK71_Tracker_AXI_slave_lite_v1_0_S00_AXI_inst/YK71_Core_Inst/target_pos_out_reg[0]/CE (clocked by clk_fpga_0). Large setup violations at the end of those stages might be difficult to fix during the post-placement implementation flow and could be the result of non-optimal XDC constraints or non-optimal design architecture
Related violations: <none>

TIMING-16#48 Warning
Large setup violation  
There is a large setup violation of -1.585 ns between DB_i/target_moving_0/U0/target_out_reg/C (clocked by clk_out1_DB_clk_wiz_0_0) and DB_i/YK71_Tracker_AXI_0/U0/YK71_Tracker_AXI_slave_lite_v1_0_S00_AXI_inst/YK71_Core_Inst/target_pos_out_reg[10]/CE (clocked by clk_fpga_0). Large setup violations at the end of those stages might be difficult to fix during the post-placement implementation flow and could be the result of non-optimal XDC constraints or non-optimal design architecture
Related violations: <none>

TIMING-16#49 Warning
Large setup violation  
There is a large setup violation of -1.585 ns between DB_i/target_moving_0/U0/target_out_reg/C (clocked by clk_out1_DB_clk_wiz_0_0) and DB_i/YK71_Tracker_AXI_0/U0/YK71_Tracker_AXI_slave_lite_v1_0_S00_AXI_inst/YK71_Core_Inst/target_pos_out_reg[18]/CE (clocked by clk_fpga_0). Large setup violations at the end of those stages might be difficult to fix during the post-placement implementation flow and could be the result of non-optimal XDC constraints or non-optimal design architecture
Related violations: <none>

TIMING-16#50 Warning
Large setup violation  
There is a large setup violation of -1.585 ns between DB_i/target_moving_0/U0/target_out_reg/C (clocked by clk_out1_DB_clk_wiz_0_0) and DB_i/YK71_Tracker_AXI_0/U0/YK71_Tracker_AXI_slave_lite_v1_0_S00_AXI_inst/YK71_Core_Inst/target_pos_out_reg[6]/CE (clocked by clk_fpga_0). Large setup violations at the end of those stages might be difficult to fix during the post-placement implementation flow and could be the result of non-optimal XDC constraints or non-optimal design architecture
Related violations: <none>

TIMING-16#51 Warning
Large setup violation  
There is a large setup violation of -1.608 ns between DB_i/dongbo_0/U0/sync_out_reg/C (clocked by clk_out1_DB_clk_wiz_0_0) and DB_i/YK71_Tracker_AXI_0/U0/YK71_Tracker_AXI_slave_lite_v1_0_S00_AXI_inst/YK71_Core_Inst/energy_l_reg_reg[12]/CE (clocked by clk_fpga_0). Large setup violations at the end of those stages might be difficult to fix during the post-placement implementation flow and could be the result of non-optimal XDC constraints or non-optimal design architecture
Related violations: <none>

TIMING-16#52 Warning
Large setup violation  
There is a large setup violation of -1.608 ns between DB_i/dongbo_0/U0/sync_out_reg/C (clocked by clk_out1_DB_clk_wiz_0_0) and DB_i/YK71_Tracker_AXI_0/U0/YK71_Tracker_AXI_slave_lite_v1_0_S00_AXI_inst/YK71_Core_Inst/energy_l_reg_reg[13]/CE (clocked by clk_fpga_0). Large setup violations at the end of those stages might be difficult to fix during the post-placement implementation flow and could be the result of non-optimal XDC constraints or non-optimal design architecture
Related violations: <none>

TIMING-16#53 Warning
Large setup violation  
There is a large setup violation of -1.608 ns between DB_i/dongbo_0/U0/sync_out_reg/C (clocked by clk_out1_DB_clk_wiz_0_0) and DB_i/YK71_Tracker_AXI_0/U0/YK71_Tracker_AXI_slave_lite_v1_0_S00_AXI_inst/YK71_Core_Inst/energy_l_reg_reg[14]/CE (clocked by clk_fpga_0). Large setup violations at the end of those stages might be difficult to fix during the post-placement implementation flow and could be the result of non-optimal XDC constraints or non-optimal design architecture
Related violations: <none>

TIMING-16#54 Warning
Large setup violation  
There is a large setup violation of -1.608 ns between DB_i/dongbo_0/U0/sync_out_reg/C (clocked by clk_out1_DB_clk_wiz_0_0) and DB_i/YK71_Tracker_AXI_0/U0/YK71_Tracker_AXI_slave_lite_v1_0_S00_AXI_inst/YK71_Core_Inst/energy_l_reg_reg[15]/CE (clocked by clk_fpga_0). Large setup violations at the end of those stages might be difficult to fix during the post-placement implementation flow and could be the result of non-optimal XDC constraints or non-optimal design architecture
Related violations: <none>

TIMING-16#55 Warning
Large setup violation  
There is a large setup violation of -1.609 ns between DB_i/dongbo_0/U0/sync_out_reg/C (clocked by clk_out1_DB_clk_wiz_0_0) and DB_i/YK71_Tracker_AXI_0/U0/YK71_Tracker_AXI_slave_lite_v1_0_S00_AXI_inst/YK71_Core_Inst/energy_l_reg_reg[6]/CE (clocked by clk_fpga_0). Large setup violations at the end of those stages might be difficult to fix during the post-placement implementation flow and could be the result of non-optimal XDC constraints or non-optimal design architecture
Related violations: <none>

TIMING-16#56 Warning
Large setup violation  
There is a large setup violation of -1.609 ns between DB_i/dongbo_0/U0/sync_out_reg/C (clocked by clk_out1_DB_clk_wiz_0_0) and DB_i/YK71_Tracker_AXI_0/U0/YK71_Tracker_AXI_slave_lite_v1_0_S00_AXI_inst/YK71_Core_Inst/energy_l_reg_reg[7]/CE (clocked by clk_fpga_0). Large setup violations at the end of those stages might be difficult to fix during the post-placement implementation flow and could be the result of non-optimal XDC constraints or non-optimal design architecture
Related violations: <none>

TIMING-16#57 Warning
Large setup violation  
There is a large setup violation of -1.609 ns between DB_i/dongbo_0/U0/sync_out_reg/C (clocked by clk_out1_DB_clk_wiz_0_0) and DB_i/YK71_Tracker_AXI_0/U0/YK71_Tracker_AXI_slave_lite_v1_0_S00_AXI_inst/YK71_Core_Inst/energy_l_reg_reg[8]/CE (clocked by clk_fpga_0). Large setup violations at the end of those stages might be difficult to fix during the post-placement implementation flow and could be the result of non-optimal XDC constraints or non-optimal design architecture
Related violations: <none>

TIMING-16#58 Warning
Large setup violation  
There is a large setup violation of -1.609 ns between DB_i/dongbo_0/U0/sync_out_reg/C (clocked by clk_out1_DB_clk_wiz_0_0) and DB_i/YK71_Tracker_AXI_0/U0/YK71_Tracker_AXI_slave_lite_v1_0_S00_AXI_inst/YK71_Core_Inst/energy_l_reg_reg[9]/CE (clocked by clk_fpga_0). Large setup violations at the end of those stages might be difficult to fix during the post-placement implementation flow and could be the result of non-optimal XDC constraints or non-optimal design architecture
Related violations: <none>

TIMING-16#59 Warning
Large setup violation  
There is a large setup violation of -1.618 ns between DB_i/dongbo_0/U0/sync_out_reg/C (clocked by clk_out1_DB_clk_wiz_0_0) and DB_i/YK71_Tracker_AXI_0/U0/YK71_Tracker_AXI_slave_lite_v1_0_S00_AXI_inst/YK71_Core_Inst/energy_l_reg_reg[0]/CE (clocked by clk_fpga_0). Large setup violations at the end of those stages might be difficult to fix during the post-placement implementation flow and could be the result of non-optimal XDC constraints or non-optimal design architecture
Related violations: <none>

TIMING-16#60 Warning
Large setup violation  
There is a large setup violation of -1.618 ns between DB_i/dongbo_0/U0/sync_out_reg/C (clocked by clk_out1_DB_clk_wiz_0_0) and DB_i/YK71_Tracker_AXI_0/U0/YK71_Tracker_AXI_slave_lite_v1_0_S00_AXI_inst/YK71_Core_Inst/energy_l_reg_reg[1]/CE (clocked by clk_fpga_0). Large setup violations at the end of those stages might be difficult to fix during the post-placement implementation flow and could be the result of non-optimal XDC constraints or non-optimal design architecture
Related violations: <none>

TIMING-16#61 Warning
Large setup violation  
There is a large setup violation of -1.618 ns between DB_i/dongbo_0/U0/sync_out_reg/C (clocked by clk_out1_DB_clk_wiz_0_0) and DB_i/YK71_Tracker_AXI_0/U0/YK71_Tracker_AXI_slave_lite_v1_0_S00_AXI_inst/YK71_Core_Inst/energy_l_reg_reg[28]/CE (clocked by clk_fpga_0). Large setup violations at the end of those stages might be difficult to fix during the post-placement implementation flow and could be the result of non-optimal XDC constraints or non-optimal design architecture
Related violations: <none>

TIMING-16#62 Warning
Large setup violation  
There is a large setup violation of -1.618 ns between DB_i/dongbo_0/U0/sync_out_reg/C (clocked by clk_out1_DB_clk_wiz_0_0) and DB_i/YK71_Tracker_AXI_0/U0/YK71_Tracker_AXI_slave_lite_v1_0_S00_AXI_inst/YK71_Core_Inst/energy_l_reg_reg[29]/CE (clocked by clk_fpga_0). Large setup violations at the end of those stages might be difficult to fix during the post-placement implementation flow and could be the result of non-optimal XDC constraints or non-optimal design architecture
Related violations: <none>

TIMING-16#63 Warning
Large setup violation  
There is a large setup violation of -1.618 ns between DB_i/dongbo_0/U0/sync_out_reg/C (clocked by clk_out1_DB_clk_wiz_0_0) and DB_i/YK71_Tracker_AXI_0/U0/YK71_Tracker_AXI_slave_lite_v1_0_S00_AXI_inst/YK71_Core_Inst/energy_l_reg_reg[30]/CE (clocked by clk_fpga_0). Large setup violations at the end of those stages might be difficult to fix during the post-placement implementation flow and could be the result of non-optimal XDC constraints or non-optimal design architecture
Related violations: <none>

TIMING-16#64 Warning
Large setup violation  
There is a large setup violation of -1.618 ns between DB_i/dongbo_0/U0/sync_out_reg/C (clocked by clk_out1_DB_clk_wiz_0_0) and DB_i/YK71_Tracker_AXI_0/U0/YK71_Tracker_AXI_slave_lite_v1_0_S00_AXI_inst/YK71_Core_Inst/energy_l_reg_reg[31]/CE (clocked by clk_fpga_0). Large setup violations at the end of those stages might be difficult to fix during the post-placement implementation flow and could be the result of non-optimal XDC constraints or non-optimal design architecture
Related violations: <none>

TIMING-16#65 Warning
Large setup violation  
There is a large setup violation of -1.618 ns between DB_i/dongbo_0/U0/sync_out_reg/C (clocked by clk_out1_DB_clk_wiz_0_0) and DB_i/YK71_Tracker_AXI_0/U0/YK71_Tracker_AXI_slave_lite_v1_0_S00_AXI_inst/YK71_Core_Inst/energy_l_reg_reg[4]/CE (clocked by clk_fpga_0). Large setup violations at the end of those stages might be difficult to fix during the post-placement implementation flow and could be the result of non-optimal XDC constraints or non-optimal design architecture
Related violations: <none>

TIMING-16#66 Warning
Large setup violation  
There is a large setup violation of -1.618 ns between DB_i/dongbo_0/U0/sync_out_reg/C (clocked by clk_out1_DB_clk_wiz_0_0) and DB_i/YK71_Tracker_AXI_0/U0/YK71_Tracker_AXI_slave_lite_v1_0_S00_AXI_inst/YK71_Core_Inst/energy_l_reg_reg[5]/CE (clocked by clk_fpga_0). Large setup violations at the end of those stages might be difficult to fix during the post-placement implementation flow and could be the result of non-optimal XDC constraints or non-optimal design architecture
Related violations: <none>

TIMING-16#67 Warning
Large setup violation  
There is a large setup violation of -1.620 ns between DB_i/dongbo_0/U0/sync_out_reg/C (clocked by clk_out1_DB_clk_wiz_0_0) and DB_i/YK71_Tracker_AXI_0/U0/YK71_Tracker_AXI_slave_lite_v1_0_S00_AXI_inst/YK71_Core_Inst/energy_l_reg_reg[16]/CE (clocked by clk_fpga_0). Large setup violations at the end of those stages might be difficult to fix during the post-placement implementation flow and could be the result of non-optimal XDC constraints or non-optimal design architecture
Related violations: <none>

TIMING-16#68 Warning
Large setup violation  
There is a large setup violation of -1.620 ns between DB_i/dongbo_0/U0/sync_out_reg/C (clocked by clk_out1_DB_clk_wiz_0_0) and DB_i/YK71_Tracker_AXI_0/U0/YK71_Tracker_AXI_slave_lite_v1_0_S00_AXI_inst/YK71_Core_Inst/energy_l_reg_reg[17]/CE (clocked by clk_fpga_0). Large setup violations at the end of those stages might be difficult to fix during the post-placement implementation flow and could be the result of non-optimal XDC constraints or non-optimal design architecture
Related violations: <none>

TIMING-16#69 Warning
Large setup violation  
There is a large setup violation of -1.620 ns between DB_i/dongbo_0/U0/sync_out_reg/C (clocked by clk_out1_DB_clk_wiz_0_0) and DB_i/YK71_Tracker_AXI_0/U0/YK71_Tracker_AXI_slave_lite_v1_0_S00_AXI_inst/YK71_Core_Inst/energy_l_reg_reg[20]/CE (clocked by clk_fpga_0). Large setup violations at the end of those stages might be difficult to fix during the post-placement implementation flow and could be the result of non-optimal XDC constraints or non-optimal design architecture
Related violations: <none>

TIMING-16#70 Warning
Large setup violation  
There is a large setup violation of -1.620 ns between DB_i/dongbo_0/U0/sync_out_reg/C (clocked by clk_out1_DB_clk_wiz_0_0) and DB_i/YK71_Tracker_AXI_0/U0/YK71_Tracker_AXI_slave_lite_v1_0_S00_AXI_inst/YK71_Core_Inst/energy_l_reg_reg[21]/CE (clocked by clk_fpga_0). Large setup violations at the end of those stages might be difficult to fix during the post-placement implementation flow and could be the result of non-optimal XDC constraints or non-optimal design architecture
Related violations: <none>

TIMING-16#71 Warning
Large setup violation  
There is a large setup violation of -1.621 ns between DB_i/target_moving_0/U0/target_out_reg/C (clocked by clk_out1_DB_clk_wiz_0_0) and DB_i/YK71_Tracker_AXI_0/U0/YK71_Tracker_AXI_slave_lite_v1_0_S00_AXI_inst/YK71_Core_Inst/target_pos_out_reg[1]/CE (clocked by clk_fpga_0). Large setup violations at the end of those stages might be difficult to fix during the post-placement implementation flow and could be the result of non-optimal XDC constraints or non-optimal design architecture
Related violations: <none>

TIMING-16#72 Warning
Large setup violation  
There is a large setup violation of -1.621 ns between DB_i/target_moving_0/U0/target_out_reg/C (clocked by clk_out1_DB_clk_wiz_0_0) and DB_i/YK71_Tracker_AXI_0/U0/YK71_Tracker_AXI_slave_lite_v1_0_S00_AXI_inst/YK71_Core_Inst/target_pos_out_reg[2]/CE (clocked by clk_fpga_0). Large setup violations at the end of those stages might be difficult to fix during the post-placement implementation flow and could be the result of non-optimal XDC constraints or non-optimal design architecture
Related violations: <none>

TIMING-16#73 Warning
Large setup violation  
There is a large setup violation of -1.621 ns between DB_i/target_moving_0/U0/target_out_reg/C (clocked by clk_out1_DB_clk_wiz_0_0) and DB_i/YK71_Tracker_AXI_0/U0/YK71_Tracker_AXI_slave_lite_v1_0_S00_AXI_inst/YK71_Core_Inst/target_pos_out_reg[5]/CE (clocked by clk_fpga_0). Large setup violations at the end of those stages might be difficult to fix during the post-placement implementation flow and could be the result of non-optimal XDC constraints or non-optimal design architecture
Related violations: <none>

TIMING-16#74 Warning
Large setup violation  
There is a large setup violation of -1.621 ns between DB_i/target_moving_0/U0/target_out_reg/C (clocked by clk_out1_DB_clk_wiz_0_0) and DB_i/YK71_Tracker_AXI_0/U0/YK71_Tracker_AXI_slave_lite_v1_0_S00_AXI_inst/YK71_Core_Inst/target_pos_out_reg[7]/CE (clocked by clk_fpga_0). Large setup violations at the end of those stages might be difficult to fix during the post-placement implementation flow and could be the result of non-optimal XDC constraints or non-optimal design architecture
Related violations: <none>

TIMING-16#75 Warning
Large setup violation  
There is a large setup violation of -1.632 ns between DB_i/dongbo_0/U0/sync_out_reg/C (clocked by clk_out1_DB_clk_wiz_0_0) and DB_i/YK71_Tracker_AXI_0/U0/YK71_Tracker_AXI_slave_lite_v1_0_S00_AXI_inst/YK71_Core_Inst/energy_l_reg_reg[10]/CE (clocked by clk_fpga_0). Large setup violations at the end of those stages might be difficult to fix during the post-placement implementation flow and could be the result of non-optimal XDC constraints or non-optimal design architecture
Related violations: <none>

TIMING-16#76 Warning
Large setup violation  
There is a large setup violation of -1.632 ns between DB_i/dongbo_0/U0/sync_out_reg/C (clocked by clk_out1_DB_clk_wiz_0_0) and DB_i/YK71_Tracker_AXI_0/U0/YK71_Tracker_AXI_slave_lite_v1_0_S00_AXI_inst/YK71_Core_Inst/energy_l_reg_reg[11]/CE (clocked by clk_fpga_0). Large setup violations at the end of those stages might be difficult to fix during the post-placement implementation flow and could be the result of non-optimal XDC constraints or non-optimal design architecture
Related violations: <none>

TIMING-16#77 Warning
Large setup violation  
There is a large setup violation of -1.632 ns between DB_i/dongbo_0/U0/sync_out_reg/C (clocked by clk_out1_DB_clk_wiz_0_0) and DB_i/YK71_Tracker_AXI_0/U0/YK71_Tracker_AXI_slave_lite_v1_0_S00_AXI_inst/YK71_Core_Inst/energy_l_reg_reg[2]/CE (clocked by clk_fpga_0). Large setup violations at the end of those stages might be difficult to fix during the post-placement implementation flow and could be the result of non-optimal XDC constraints or non-optimal design architecture
Related violations: <none>

TIMING-16#78 Warning
Large setup violation  
There is a large setup violation of -1.632 ns between DB_i/dongbo_0/U0/sync_out_reg/C (clocked by clk_out1_DB_clk_wiz_0_0) and DB_i/YK71_Tracker_AXI_0/U0/YK71_Tracker_AXI_slave_lite_v1_0_S00_AXI_inst/YK71_Core_Inst/energy_l_reg_reg[3]/CE (clocked by clk_fpga_0). Large setup violations at the end of those stages might be difficult to fix during the post-placement implementation flow and could be the result of non-optimal XDC constraints or non-optimal design architecture
Related violations: <none>

TIMING-16#79 Warning
Large setup violation  
There is a large setup violation of -1.635 ns between DB_i/dongbo_0/U0/sync_out_reg/C (clocked by clk_out1_DB_clk_wiz_0_0) and DB_i/YK71_Tracker_AXI_0/U0/YK71_Tracker_AXI_slave_lite_v1_0_S00_AXI_inst/YK71_Core_Inst/energy_l_reg_reg[18]/CE (clocked by clk_fpga_0). Large setup violations at the end of those stages might be difficult to fix during the post-placement implementation flow and could be the result of non-optimal XDC constraints or non-optimal design architecture
Related violations: <none>

TIMING-16#80 Warning
Large setup violation  
There is a large setup violation of -1.635 ns between DB_i/dongbo_0/U0/sync_out_reg/C (clocked by clk_out1_DB_clk_wiz_0_0) and DB_i/YK71_Tracker_AXI_0/U0/YK71_Tracker_AXI_slave_lite_v1_0_S00_AXI_inst/YK71_Core_Inst/energy_l_reg_reg[19]/CE (clocked by clk_fpga_0). Large setup violations at the end of those stages might be difficult to fix during the post-placement implementation flow and could be the result of non-optimal XDC constraints or non-optimal design architecture
Related violations: <none>

TIMING-16#81 Warning
Large setup violation  
There is a large setup violation of -1.635 ns between DB_i/dongbo_0/U0/sync_out_reg/C (clocked by clk_out1_DB_clk_wiz_0_0) and DB_i/YK71_Tracker_AXI_0/U0/YK71_Tracker_AXI_slave_lite_v1_0_S00_AXI_inst/YK71_Core_Inst/energy_l_reg_reg[22]/CE (clocked by clk_fpga_0). Large setup violations at the end of those stages might be difficult to fix during the post-placement implementation flow and could be the result of non-optimal XDC constraints or non-optimal design architecture
Related violations: <none>

TIMING-16#82 Warning
Large setup violation  
There is a large setup violation of -1.668 ns between DB_i/dongbo_0/U0/sync_out_reg/C (clocked by clk_out1_DB_clk_wiz_0_0) and DB_i/YK71_Tracker_AXI_0/U0/YK71_Tracker_AXI_slave_lite_v1_0_S00_AXI_inst/YK71_Core_Inst/energy_e_reg_reg[18]/CE (clocked by clk_fpga_0). Large setup violations at the end of those stages might be difficult to fix during the post-placement implementation flow and could be the result of non-optimal XDC constraints or non-optimal design architecture
Related violations: <none>

TIMING-16#83 Warning
Large setup violation  
There is a large setup violation of -1.668 ns between DB_i/dongbo_0/U0/sync_out_reg/C (clocked by clk_out1_DB_clk_wiz_0_0) and DB_i/YK71_Tracker_AXI_0/U0/YK71_Tracker_AXI_slave_lite_v1_0_S00_AXI_inst/YK71_Core_Inst/energy_e_reg_reg[19]/CE (clocked by clk_fpga_0). Large setup violations at the end of those stages might be difficult to fix during the post-placement implementation flow and could be the result of non-optimal XDC constraints or non-optimal design architecture
Related violations: <none>

TIMING-16#84 Warning
Large setup violation  
There is a large setup violation of -1.668 ns between DB_i/dongbo_0/U0/sync_out_reg/C (clocked by clk_out1_DB_clk_wiz_0_0) and DB_i/YK71_Tracker_AXI_0/U0/YK71_Tracker_AXI_slave_lite_v1_0_S00_AXI_inst/YK71_Core_Inst/energy_e_reg_reg[28]/CE (clocked by clk_fpga_0). Large setup violations at the end of those stages might be difficult to fix during the post-placement implementation flow and could be the result of non-optimal XDC constraints or non-optimal design architecture
Related violations: <none>

TIMING-16#85 Warning
Large setup violation  
There is a large setup violation of -1.668 ns between DB_i/dongbo_0/U0/sync_out_reg/C (clocked by clk_out1_DB_clk_wiz_0_0) and DB_i/YK71_Tracker_AXI_0/U0/YK71_Tracker_AXI_slave_lite_v1_0_S00_AXI_inst/YK71_Core_Inst/energy_e_reg_reg[29]/CE (clocked by clk_fpga_0). Large setup violations at the end of those stages might be difficult to fix during the post-placement implementation flow and could be the result of non-optimal XDC constraints or non-optimal design architecture
Related violations: <none>

TIMING-16#86 Warning
Large setup violation  
There is a large setup violation of -1.668 ns between DB_i/dongbo_0/U0/sync_out_reg/C (clocked by clk_out1_DB_clk_wiz_0_0) and DB_i/YK71_Tracker_AXI_0/U0/YK71_Tracker_AXI_slave_lite_v1_0_S00_AXI_inst/YK71_Core_Inst/energy_e_reg_reg[2]/CE (clocked by clk_fpga_0). Large setup violations at the end of those stages might be difficult to fix during the post-placement implementation flow and could be the result of non-optimal XDC constraints or non-optimal design architecture
Related violations: <none>

TIMING-16#87 Warning
Large setup violation  
There is a large setup violation of -1.668 ns between DB_i/dongbo_0/U0/sync_out_reg/C (clocked by clk_out1_DB_clk_wiz_0_0) and DB_i/YK71_Tracker_AXI_0/U0/YK71_Tracker_AXI_slave_lite_v1_0_S00_AXI_inst/YK71_Core_Inst/energy_e_reg_reg[3]/CE (clocked by clk_fpga_0). Large setup violations at the end of those stages might be difficult to fix during the post-placement implementation flow and could be the result of non-optimal XDC constraints or non-optimal design architecture
Related violations: <none>

TIMING-16#88 Warning
Large setup violation  
There is a large setup violation of -1.668 ns between DB_i/dongbo_0/U0/sync_out_reg/C (clocked by clk_out1_DB_clk_wiz_0_0) and DB_i/YK71_Tracker_AXI_0/U0/YK71_Tracker_AXI_slave_lite_v1_0_S00_AXI_inst/YK71_Core_Inst/energy_e_reg_reg[6]/CE (clocked by clk_fpga_0). Large setup violations at the end of those stages might be difficult to fix during the post-placement implementation flow and could be the result of non-optimal XDC constraints or non-optimal design architecture
Related violations: <none>

TIMING-16#89 Warning
Large setup violation  
There is a large setup violation of -1.668 ns between DB_i/dongbo_0/U0/sync_out_reg/C (clocked by clk_out1_DB_clk_wiz_0_0) and DB_i/YK71_Tracker_AXI_0/U0/YK71_Tracker_AXI_slave_lite_v1_0_S00_AXI_inst/YK71_Core_Inst/energy_e_reg_reg[7]/CE (clocked by clk_fpga_0). Large setup violations at the end of those stages might be difficult to fix during the post-placement implementation flow and could be the result of non-optimal XDC constraints or non-optimal design architecture
Related violations: <none>

TIMING-16#90 Warning
Large setup violation  
There is a large setup violation of -1.674 ns between DB_i/dongbo_0/U0/sync_out_reg/C (clocked by clk_out1_DB_clk_wiz_0_0) and DB_i/YK71_Tracker_AXI_0/U0/YK71_Tracker_AXI_slave_lite_v1_0_S00_AXI_inst/YK71_Core_Inst/energy_e_reg_reg[0]/CE (clocked by clk_fpga_0). Large setup violations at the end of those stages might be difficult to fix during the post-placement implementation flow and could be the result of non-optimal XDC constraints or non-optimal design architecture
Related violations: <none>

TIMING-16#91 Warning
Large setup violation  
There is a large setup violation of -1.674 ns between DB_i/dongbo_0/U0/sync_out_reg/C (clocked by clk_out1_DB_clk_wiz_0_0) and DB_i/YK71_Tracker_AXI_0/U0/YK71_Tracker_AXI_slave_lite_v1_0_S00_AXI_inst/YK71_Core_Inst/energy_e_reg_reg[10]/CE (clocked by clk_fpga_0). Large setup violations at the end of those stages might be difficult to fix during the post-placement implementation flow and could be the result of non-optimal XDC constraints or non-optimal design architecture
Related violations: <none>

TIMING-16#92 Warning
Large setup violation  
There is a large setup violation of -1.674 ns between DB_i/dongbo_0/U0/sync_out_reg/C (clocked by clk_out1_DB_clk_wiz_0_0) and DB_i/YK71_Tracker_AXI_0/U0/YK71_Tracker_AXI_slave_lite_v1_0_S00_AXI_inst/YK71_Core_Inst/energy_e_reg_reg[11]/CE (clocked by clk_fpga_0). Large setup violations at the end of those stages might be difficult to fix during the post-placement implementation flow and could be the result of non-optimal XDC constraints or non-optimal design architecture
Related violations: <none>

TIMING-16#93 Warning
Large setup violation  
There is a large setup violation of -1.674 ns between DB_i/dongbo_0/U0/sync_out_reg/C (clocked by clk_out1_DB_clk_wiz_0_0) and DB_i/YK71_Tracker_AXI_0/U0/YK71_Tracker_AXI_slave_lite_v1_0_S00_AXI_inst/YK71_Core_Inst/energy_e_reg_reg[14]/CE (clocked by clk_fpga_0). Large setup violations at the end of those stages might be difficult to fix during the post-placement implementation flow and could be the result of non-optimal XDC constraints or non-optimal design architecture
Related violations: <none>

TIMING-16#94 Warning
Large setup violation  
There is a large setup violation of -1.674 ns between DB_i/dongbo_0/U0/sync_out_reg/C (clocked by clk_out1_DB_clk_wiz_0_0) and DB_i/YK71_Tracker_AXI_0/U0/YK71_Tracker_AXI_slave_lite_v1_0_S00_AXI_inst/YK71_Core_Inst/energy_e_reg_reg[15]/CE (clocked by clk_fpga_0). Large setup violations at the end of those stages might be difficult to fix during the post-placement implementation flow and could be the result of non-optimal XDC constraints or non-optimal design architecture
Related violations: <none>

TIMING-16#95 Warning
Large setup violation  
There is a large setup violation of -1.674 ns between DB_i/dongbo_0/U0/sync_out_reg/C (clocked by clk_out1_DB_clk_wiz_0_0) and DB_i/YK71_Tracker_AXI_0/U0/YK71_Tracker_AXI_slave_lite_v1_0_S00_AXI_inst/YK71_Core_Inst/energy_e_reg_reg[16]/CE (clocked by clk_fpga_0). Large setup violations at the end of those stages might be difficult to fix during the post-placement implementation flow and could be the result of non-optimal XDC constraints or non-optimal design architecture
Related violations: <none>

TIMING-16#96 Warning
Large setup violation  
There is a large setup violation of -1.674 ns between DB_i/dongbo_0/U0/sync_out_reg/C (clocked by clk_out1_DB_clk_wiz_0_0) and DB_i/YK71_Tracker_AXI_0/U0/YK71_Tracker_AXI_slave_lite_v1_0_S00_AXI_inst/YK71_Core_Inst/energy_e_reg_reg[17]/CE (clocked by clk_fpga_0). Large setup violations at the end of those stages might be difficult to fix during the post-placement implementation flow and could be the result of non-optimal XDC constraints or non-optimal design architecture
Related violations: <none>

TIMING-16#97 Warning
Large setup violation  
There is a large setup violation of -1.674 ns between DB_i/dongbo_0/U0/sync_out_reg/C (clocked by clk_out1_DB_clk_wiz_0_0) and DB_i/YK71_Tracker_AXI_0/U0/YK71_Tracker_AXI_slave_lite_v1_0_S00_AXI_inst/YK71_Core_Inst/energy_e_reg_reg[1]/CE (clocked by clk_fpga_0). Large setup violations at the end of those stages might be difficult to fix during the post-placement implementation flow and could be the result of non-optimal XDC constraints or non-optimal design architecture
Related violations: <none>

TIMING-16#98 Warning
Large setup violation  
There is a large setup violation of -1.677 ns between DB_i/dongbo_0/U0/sync_out_reg/C (clocked by clk_out1_DB_clk_wiz_0_0) and DB_i/YK71_Tracker_AXI_0/U0/YK71_Tracker_AXI_slave_lite_v1_0_S00_AXI_inst/YK71_Core_Inst/energy_e_reg_reg[30]/CE (clocked by clk_fpga_0). Large setup violations at the end of those stages might be difficult to fix during the post-placement implementation flow and could be the result of non-optimal XDC constraints or non-optimal design architecture
Related violations: <none>

TIMING-16#99 Warning
Large setup violation  
There is a large setup violation of -1.677 ns between DB_i/dongbo_0/U0/sync_out_reg/C (clocked by clk_out1_DB_clk_wiz_0_0) and DB_i/YK71_Tracker_AXI_0/U0/YK71_Tracker_AXI_slave_lite_v1_0_S00_AXI_inst/YK71_Core_Inst/energy_e_reg_reg[31]/CE (clocked by clk_fpga_0). Large setup violations at the end of those stages might be difficult to fix during the post-placement implementation flow and could be the result of non-optimal XDC constraints or non-optimal design architecture
Related violations: <none>

TIMING-16#100 Warning
Large setup violation  
There is a large setup violation of -1.710 ns between DB_i/dongbo_0/U0/sync_out_reg/C (clocked by clk_out1_DB_clk_wiz_0_0) and DB_i/YK71_Tracker_AXI_0/U0/YK71_Tracker_AXI_slave_lite_v1_0_S00_AXI_inst/YK71_Core_Inst/energy_e_reg_reg[20]/CE (clocked by clk_fpga_0). Large setup violations at the end of those stages might be difficult to fix during the post-placement implementation flow and could be the result of non-optimal XDC constraints or non-optimal design architecture
Related violations: <none>

TIMING-16#101 Warning
Large setup violation  
There is a large setup violation of -1.710 ns between DB_i/dongbo_0/U0/sync_out_reg/C (clocked by clk_out1_DB_clk_wiz_0_0) and DB_i/YK71_Tracker_AXI_0/U0/YK71_Tracker_AXI_slave_lite_v1_0_S00_AXI_inst/YK71_Core_Inst/energy_e_reg_reg[21]/CE (clocked by clk_fpga_0). Large setup violations at the end of those stages might be difficult to fix during the post-placement implementation flow and could be the result of non-optimal XDC constraints or non-optimal design architecture
Related violations: <none>

TIMING-16#102 Warning
Large setup violation  
There is a large setup violation of -1.710 ns between DB_i/dongbo_0/U0/sync_out_reg/C (clocked by clk_out1_DB_clk_wiz_0_0) and DB_i/YK71_Tracker_AXI_0/U0/YK71_Tracker_AXI_slave_lite_v1_0_S00_AXI_inst/YK71_Core_Inst/energy_e_reg_reg[22]/CE (clocked by clk_fpga_0). Large setup violations at the end of those stages might be difficult to fix during the post-placement implementation flow and could be the result of non-optimal XDC constraints or non-optimal design architecture
Related violations: <none>

TIMING-16#103 Warning
Large setup violation  
There is a large setup violation of -1.710 ns between DB_i/dongbo_0/U0/sync_out_reg/C (clocked by clk_out1_DB_clk_wiz_0_0) and DB_i/YK71_Tracker_AXI_0/U0/YK71_Tracker_AXI_slave_lite_v1_0_S00_AXI_inst/YK71_Core_Inst/energy_e_reg_reg[23]/CE (clocked by clk_fpga_0). Large setup violations at the end of those stages might be difficult to fix during the post-placement implementation flow and could be the result of non-optimal XDC constraints or non-optimal design architecture
Related violations: <none>

TIMING-16#104 Warning
Large setup violation  
There is a large setup violation of -1.710 ns between DB_i/dongbo_0/U0/sync_out_reg/C (clocked by clk_out1_DB_clk_wiz_0_0) and DB_i/YK71_Tracker_AXI_0/U0/YK71_Tracker_AXI_slave_lite_v1_0_S00_AXI_inst/YK71_Core_Inst/energy_e_reg_reg[24]/CE (clocked by clk_fpga_0). Large setup violations at the end of those stages might be difficult to fix during the post-placement implementation flow and could be the result of non-optimal XDC constraints or non-optimal design architecture
Related violations: <none>

TIMING-16#105 Warning
Large setup violation  
There is a large setup violation of -1.710 ns between DB_i/dongbo_0/U0/sync_out_reg/C (clocked by clk_out1_DB_clk_wiz_0_0) and DB_i/YK71_Tracker_AXI_0/U0/YK71_Tracker_AXI_slave_lite_v1_0_S00_AXI_inst/YK71_Core_Inst/energy_e_reg_reg[25]/CE (clocked by clk_fpga_0). Large setup violations at the end of those stages might be difficult to fix during the post-placement implementation flow and could be the result of non-optimal XDC constraints or non-optimal design architecture
Related violations: <none>

TIMING-16#106 Warning
Large setup violation  
There is a large setup violation of -1.710 ns between DB_i/dongbo_0/U0/sync_out_reg/C (clocked by clk_out1_DB_clk_wiz_0_0) and DB_i/YK71_Tracker_AXI_0/U0/YK71_Tracker_AXI_slave_lite_v1_0_S00_AXI_inst/YK71_Core_Inst/energy_e_reg_reg[4]/CE (clocked by clk_fpga_0). Large setup violations at the end of those stages might be difficult to fix during the post-placement implementation flow and could be the result of non-optimal XDC constraints or non-optimal design architecture
Related violations: <none>

TIMING-16#107 Warning
Large setup violation  
There is a large setup violation of -1.710 ns between DB_i/dongbo_0/U0/sync_out_reg/C (clocked by clk_out1_DB_clk_wiz_0_0) and DB_i/YK71_Tracker_AXI_0/U0/YK71_Tracker_AXI_slave_lite_v1_0_S00_AXI_inst/YK71_Core_Inst/energy_e_reg_reg[5]/CE (clocked by clk_fpga_0). Large setup violations at the end of those stages might be difficult to fix during the post-placement implementation flow and could be the result of non-optimal XDC constraints or non-optimal design architecture
Related violations: <none>

TIMING-16#108 Warning
Large setup violation  
There is a large setup violation of -1.750 ns between DB_i/target_moving_0/U0/target_out_reg/C (clocked by clk_out1_DB_clk_wiz_0_0) and DB_i/YK71_Tracker_AXI_0/U0/YK71_Tracker_AXI_slave_lite_v1_0_S00_AXI_inst/YK71_Core_Inst/target_pos_out_reg[11]/CE (clocked by clk_fpga_0). Large setup violations at the end of those stages might be difficult to fix during the post-placement implementation flow and could be the result of non-optimal XDC constraints or non-optimal design architecture
Related violations: <none>

TIMING-16#109 Warning
Large setup violation  
There is a large setup violation of -1.750 ns between DB_i/target_moving_0/U0/target_out_reg/C (clocked by clk_out1_DB_clk_wiz_0_0) and DB_i/YK71_Tracker_AXI_0/U0/YK71_Tracker_AXI_slave_lite_v1_0_S00_AXI_inst/YK71_Core_Inst/target_pos_out_reg[12]/CE (clocked by clk_fpga_0). Large setup violations at the end of those stages might be difficult to fix during the post-placement implementation flow and could be the result of non-optimal XDC constraints or non-optimal design architecture
Related violations: <none>

TIMING-16#110 Warning
Large setup violation  
There is a large setup violation of -1.750 ns between DB_i/target_moving_0/U0/target_out_reg/C (clocked by clk_out1_DB_clk_wiz_0_0) and DB_i/YK71_Tracker_AXI_0/U0/YK71_Tracker_AXI_slave_lite_v1_0_S00_AXI_inst/YK71_Core_Inst/target_pos_out_reg[13]/CE (clocked by clk_fpga_0). Large setup violations at the end of those stages might be difficult to fix during the post-placement implementation flow and could be the result of non-optimal XDC constraints or non-optimal design architecture
Related violations: <none>

TIMING-16#111 Warning
Large setup violation  
There is a large setup violation of -1.750 ns between DB_i/target_moving_0/U0/target_out_reg/C (clocked by clk_out1_DB_clk_wiz_0_0) and DB_i/YK71_Tracker_AXI_0/U0/YK71_Tracker_AXI_slave_lite_v1_0_S00_AXI_inst/YK71_Core_Inst/target_pos_out_reg[14]/CE (clocked by clk_fpga_0). Large setup violations at the end of those stages might be difficult to fix during the post-placement implementation flow and could be the result of non-optimal XDC constraints or non-optimal design architecture
Related violations: <none>

TIMING-16#112 Warning
Large setup violation  
There is a large setup violation of -1.750 ns between DB_i/target_moving_0/U0/target_out_reg/C (clocked by clk_out1_DB_clk_wiz_0_0) and DB_i/YK71_Tracker_AXI_0/U0/YK71_Tracker_AXI_slave_lite_v1_0_S00_AXI_inst/YK71_Core_Inst/target_pos_out_reg[19]/CE (clocked by clk_fpga_0). Large setup violations at the end of those stages might be difficult to fix during the post-placement implementation flow and could be the result of non-optimal XDC constraints or non-optimal design architecture
Related violations: <none>

TIMING-16#113 Warning
Large setup violation  
There is a large setup violation of -1.750 ns between DB_i/target_moving_0/U0/target_out_reg/C (clocked by clk_out1_DB_clk_wiz_0_0) and DB_i/YK71_Tracker_AXI_0/U0/YK71_Tracker_AXI_slave_lite_v1_0_S00_AXI_inst/YK71_Core_Inst/target_pos_out_reg[4]/CE (clocked by clk_fpga_0). Large setup violations at the end of those stages might be difficult to fix during the post-placement implementation flow and could be the result of non-optimal XDC constraints or non-optimal design architecture
Related violations: <none>

TIMING-16#114 Warning
Large setup violation  
There is a large setup violation of -1.750 ns between DB_i/target_moving_0/U0/target_out_reg/C (clocked by clk_out1_DB_clk_wiz_0_0) and DB_i/YK71_Tracker_AXI_0/U0/YK71_Tracker_AXI_slave_lite_v1_0_S00_AXI_inst/YK71_Core_Inst/target_pos_out_reg[8]/CE (clocked by clk_fpga_0). Large setup violations at the end of those stages might be difficult to fix during the post-placement implementation flow and could be the result of non-optimal XDC constraints or non-optimal design architecture
Related violations: <none>

TIMING-16#115 Warning
Large setup violation  
There is a large setup violation of -1.750 ns between DB_i/target_moving_0/U0/target_out_reg/C (clocked by clk_out1_DB_clk_wiz_0_0) and DB_i/YK71_Tracker_AXI_0/U0/YK71_Tracker_AXI_slave_lite_v1_0_S00_AXI_inst/YK71_Core_Inst/target_pos_out_reg[9]/CE (clocked by clk_fpga_0). Large setup violations at the end of those stages might be difficult to fix during the post-placement implementation flow and could be the result of non-optimal XDC constraints or non-optimal design architecture
Related violations: <none>

TIMING-16#116 Warning
Large setup violation  
There is a large setup violation of -1.754 ns between DB_i/dongbo_0/U0/sync_out_reg/C (clocked by clk_out1_DB_clk_wiz_0_0) and DB_i/YK71_Tracker_AXI_0/U0/YK71_Tracker_AXI_slave_lite_v1_0_S00_AXI_inst/YK71_Core_Inst/energy_e_reg_reg[12]/CE (clocked by clk_fpga_0). Large setup violations at the end of those stages might be difficult to fix during the post-placement implementation flow and could be the result of non-optimal XDC constraints or non-optimal design architecture
Related violations: <none>

TIMING-16#117 Warning
Large setup violation  
There is a large setup violation of -1.754 ns between DB_i/dongbo_0/U0/sync_out_reg/C (clocked by clk_out1_DB_clk_wiz_0_0) and DB_i/YK71_Tracker_AXI_0/U0/YK71_Tracker_AXI_slave_lite_v1_0_S00_AXI_inst/YK71_Core_Inst/energy_e_reg_reg[13]/CE (clocked by clk_fpga_0). Large setup violations at the end of those stages might be difficult to fix during the post-placement implementation flow and could be the result of non-optimal XDC constraints or non-optimal design architecture
Related violations: <none>

TIMING-16#118 Warning
Large setup violation  
There is a large setup violation of -1.754 ns between DB_i/dongbo_0/U0/sync_out_reg/C (clocked by clk_out1_DB_clk_wiz_0_0) and DB_i/YK71_Tracker_AXI_0/U0/YK71_Tracker_AXI_slave_lite_v1_0_S00_AXI_inst/YK71_Core_Inst/energy_e_reg_reg[26]/CE (clocked by clk_fpga_0). Large setup violations at the end of those stages might be difficult to fix during the post-placement implementation flow and could be the result of non-optimal XDC constraints or non-optimal design architecture
Related violations: <none>

TIMING-16#119 Warning
Large setup violation  
There is a large setup violation of -1.754 ns between DB_i/dongbo_0/U0/sync_out_reg/C (clocked by clk_out1_DB_clk_wiz_0_0) and DB_i/YK71_Tracker_AXI_0/U0/YK71_Tracker_AXI_slave_lite_v1_0_S00_AXI_inst/YK71_Core_Inst/energy_e_reg_reg[27]/CE (clocked by clk_fpga_0). Large setup violations at the end of those stages might be difficult to fix during the post-placement implementation flow and could be the result of non-optimal XDC constraints or non-optimal design architecture
Related violations: <none>

TIMING-16#120 Warning
Large setup violation  
There is a large setup violation of -1.754 ns between DB_i/dongbo_0/U0/sync_out_reg/C (clocked by clk_out1_DB_clk_wiz_0_0) and DB_i/YK71_Tracker_AXI_0/U0/YK71_Tracker_AXI_slave_lite_v1_0_S00_AXI_inst/YK71_Core_Inst/energy_e_reg_reg[8]/CE (clocked by clk_fpga_0). Large setup violations at the end of those stages might be difficult to fix during the post-placement implementation flow and could be the result of non-optimal XDC constraints or non-optimal design architecture
Related violations: <none>

TIMING-16#121 Warning
Large setup violation  
There is a large setup violation of -1.754 ns between DB_i/dongbo_0/U0/sync_out_reg/C (clocked by clk_out1_DB_clk_wiz_0_0) and DB_i/YK71_Tracker_AXI_0/U0/YK71_Tracker_AXI_slave_lite_v1_0_S00_AXI_inst/YK71_Core_Inst/energy_e_reg_reg[9]/CE (clocked by clk_fpga_0). Large setup violations at the end of those stages might be difficult to fix during the post-placement implementation flow and could be the result of non-optimal XDC constraints or non-optimal design architecture
Related violations: <none>

TIMING-16#122 Warning
Large setup violation  
There is a large setup violation of -1.770 ns between DB_i/dongbo_0/U0/sync_out_reg/C (clocked by clk_out1_DB_clk_wiz_0_0) and DB_i/YK71_Tracker_AXI_0/U0/YK71_Tracker_AXI_slave_lite_v1_0_S00_AXI_inst/YK71_Core_Inst/energy_l_reg_reg[23]/CE (clocked by clk_fpga_0). Large setup violations at the end of those stages might be difficult to fix during the post-placement implementation flow and could be the result of non-optimal XDC constraints or non-optimal design architecture
Related violations: <none>

TIMING-16#123 Warning
Large setup violation  
There is a large setup violation of -1.770 ns between DB_i/dongbo_0/U0/sync_out_reg/C (clocked by clk_out1_DB_clk_wiz_0_0) and DB_i/YK71_Tracker_AXI_0/U0/YK71_Tracker_AXI_slave_lite_v1_0_S00_AXI_inst/YK71_Core_Inst/energy_l_reg_reg[24]/CE (clocked by clk_fpga_0). Large setup violations at the end of those stages might be difficult to fix during the post-placement implementation flow and could be the result of non-optimal XDC constraints or non-optimal design architecture
Related violations: <none>

TIMING-16#124 Warning
Large setup violation  
There is a large setup violation of -1.770 ns between DB_i/dongbo_0/U0/sync_out_reg/C (clocked by clk_out1_DB_clk_wiz_0_0) and DB_i/YK71_Tracker_AXI_0/U0/YK71_Tracker_AXI_slave_lite_v1_0_S00_AXI_inst/YK71_Core_Inst/energy_l_reg_reg[25]/CE (clocked by clk_fpga_0). Large setup violations at the end of those stages might be difficult to fix during the post-placement implementation flow and could be the result of non-optimal XDC constraints or non-optimal design architecture
Related violations: <none>

TIMING-16#125 Warning
Large setup violation  
There is a large setup violation of -1.770 ns between DB_i/dongbo_0/U0/sync_out_reg/C (clocked by clk_out1_DB_clk_wiz_0_0) and DB_i/YK71_Tracker_AXI_0/U0/YK71_Tracker_AXI_slave_lite_v1_0_S00_AXI_inst/YK71_Core_Inst/energy_l_reg_reg[26]/CE (clocked by clk_fpga_0). Large setup violations at the end of those stages might be difficult to fix during the post-placement implementation flow and could be the result of non-optimal XDC constraints or non-optimal design architecture
Related violations: <none>

TIMING-16#126 Warning
Large setup violation  
There is a large setup violation of -1.770 ns between DB_i/dongbo_0/U0/sync_out_reg/C (clocked by clk_out1_DB_clk_wiz_0_0) and DB_i/YK71_Tracker_AXI_0/U0/YK71_Tracker_AXI_slave_lite_v1_0_S00_AXI_inst/YK71_Core_Inst/energy_l_reg_reg[27]/CE (clocked by clk_fpga_0). Large setup violations at the end of those stages might be difficult to fix during the post-placement implementation flow and could be the result of non-optimal XDC constraints or non-optimal design architecture
Related violations: <none>

TIMING-16#127 Warning
Large setup violation  
There is a large setup violation of -1.790 ns between DB_i/dongbo_0/U0/sync_out_reg/C (clocked by clk_out1_DB_clk_wiz_0_0) and DB_i/YK71_Tracker_AXI_0/U0/YK71_Tracker_AXI_slave_lite_v1_0_S00_AXI_inst/YK71_Core_Inst/cp3_state_reg/D (clocked by clk_fpga_0). Large setup violations at the end of those stages might be difficult to fix during the post-placement implementation flow and could be the result of non-optimal XDC constraints or non-optimal design architecture
Related violations: <none>

TIMING-16#128 Warning
Large setup violation  
There is a large setup violation of -1.871 ns between DB_i/dongbo_0/U0/sync_out_reg/C (clocked by clk_out1_DB_clk_wiz_0_0) and DB_i/YK71_Tracker_AXI_0/U0/YK71_Tracker_AXI_slave_lite_v1_0_S00_AXI_inst/YK71_Core_Inst/tail_active_reg/D (clocked by clk_fpga_0). Large setup violations at the end of those stages might be difficult to fix during the post-placement implementation flow and could be the result of non-optimal XDC constraints or non-optimal design architecture
Related violations: <none>

TIMING-16#129 Warning
Large setup violation  
There is a large setup violation of -1.950 ns between DB_i/dongbo_0/U0/sync_out_reg/C (clocked by clk_out1_DB_clk_wiz_0_0) and DB_i/YK71_Tracker_AXI_0/U0/YK71_Tracker_AXI_slave_lite_v1_0_S00_AXI_inst/YK71_Core_Inst/tail_cnt_reg[10]/R (clocked by clk_fpga_0). Large setup violations at the end of those stages might be difficult to fix during the post-placement implementation flow and could be the result of non-optimal XDC constraints or non-optimal design architecture
Related violations: <none>

TIMING-16#130 Warning
Large setup violation  
There is a large setup violation of -1.950 ns between DB_i/dongbo_0/U0/sync_out_reg/C (clocked by clk_out1_DB_clk_wiz_0_0) and DB_i/YK71_Tracker_AXI_0/U0/YK71_Tracker_AXI_slave_lite_v1_0_S00_AXI_inst/YK71_Core_Inst/tail_cnt_reg[11]/R (clocked by clk_fpga_0). Large setup violations at the end of those stages might be difficult to fix during the post-placement implementation flow and could be the result of non-optimal XDC constraints or non-optimal design architecture
Related violations: <none>

TIMING-16#131 Warning
Large setup violation  
There is a large setup violation of -1.950 ns between DB_i/dongbo_0/U0/sync_out_reg/C (clocked by clk_out1_DB_clk_wiz_0_0) and DB_i/YK71_Tracker_AXI_0/U0/YK71_Tracker_AXI_slave_lite_v1_0_S00_AXI_inst/YK71_Core_Inst/tail_cnt_reg[12]/R (clocked by clk_fpga_0). Large setup violations at the end of those stages might be difficult to fix during the post-placement implementation flow and could be the result of non-optimal XDC constraints or non-optimal design architecture
Related violations: <none>

TIMING-16#132 Warning
Large setup violation  
There is a large setup violation of -1.950 ns between DB_i/dongbo_0/U0/sync_out_reg/C (clocked by clk_out1_DB_clk_wiz_0_0) and DB_i/YK71_Tracker_AXI_0/U0/YK71_Tracker_AXI_slave_lite_v1_0_S00_AXI_inst/YK71_Core_Inst/tail_cnt_reg[6]/R (clocked by clk_fpga_0). Large setup violations at the end of those stages might be difficult to fix during the post-placement implementation flow and could be the result of non-optimal XDC constraints or non-optimal design architecture
Related violations: <none>

TIMING-16#133 Warning
Large setup violation  
There is a large setup violation of -1.950 ns between DB_i/dongbo_0/U0/sync_out_reg/C (clocked by clk_out1_DB_clk_wiz_0_0) and DB_i/YK71_Tracker_AXI_0/U0/YK71_Tracker_AXI_slave_lite_v1_0_S00_AXI_inst/YK71_Core_Inst/tail_cnt_reg[7]/R (clocked by clk_fpga_0). Large setup violations at the end of those stages might be difficult to fix during the post-placement implementation flow and could be the result of non-optimal XDC constraints or non-optimal design architecture
Related violations: <none>

TIMING-16#134 Warning
Large setup violation  
There is a large setup violation of -1.950 ns between DB_i/dongbo_0/U0/sync_out_reg/C (clocked by clk_out1_DB_clk_wiz_0_0) and DB_i/YK71_Tracker_AXI_0/U0/YK71_Tracker_AXI_slave_lite_v1_0_S00_AXI_inst/YK71_Core_Inst/tail_cnt_reg[8]/R (clocked by clk_fpga_0). Large setup violations at the end of those stages might be difficult to fix during the post-placement implementation flow and could be the result of non-optimal XDC constraints or non-optimal design architecture
Related violations: <none>

TIMING-16#135 Warning
Large setup violation  
There is a large setup violation of -1.950 ns between DB_i/dongbo_0/U0/sync_out_reg/C (clocked by clk_out1_DB_clk_wiz_0_0) and DB_i/YK71_Tracker_AXI_0/U0/YK71_Tracker_AXI_slave_lite_v1_0_S00_AXI_inst/YK71_Core_Inst/tail_cnt_reg[9]/R (clocked by clk_fpga_0). Large setup violations at the end of those stages might be difficult to fix during the post-placement implementation flow and could be the result of non-optimal XDC constraints or non-optimal design architecture
Related violations: <none>

TIMING-16#136 Warning
Large setup violation  
There is a large setup violation of -1.959 ns between DB_i/target_moving_0/U0/target_pos_reg[5]_replica/C (clocked by clk_out1_DB_clk_wiz_0_0) and DB_i/target_moving_0/U0/is_counting_reg/D (clocked by clk_out1_DB_clk_wiz_0_0). Large setup violations at the end of those stages might be difficult to fix during the post-placement implementation flow and could be the result of non-optimal XDC constraints or non-optimal design architecture
Related violations: <none>

TIMING-16#137 Warning
Large setup violation  
There is a large setup violation of -1.963 ns between DB_i/dongbo_0/U0/sync_out_reg/C (clocked by clk_out1_DB_clk_wiz_0_0) and DB_i/YK71_Tracker_AXI_0/U0/YK71_Tracker_AXI_slave_lite_v1_0_S00_AXI_inst/YK71_Core_Inst/tail_cnt_reg[0]/R (clocked by clk_fpga_0). Large setup violations at the end of those stages might be difficult to fix during the post-placement implementation flow and could be the result of non-optimal XDC constraints or non-optimal design architecture
Related violations: <none>

TIMING-16#138 Warning
Large setup violation  
There is a large setup violation of -1.963 ns between DB_i/dongbo_0/U0/sync_out_reg/C (clocked by clk_out1_DB_clk_wiz_0_0) and DB_i/YK71_Tracker_AXI_0/U0/YK71_Tracker_AXI_slave_lite_v1_0_S00_AXI_inst/YK71_Core_Inst/tail_cnt_reg[13]/R (clocked by clk_fpga_0). Large setup violations at the end of those stages might be difficult to fix during the post-placement implementation flow and could be the result of non-optimal XDC constraints or non-optimal design architecture
Related violations: <none>

TIMING-16#139 Warning
Large setup violation  
There is a large setup violation of -1.963 ns between DB_i/dongbo_0/U0/sync_out_reg/C (clocked by clk_out1_DB_clk_wiz_0_0) and DB_i/YK71_Tracker_AXI_0/U0/YK71_Tracker_AXI_slave_lite_v1_0_S00_AXI_inst/YK71_Core_Inst/tail_cnt_reg[14]/R (clocked by clk_fpga_0). Large setup violations at the end of those stages might be difficult to fix during the post-placement implementation flow and could be the result of non-optimal XDC constraints or non-optimal design architecture
Related violations: <none>

TIMING-16#140 Warning
Large setup violation  
There is a large setup violation of -2.002 ns between DB_i/dongbo_0/U0/sync_out_reg/C (clocked by clk_out1_DB_clk_wiz_0_0) and DB_i/YK71_Tracker_AXI_0/U0/YK71_Tracker_AXI_slave_lite_v1_0_S00_AXI_inst/YK71_Core_Inst/tail_cnt_reg[10]/CE (clocked by clk_fpga_0). Large setup violations at the end of those stages might be difficult to fix during the post-placement implementation flow and could be the result of non-optimal XDC constraints or non-optimal design architecture
Related violations: <none>

TIMING-16#141 Warning
Large setup violation  
There is a large setup violation of -2.002 ns between DB_i/dongbo_0/U0/sync_out_reg/C (clocked by clk_out1_DB_clk_wiz_0_0) and DB_i/YK71_Tracker_AXI_0/U0/YK71_Tracker_AXI_slave_lite_v1_0_S00_AXI_inst/YK71_Core_Inst/tail_cnt_reg[11]/CE (clocked by clk_fpga_0). Large setup violations at the end of those stages might be difficult to fix during the post-placement implementation flow and could be the result of non-optimal XDC constraints or non-optimal design architecture
Related violations: <none>

TIMING-16#142 Warning
Large setup violation  
There is a large setup violation of -2.002 ns between DB_i/dongbo_0/U0/sync_out_reg/C (clocked by clk_out1_DB_clk_wiz_0_0) and DB_i/YK71_Tracker_AXI_0/U0/YK71_Tracker_AXI_slave_lite_v1_0_S00_AXI_inst/YK71_Core_Inst/tail_cnt_reg[12]/CE (clocked by clk_fpga_0). Large setup violations at the end of those stages might be difficult to fix during the post-placement implementation flow and could be the result of non-optimal XDC constraints or non-optimal design architecture
Related violations: <none>

TIMING-16#143 Warning
Large setup violation  
There is a large setup violation of -2.002 ns between DB_i/dongbo_0/U0/sync_out_reg/C (clocked by clk_out1_DB_clk_wiz_0_0) and DB_i/YK71_Tracker_AXI_0/U0/YK71_Tracker_AXI_slave_lite_v1_0_S00_AXI_inst/YK71_Core_Inst/tail_cnt_reg[6]/CE (clocked by clk_fpga_0). Large setup violations at the end of those stages might be difficult to fix during the post-placement implementation flow and could be the result of non-optimal XDC constraints or non-optimal design architecture
Related violations: <none>

TIMING-16#144 Warning
Large setup violation  
There is a large setup violation of -2.002 ns between DB_i/dongbo_0/U0/sync_out_reg/C (clocked by clk_out1_DB_clk_wiz_0_0) and DB_i/YK71_Tracker_AXI_0/U0/YK71_Tracker_AXI_slave_lite_v1_0_S00_AXI_inst/YK71_Core_Inst/tail_cnt_reg[7]/CE (clocked by clk_fpga_0). Large setup violations at the end of those stages might be difficult to fix during the post-placement implementation flow and could be the result of non-optimal XDC constraints or non-optimal design architecture
Related violations: <none>

TIMING-16#145 Warning
Large setup violation  
There is a large setup violation of -2.002 ns between DB_i/dongbo_0/U0/sync_out_reg/C (clocked by clk_out1_DB_clk_wiz_0_0) and DB_i/YK71_Tracker_AXI_0/U0/YK71_Tracker_AXI_slave_lite_v1_0_S00_AXI_inst/YK71_Core_Inst/tail_cnt_reg[8]/CE (clocked by clk_fpga_0). Large setup violations at the end of those stages might be difficult to fix during the post-placement implementation flow and could be the result of non-optimal XDC constraints or non-optimal design architecture
Related violations: <none>

TIMING-16#146 Warning
Large setup violation  
There is a large setup violation of -2.002 ns between DB_i/dongbo_0/U0/sync_out_reg/C (clocked by clk_out1_DB_clk_wiz_0_0) and DB_i/YK71_Tracker_AXI_0/U0/YK71_Tracker_AXI_slave_lite_v1_0_S00_AXI_inst/YK71_Core_Inst/tail_cnt_reg[9]/CE (clocked by clk_fpga_0). Large setup violations at the end of those stages might be difficult to fix during the post-placement implementation flow and could be the result of non-optimal XDC constraints or non-optimal design architecture
Related violations: <none>

TIMING-16#147 Warning
Large setup violation  
There is a large setup violation of -2.041 ns between DB_i/target_moving_0/U0/target_pos_reg[5]_replica/C (clocked by clk_out1_DB_clk_wiz_0_0) and DB_i/target_moving_0/U0/target_out_reg_lopt_replica/D (clocked by clk_out1_DB_clk_wiz_0_0). Large setup violations at the end of those stages might be difficult to fix during the post-placement implementation flow and could be the result of non-optimal XDC constraints or non-optimal design architecture
Related violations: <none>

TIMING-16#148 Warning
Large setup violation  
There is a large setup violation of -2.042 ns between DB_i/target_moving_0/U0/target_pos_reg[5]_replica/C (clocked by clk_out1_DB_clk_wiz_0_0) and DB_i/target_moving_0/U0/target_out_reg/D (clocked by clk_out1_DB_clk_wiz_0_0). Large setup violations at the end of those stages might be difficult to fix during the post-placement implementation flow and could be the result of non-optimal XDC constraints or non-optimal design architecture
Related violations: <none>

TIMING-16#149 Warning
Large setup violation  
There is a large setup violation of -2.052 ns between DB_i/dongbo_0/U0/sync_out_reg/C (clocked by clk_out1_DB_clk_wiz_0_0) and DB_i/YK71_Tracker_AXI_0/U0/YK71_Tracker_AXI_slave_lite_v1_0_S00_AXI_inst/YK71_Core_Inst/tail_cnt_reg[0]/CE (clocked by clk_fpga_0). Large setup violations at the end of those stages might be difficult to fix during the post-placement implementation flow and could be the result of non-optimal XDC constraints or non-optimal design architecture
Related violations: <none>

TIMING-16#150 Warning
Large setup violation  
There is a large setup violation of -2.052 ns between DB_i/dongbo_0/U0/sync_out_reg/C (clocked by clk_out1_DB_clk_wiz_0_0) and DB_i/YK71_Tracker_AXI_0/U0/YK71_Tracker_AXI_slave_lite_v1_0_S00_AXI_inst/YK71_Core_Inst/tail_cnt_reg[13]/CE (clocked by clk_fpga_0). Large setup violations at the end of those stages might be difficult to fix during the post-placement implementation flow and could be the result of non-optimal XDC constraints or non-optimal design architecture
Related violations: <none>

TIMING-16#151 Warning
Large setup violation  
There is a large setup violation of -2.052 ns between DB_i/dongbo_0/U0/sync_out_reg/C (clocked by clk_out1_DB_clk_wiz_0_0) and DB_i/YK71_Tracker_AXI_0/U0/YK71_Tracker_AXI_slave_lite_v1_0_S00_AXI_inst/YK71_Core_Inst/tail_cnt_reg[14]/CE (clocked by clk_fpga_0). Large setup violations at the end of those stages might be difficult to fix during the post-placement implementation flow and could be the result of non-optimal XDC constraints or non-optimal design architecture
Related violations: <none>

TIMING-16#152 Warning
Large setup violation  
There is a large setup violation of -2.084 ns between DB_i/dongbo_0/U0/sync_out_reg/C (clocked by clk_out1_DB_clk_wiz_0_0) and DB_i/YK71_Tracker_AXI_0/U0/YK71_Tracker_AXI_slave_lite_v1_0_S00_AXI_inst/YK71_Core_Inst/cp3_limit_reg[18]/CE (clocked by clk_fpga_0). Large setup violations at the end of those stages might be difficult to fix during the post-placement implementation flow and could be the result of non-optimal XDC constraints or non-optimal design architecture
Related violations: <none>

TIMING-16#153 Warning
Large setup violation  
There is a large setup violation of -2.084 ns between DB_i/dongbo_0/U0/sync_out_reg/C (clocked by clk_out1_DB_clk_wiz_0_0) and DB_i/YK71_Tracker_AXI_0/U0/YK71_Tracker_AXI_slave_lite_v1_0_S00_AXI_inst/YK71_Core_Inst/cp3_limit_reg[21]/CE (clocked by clk_fpga_0). Large setup violations at the end of those stages might be difficult to fix during the post-placement implementation flow and could be the result of non-optimal XDC constraints or non-optimal design architecture
Related violations: <none>

TIMING-16#154 Warning
Large setup violation  
There is a large setup violation of -2.084 ns between DB_i/dongbo_0/U0/sync_out_reg/C (clocked by clk_out1_DB_clk_wiz_0_0) and DB_i/YK71_Tracker_AXI_0/U0/YK71_Tracker_AXI_slave_lite_v1_0_S00_AXI_inst/YK71_Core_Inst/cp3_limit_reg[23]/CE (clocked by clk_fpga_0). Large setup violations at the end of those stages might be difficult to fix during the post-placement implementation flow and could be the result of non-optimal XDC constraints or non-optimal design architecture
Related violations: <none>

TIMING-16#155 Warning
Large setup violation  
There is a large setup violation of -2.084 ns between DB_i/dongbo_0/U0/sync_out_reg/C (clocked by clk_out1_DB_clk_wiz_0_0) and DB_i/YK71_Tracker_AXI_0/U0/YK71_Tracker_AXI_slave_lite_v1_0_S00_AXI_inst/YK71_Core_Inst/cp3_limit_reg[26]/CE (clocked by clk_fpga_0). Large setup violations at the end of those stages might be difficult to fix during the post-placement implementation flow and could be the result of non-optimal XDC constraints or non-optimal design architecture
Related violations: <none>

TIMING-16#156 Warning
Large setup violation  
There is a large setup violation of -2.084 ns between DB_i/dongbo_0/U0/sync_out_reg/C (clocked by clk_out1_DB_clk_wiz_0_0) and DB_i/YK71_Tracker_AXI_0/U0/YK71_Tracker_AXI_slave_lite_v1_0_S00_AXI_inst/YK71_Core_Inst/cp3_limit_reg[6]/CE (clocked by clk_fpga_0). Large setup violations at the end of those stages might be difficult to fix during the post-placement implementation flow and could be the result of non-optimal XDC constraints or non-optimal design architecture
Related violations: <none>

TIMING-16#157 Warning
Large setup violation  
There is a large setup violation of -2.084 ns between DB_i/dongbo_0/U0/sync_out_reg/C (clocked by clk_out1_DB_clk_wiz_0_0) and DB_i/YK71_Tracker_AXI_0/U0/YK71_Tracker_AXI_slave_lite_v1_0_S00_AXI_inst/YK71_Core_Inst/cp3_limit_reg[8]/CE (clocked by clk_fpga_0). Large setup violations at the end of those stages might be difficult to fix during the post-placement implementation flow and could be the result of non-optimal XDC constraints or non-optimal design architecture
Related violations: <none>

TIMING-16#158 Warning
Large setup violation  
There is a large setup violation of -2.118 ns between DB_i/dongbo_0/U0/sync_out_reg/C (clocked by clk_out1_DB_clk_wiz_0_0) and DB_i/YK71_Tracker_AXI_0/U0/YK71_Tracker_AXI_slave_lite_v1_0_S00_AXI_inst/YK71_Core_Inst/cp3_limit_reg[31]/CE (clocked by clk_fpga_0). Large setup violations at the end of those stages might be difficult to fix during the post-placement implementation flow and could be the result of non-optimal XDC constraints or non-optimal design architecture
Related violations: <none>

TIMING-16#159 Warning
Large setup violation  
There is a large setup violation of -2.120 ns between DB_i/dongbo_0/U0/sync_out_reg/C (clocked by clk_out1_DB_clk_wiz_0_0) and DB_i/YK71_Tracker_AXI_0/U0/YK71_Tracker_AXI_slave_lite_v1_0_S00_AXI_inst/YK71_Core_Inst/cp3_limit_reg[1]/CE (clocked by clk_fpga_0). Large setup violations at the end of those stages might be difficult to fix during the post-placement implementation flow and could be the result of non-optimal XDC constraints or non-optimal design architecture
Related violations: <none>

TIMING-16#160 Warning
Large setup violation  
There is a large setup violation of -2.120 ns between DB_i/dongbo_0/U0/sync_out_reg/C (clocked by clk_out1_DB_clk_wiz_0_0) and DB_i/YK71_Tracker_AXI_0/U0/YK71_Tracker_AXI_slave_lite_v1_0_S00_AXI_inst/YK71_Core_Inst/cp3_limit_reg[22]/CE (clocked by clk_fpga_0). Large setup violations at the end of those stages might be difficult to fix during the post-placement implementation flow and could be the result of non-optimal XDC constraints or non-optimal design architecture
Related violations: <none>

TIMING-16#161 Warning
Large setup violation  
There is a large setup violation of -2.120 ns between DB_i/dongbo_0/U0/sync_out_reg/C (clocked by clk_out1_DB_clk_wiz_0_0) and DB_i/YK71_Tracker_AXI_0/U0/YK71_Tracker_AXI_slave_lite_v1_0_S00_AXI_inst/YK71_Core_Inst/cp3_limit_reg[2]/CE (clocked by clk_fpga_0). Large setup violations at the end of those stages might be difficult to fix during the post-placement implementation flow and could be the result of non-optimal XDC constraints or non-optimal design architecture
Related violations: <none>

TIMING-16#162 Warning
Large setup violation  
There is a large setup violation of -2.120 ns between DB_i/dongbo_0/U0/sync_out_reg/C (clocked by clk_out1_DB_clk_wiz_0_0) and DB_i/YK71_Tracker_AXI_0/U0/YK71_Tracker_AXI_slave_lite_v1_0_S00_AXI_inst/YK71_Core_Inst/cp3_limit_reg[30]/CE (clocked by clk_fpga_0). Large setup violations at the end of those stages might be difficult to fix during the post-placement implementation flow and could be the result of non-optimal XDC constraints or non-optimal design architecture
Related violations: <none>

TIMING-16#163 Warning
Large setup violation  
There is a large setup violation of -2.120 ns between DB_i/dongbo_0/U0/sync_out_reg/C (clocked by clk_out1_DB_clk_wiz_0_0) and DB_i/YK71_Tracker_AXI_0/U0/YK71_Tracker_AXI_slave_lite_v1_0_S00_AXI_inst/YK71_Core_Inst/cp3_limit_reg[3]/CE (clocked by clk_fpga_0). Large setup violations at the end of those stages might be difficult to fix during the post-placement implementation flow and could be the result of non-optimal XDC constraints or non-optimal design architecture
Related violations: <none>

TIMING-16#164 Warning
Large setup violation  
There is a large setup violation of -2.120 ns between DB_i/dongbo_0/U0/sync_out_reg/C (clocked by clk_out1_DB_clk_wiz_0_0) and DB_i/YK71_Tracker_AXI_0/U0/YK71_Tracker_AXI_slave_lite_v1_0_S00_AXI_inst/YK71_Core_Inst/cp3_limit_reg[4]/CE (clocked by clk_fpga_0). Large setup violations at the end of those stages might be difficult to fix during the post-placement implementation flow and could be the result of non-optimal XDC constraints or non-optimal design architecture
Related violations: <none>

TIMING-16#165 Warning
Large setup violation  
There is a large setup violation of -2.120 ns between DB_i/dongbo_0/U0/sync_out_reg/C (clocked by clk_out1_DB_clk_wiz_0_0) and DB_i/YK71_Tracker_AXI_0/U0/YK71_Tracker_AXI_slave_lite_v1_0_S00_AXI_inst/YK71_Core_Inst/cp3_limit_reg[7]/CE (clocked by clk_fpga_0). Large setup violations at the end of those stages might be difficult to fix during the post-placement implementation flow and could be the result of non-optimal XDC constraints or non-optimal design architecture
Related violations: <none>

TIMING-16#166 Warning
Large setup violation  
There is a large setup violation of -2.122 ns between DB_i/dongbo_0/U0/sync_out_reg/C (clocked by clk_out1_DB_clk_wiz_0_0) and DB_i/YK71_Tracker_AXI_0/U0/YK71_Tracker_AXI_slave_lite_v1_0_S00_AXI_inst/YK71_Core_Inst/tail_cnt_reg[1]/CE (clocked by clk_fpga_0). Large setup violations at the end of those stages might be difficult to fix during the post-placement implementation flow and could be the result of non-optimal XDC constraints or non-optimal design architecture
Related violations: <none>

TIMING-16#167 Warning
Large setup violation  
There is a large setup violation of -2.122 ns between DB_i/dongbo_0/U0/sync_out_reg/C (clocked by clk_out1_DB_clk_wiz_0_0) and DB_i/YK71_Tracker_AXI_0/U0/YK71_Tracker_AXI_slave_lite_v1_0_S00_AXI_inst/YK71_Core_Inst/tail_cnt_reg[2]/CE (clocked by clk_fpga_0). Large setup violations at the end of those stages might be difficult to fix during the post-placement implementation flow and could be the result of non-optimal XDC constraints or non-optimal design architecture
Related violations: <none>

TIMING-16#168 Warning
Large setup violation  
There is a large setup violation of -2.122 ns between DB_i/dongbo_0/U0/sync_out_reg/C (clocked by clk_out1_DB_clk_wiz_0_0) and DB_i/YK71_Tracker_AXI_0/U0/YK71_Tracker_AXI_slave_lite_v1_0_S00_AXI_inst/YK71_Core_Inst/tail_cnt_reg[3]/CE (clocked by clk_fpga_0). Large setup violations at the end of those stages might be difficult to fix during the post-placement implementation flow and could be the result of non-optimal XDC constraints or non-optimal design architecture
Related violations: <none>

TIMING-16#169 Warning
Large setup violation  
There is a large setup violation of -2.122 ns between DB_i/dongbo_0/U0/sync_out_reg/C (clocked by clk_out1_DB_clk_wiz_0_0) and DB_i/YK71_Tracker_AXI_0/U0/YK71_Tracker_AXI_slave_lite_v1_0_S00_AXI_inst/YK71_Core_Inst/tail_cnt_reg[4]/CE (clocked by clk_fpga_0). Large setup violations at the end of those stages might be difficult to fix during the post-placement implementation flow and could be the result of non-optimal XDC constraints or non-optimal design architecture
Related violations: <none>

TIMING-16#170 Warning
Large setup violation  
There is a large setup violation of -2.122 ns between DB_i/dongbo_0/U0/sync_out_reg/C (clocked by clk_out1_DB_clk_wiz_0_0) and DB_i/YK71_Tracker_AXI_0/U0/YK71_Tracker_AXI_slave_lite_v1_0_S00_AXI_inst/YK71_Core_Inst/tail_cnt_reg[5]/CE (clocked by clk_fpga_0). Large setup violations at the end of those stages might be difficult to fix during the post-placement implementation flow and could be the result of non-optimal XDC constraints or non-optimal design architecture
Related violations: <none>

TIMING-16#171 Warning
Large setup violation  
There is a large setup violation of -2.131 ns between DB_i/dongbo_0/U0/sync_out_reg/C (clocked by clk_out1_DB_clk_wiz_0_0) and DB_i/YK71_Tracker_AXI_0/U0/YK71_Tracker_AXI_slave_lite_v1_0_S00_AXI_inst/YK71_Core_Inst/cp3_limit_reg[12]/CE (clocked by clk_fpga_0). Large setup violations at the end of those stages might be difficult to fix during the post-placement implementation flow and could be the result of non-optimal XDC constraints or non-optimal design architecture
Related violations: <none>

TIMING-16#172 Warning
Large setup violation  
There is a large setup violation of -2.131 ns between DB_i/dongbo_0/U0/sync_out_reg/C (clocked by clk_out1_DB_clk_wiz_0_0) and DB_i/YK71_Tracker_AXI_0/U0/YK71_Tracker_AXI_slave_lite_v1_0_S00_AXI_inst/YK71_Core_Inst/cp3_limit_reg[14]/CE (clocked by clk_fpga_0). Large setup violations at the end of those stages might be difficult to fix during the post-placement implementation flow and could be the result of non-optimal XDC constraints or non-optimal design architecture
Related violations: <none>

TIMING-16#173 Warning
Large setup violation  
There is a large setup violation of -2.131 ns between DB_i/dongbo_0/U0/sync_out_reg/C (clocked by clk_out1_DB_clk_wiz_0_0) and DB_i/YK71_Tracker_AXI_0/U0/YK71_Tracker_AXI_slave_lite_v1_0_S00_AXI_inst/YK71_Core_Inst/cp3_limit_reg[15]/CE (clocked by clk_fpga_0). Large setup violations at the end of those stages might be difficult to fix during the post-placement implementation flow and could be the result of non-optimal XDC constraints or non-optimal design architecture
Related violations: <none>

TIMING-16#174 Warning
Large setup violation  
There is a large setup violation of -2.131 ns between DB_i/dongbo_0/U0/sync_out_reg/C (clocked by clk_out1_DB_clk_wiz_0_0) and DB_i/YK71_Tracker_AXI_0/U0/YK71_Tracker_AXI_slave_lite_v1_0_S00_AXI_inst/YK71_Core_Inst/cp3_limit_reg[19]/CE (clocked by clk_fpga_0). Large setup violations at the end of those stages might be difficult to fix during the post-placement implementation flow and could be the result of non-optimal XDC constraints or non-optimal design architecture
Related violations: <none>

TIMING-16#175 Warning
Large setup violation  
There is a large setup violation of -2.131 ns between DB_i/dongbo_0/U0/sync_out_reg/C (clocked by clk_out1_DB_clk_wiz_0_0) and DB_i/YK71_Tracker_AXI_0/U0/YK71_Tracker_AXI_slave_lite_v1_0_S00_AXI_inst/YK71_Core_Inst/cp3_limit_reg[20]/CE (clocked by clk_fpga_0). Large setup violations at the end of those stages might be difficult to fix during the post-placement implementation flow and could be the result of non-optimal XDC constraints or non-optimal design architecture
Related violations: <none>

TIMING-16#176 Warning
Large setup violation  
There is a large setup violation of -2.131 ns between DB_i/dongbo_0/U0/sync_out_reg/C (clocked by clk_out1_DB_clk_wiz_0_0) and DB_i/YK71_Tracker_AXI_0/U0/YK71_Tracker_AXI_slave_lite_v1_0_S00_AXI_inst/YK71_Core_Inst/cp3_limit_reg[24]/CE (clocked by clk_fpga_0). Large setup violations at the end of those stages might be difficult to fix during the post-placement implementation flow and could be the result of non-optimal XDC constraints or non-optimal design architecture
Related violations: <none>

TIMING-16#177 Warning
Large setup violation  
There is a large setup violation of -2.131 ns between DB_i/dongbo_0/U0/sync_out_reg/C (clocked by clk_out1_DB_clk_wiz_0_0) and DB_i/YK71_Tracker_AXI_0/U0/YK71_Tracker_AXI_slave_lite_v1_0_S00_AXI_inst/YK71_Core_Inst/cp3_limit_reg[25]/CE (clocked by clk_fpga_0). Large setup violations at the end of those stages might be difficult to fix during the post-placement implementation flow and could be the result of non-optimal XDC constraints or non-optimal design architecture
Related violations: <none>

TIMING-16#178 Warning
Large setup violation  
There is a large setup violation of -2.131 ns between DB_i/dongbo_0/U0/sync_out_reg/C (clocked by clk_out1_DB_clk_wiz_0_0) and DB_i/YK71_Tracker_AXI_0/U0/YK71_Tracker_AXI_slave_lite_v1_0_S00_AXI_inst/YK71_Core_Inst/cp3_limit_reg[28]/CE (clocked by clk_fpga_0). Large setup violations at the end of those stages might be difficult to fix during the post-placement implementation flow and could be the result of non-optimal XDC constraints or non-optimal design architecture
Related violations: <none>

TIMING-16#179 Warning
Large setup violation  
There is a large setup violation of -2.131 ns between DB_i/dongbo_0/U0/sync_out_reg/C (clocked by clk_out1_DB_clk_wiz_0_0) and DB_i/YK71_Tracker_AXI_0/U0/YK71_Tracker_AXI_slave_lite_v1_0_S00_AXI_inst/YK71_Core_Inst/cp3_limit_reg[29]/CE (clocked by clk_fpga_0). Large setup violations at the end of those stages might be difficult to fix during the post-placement implementation flow and could be the result of non-optimal XDC constraints or non-optimal design architecture
Related violations: <none>

TIMING-16#180 Warning
Large setup violation  
There is a large setup violation of -2.131 ns between DB_i/dongbo_0/U0/sync_out_reg/C (clocked by clk_out1_DB_clk_wiz_0_0) and DB_i/YK71_Tracker_AXI_0/U0/YK71_Tracker_AXI_slave_lite_v1_0_S00_AXI_inst/YK71_Core_Inst/cp3_limit_reg[5]/CE (clocked by clk_fpga_0). Large setup violations at the end of those stages might be difficult to fix during the post-placement implementation flow and could be the result of non-optimal XDC constraints or non-optimal design architecture
Related violations: <none>

TIMING-16#181 Warning
Large setup violation  
There is a large setup violation of -2.149 ns between DB_i/dongbo_0/U0/sync_out_reg/C (clocked by clk_out1_DB_clk_wiz_0_0) and DB_i/YK71_Tracker_AXI_0/U0/YK71_Tracker_AXI_slave_lite_v1_0_S00_AXI_inst/YK71_Core_Inst/tail_cnt_reg[1]/R (clocked by clk_fpga_0). Large setup violations at the end of those stages might be difficult to fix during the post-placement implementation flow and could be the result of non-optimal XDC constraints or non-optimal design architecture
Related violations: <none>

TIMING-16#182 Warning
Large setup violation  
There is a large setup violation of -2.149 ns between DB_i/dongbo_0/U0/sync_out_reg/C (clocked by clk_out1_DB_clk_wiz_0_0) and DB_i/YK71_Tracker_AXI_0/U0/YK71_Tracker_AXI_slave_lite_v1_0_S00_AXI_inst/YK71_Core_Inst/tail_cnt_reg[2]/R (clocked by clk_fpga_0). Large setup violations at the end of those stages might be difficult to fix during the post-placement implementation flow and could be the result of non-optimal XDC constraints or non-optimal design architecture
Related violations: <none>

TIMING-16#183 Warning
Large setup violation  
There is a large setup violation of -2.149 ns between DB_i/dongbo_0/U0/sync_out_reg/C (clocked by clk_out1_DB_clk_wiz_0_0) and DB_i/YK71_Tracker_AXI_0/U0/YK71_Tracker_AXI_slave_lite_v1_0_S00_AXI_inst/YK71_Core_Inst/tail_cnt_reg[3]/R (clocked by clk_fpga_0). Large setup violations at the end of those stages might be difficult to fix during the post-placement implementation flow and could be the result of non-optimal XDC constraints or non-optimal design architecture
Related violations: <none>

TIMING-16#184 Warning
Large setup violation  
There is a large setup violation of -2.149 ns between DB_i/dongbo_0/U0/sync_out_reg/C (clocked by clk_out1_DB_clk_wiz_0_0) and DB_i/YK71_Tracker_AXI_0/U0/YK71_Tracker_AXI_slave_lite_v1_0_S00_AXI_inst/YK71_Core_Inst/tail_cnt_reg[4]/R (clocked by clk_fpga_0). Large setup violations at the end of those stages might be difficult to fix during the post-placement implementation flow and could be the result of non-optimal XDC constraints or non-optimal design architecture
Related violations: <none>

TIMING-16#185 Warning
Large setup violation  
There is a large setup violation of -2.149 ns between DB_i/dongbo_0/U0/sync_out_reg/C (clocked by clk_out1_DB_clk_wiz_0_0) and DB_i/YK71_Tracker_AXI_0/U0/YK71_Tracker_AXI_slave_lite_v1_0_S00_AXI_inst/YK71_Core_Inst/tail_cnt_reg[5]/R (clocked by clk_fpga_0). Large setup violations at the end of those stages might be difficult to fix during the post-placement implementation flow and could be the result of non-optimal XDC constraints or non-optimal design architecture
Related violations: <none>

TIMING-16#186 Warning
Large setup violation  
There is a large setup violation of -2.156 ns between DB_i/dongbo_0/U0/sync_out_reg/C (clocked by clk_out1_DB_clk_wiz_0_0) and DB_i/YK71_Tracker_AXI_0/U0/YK71_Tracker_AXI_slave_lite_v1_0_S00_AXI_inst/YK71_Core_Inst/energy_early_out_reg[0]/CE (clocked by clk_fpga_0). Large setup violations at the end of those stages might be difficult to fix during the post-placement implementation flow and could be the result of non-optimal XDC constraints or non-optimal design architecture
Related violations: <none>

TIMING-16#187 Warning
Large setup violation  
There is a large setup violation of -2.156 ns between DB_i/dongbo_0/U0/sync_out_reg/C (clocked by clk_out1_DB_clk_wiz_0_0) and DB_i/YK71_Tracker_AXI_0/U0/YK71_Tracker_AXI_slave_lite_v1_0_S00_AXI_inst/YK71_Core_Inst/energy_late_out_reg[30]/CE (clocked by clk_fpga_0). Large setup violations at the end of those stages might be difficult to fix during the post-placement implementation flow and could be the result of non-optimal XDC constraints or non-optimal design architecture
Related violations: <none>

TIMING-16#188 Warning
Large setup violation  
There is a large setup violation of -2.156 ns between DB_i/dongbo_0/U0/sync_out_reg/C (clocked by clk_out1_DB_clk_wiz_0_0) and DB_i/YK71_Tracker_AXI_0/U0/YK71_Tracker_AXI_slave_lite_v1_0_S00_AXI_inst/YK71_Core_Inst/energy_late_out_reg[31]/CE (clocked by clk_fpga_0). Large setup violations at the end of those stages might be difficult to fix during the post-placement implementation flow and could be the result of non-optimal XDC constraints or non-optimal design architecture
Related violations: <none>

TIMING-16#189 Warning
Large setup violation  
There is a large setup violation of -2.156 ns between DB_i/dongbo_0/U0/sync_out_reg/C (clocked by clk_out1_DB_clk_wiz_0_0) and DB_i/YK71_Tracker_AXI_0/U0/YK71_Tracker_AXI_slave_lite_v1_0_S00_AXI_inst/YK71_Core_Inst/energy_late_out_reg[7]/CE (clocked by clk_fpga_0). Large setup violations at the end of those stages might be difficult to fix during the post-placement implementation flow and could be the result of non-optimal XDC constraints or non-optimal design architecture
Related violations: <none>

TIMING-16#190 Warning
Large setup violation  
There is a large setup violation of -2.161 ns between DB_i/dongbo_0/U0/sync_out_reg/C (clocked by clk_out1_DB_clk_wiz_0_0) and DB_i/YK71_Tracker_AXI_0/U0/YK71_Tracker_AXI_slave_lite_v1_0_S00_AXI_inst/YK71_Core_Inst/energy_early_out_reg[14]/CE (clocked by clk_fpga_0). Large setup violations at the end of those stages might be difficult to fix during the post-placement implementation flow and could be the result of non-optimal XDC constraints or non-optimal design architecture
Related violations: <none>

TIMING-16#191 Warning
Large setup violation  
There is a large setup violation of -2.161 ns between DB_i/dongbo_0/U0/sync_out_reg/C (clocked by clk_out1_DB_clk_wiz_0_0) and DB_i/YK71_Tracker_AXI_0/U0/YK71_Tracker_AXI_slave_lite_v1_0_S00_AXI_inst/YK71_Core_Inst/energy_early_out_reg[15]/CE (clocked by clk_fpga_0). Large setup violations at the end of those stages might be difficult to fix during the post-placement implementation flow and could be the result of non-optimal XDC constraints or non-optimal design architecture
Related violations: <none>

TIMING-16#192 Warning
Large setup violation  
There is a large setup violation of -2.161 ns between DB_i/dongbo_0/U0/sync_out_reg/C (clocked by clk_out1_DB_clk_wiz_0_0) and DB_i/YK71_Tracker_AXI_0/U0/YK71_Tracker_AXI_slave_lite_v1_0_S00_AXI_inst/YK71_Core_Inst/energy_early_out_reg[30]/CE (clocked by clk_fpga_0). Large setup violations at the end of those stages might be difficult to fix during the post-placement implementation flow and could be the result of non-optimal XDC constraints or non-optimal design architecture
Related violations: <none>

TIMING-16#193 Warning
Large setup violation  
There is a large setup violation of -2.161 ns between DB_i/dongbo_0/U0/sync_out_reg/C (clocked by clk_out1_DB_clk_wiz_0_0) and DB_i/YK71_Tracker_AXI_0/U0/YK71_Tracker_AXI_slave_lite_v1_0_S00_AXI_inst/YK71_Core_Inst/energy_late_out_reg[25]/CE (clocked by clk_fpga_0). Large setup violations at the end of those stages might be difficult to fix during the post-placement implementation flow and could be the result of non-optimal XDC constraints or non-optimal design architecture
Related violations: <none>

TIMING-16#194 Warning
Large setup violation  
There is a large setup violation of -2.164 ns between DB_i/dongbo_0/U0/sync_out_reg/C (clocked by clk_out1_DB_clk_wiz_0_0) and DB_i/YK71_Tracker_AXI_0/U0/YK71_Tracker_AXI_slave_lite_v1_0_S00_AXI_inst/YK71_Core_Inst/energy_late_out_reg[14]/CE (clocked by clk_fpga_0). Large setup violations at the end of those stages might be difficult to fix during the post-placement implementation flow and could be the result of non-optimal XDC constraints or non-optimal design architecture
Related violations: <none>

TIMING-16#195 Warning
Large setup violation  
There is a large setup violation of -2.164 ns between DB_i/dongbo_0/U0/sync_out_reg/C (clocked by clk_out1_DB_clk_wiz_0_0) and DB_i/YK71_Tracker_AXI_0/U0/YK71_Tracker_AXI_slave_lite_v1_0_S00_AXI_inst/YK71_Core_Inst/energy_late_out_reg[15]/CE (clocked by clk_fpga_0). Large setup violations at the end of those stages might be difficult to fix during the post-placement implementation flow and could be the result of non-optimal XDC constraints or non-optimal design architecture
Related violations: <none>

TIMING-16#196 Warning
Large setup violation  
There is a large setup violation of -2.164 ns between DB_i/dongbo_0/U0/sync_out_reg/C (clocked by clk_out1_DB_clk_wiz_0_0) and DB_i/YK71_Tracker_AXI_0/U0/YK71_Tracker_AXI_slave_lite_v1_0_S00_AXI_inst/YK71_Core_Inst/energy_late_out_reg[17]/CE (clocked by clk_fpga_0). Large setup violations at the end of those stages might be difficult to fix during the post-placement implementation flow and could be the result of non-optimal XDC constraints or non-optimal design architecture
Related violations: <none>

TIMING-16#197 Warning
Large setup violation  
There is a large setup violation of -2.164 ns between DB_i/dongbo_0/U0/sync_out_reg/C (clocked by clk_out1_DB_clk_wiz_0_0) and DB_i/YK71_Tracker_AXI_0/U0/YK71_Tracker_AXI_slave_lite_v1_0_S00_AXI_inst/YK71_Core_Inst/energy_late_out_reg[9]/CE (clocked by clk_fpga_0). Large setup violations at the end of those stages might be difficult to fix during the post-placement implementation flow and could be the result of non-optimal XDC constraints or non-optimal design architecture
Related violations: <none>

TIMING-16#198 Warning
Large setup violation  
There is a large setup violation of -2.178 ns between DB_i/dongbo_0/U0/sync_out_reg/C (clocked by clk_out1_DB_clk_wiz_0_0) and DB_i/YK71_Tracker_AXI_0/U0/YK71_Tracker_AXI_slave_lite_v1_0_S00_AXI_inst/YK71_Core_Inst/energy_late_out_reg[18]/CE (clocked by clk_fpga_0). Large setup violations at the end of those stages might be difficult to fix during the post-placement implementation flow and could be the result of non-optimal XDC constraints or non-optimal design architecture
Related violations: <none>

TIMING-16#199 Warning
Large setup violation  
There is a large setup violation of -2.178 ns between DB_i/dongbo_0/U0/sync_out_reg/C (clocked by clk_out1_DB_clk_wiz_0_0) and DB_i/YK71_Tracker_AXI_0/U0/YK71_Tracker_AXI_slave_lite_v1_0_S00_AXI_inst/YK71_Core_Inst/energy_late_out_reg[19]/CE (clocked by clk_fpga_0). Large setup violations at the end of those stages might be difficult to fix during the post-placement implementation flow and could be the result of non-optimal XDC constraints or non-optimal design architecture
Related violations: <none>

TIMING-16#200 Warning
Large setup violation  
There is a large setup violation of -2.178 ns between DB_i/dongbo_0/U0/sync_out_reg/C (clocked by clk_out1_DB_clk_wiz_0_0) and DB_i/YK71_Tracker_AXI_0/U0/YK71_Tracker_AXI_slave_lite_v1_0_S00_AXI_inst/YK71_Core_Inst/energy_late_out_reg[1]/CE (clocked by clk_fpga_0). Large setup violations at the end of those stages might be difficult to fix during the post-placement implementation flow and could be the result of non-optimal XDC constraints or non-optimal design architecture
Related violations: <none>

TIMING-16#201 Warning
Large setup violation  
There is a large setup violation of -2.178 ns between DB_i/dongbo_0/U0/sync_out_reg/C (clocked by clk_out1_DB_clk_wiz_0_0) and DB_i/YK71_Tracker_AXI_0/U0/YK71_Tracker_AXI_slave_lite_v1_0_S00_AXI_inst/YK71_Core_Inst/energy_late_out_reg[20]/CE (clocked by clk_fpga_0). Large setup violations at the end of those stages might be difficult to fix during the post-placement implementation flow and could be the result of non-optimal XDC constraints or non-optimal design architecture
Related violations: <none>

TIMING-16#202 Warning
Large setup violation  
There is a large setup violation of -2.178 ns between DB_i/dongbo_0/U0/sync_out_reg/C (clocked by clk_out1_DB_clk_wiz_0_0) and DB_i/YK71_Tracker_AXI_0/U0/YK71_Tracker_AXI_slave_lite_v1_0_S00_AXI_inst/YK71_Core_Inst/energy_late_out_reg[21]/CE (clocked by clk_fpga_0). Large setup violations at the end of those stages might be difficult to fix during the post-placement implementation flow and could be the result of non-optimal XDC constraints or non-optimal design architecture
Related violations: <none>

TIMING-16#203 Warning
Large setup violation  
There is a large setup violation of -2.178 ns between DB_i/dongbo_0/U0/sync_out_reg/C (clocked by clk_out1_DB_clk_wiz_0_0) and DB_i/YK71_Tracker_AXI_0/U0/YK71_Tracker_AXI_slave_lite_v1_0_S00_AXI_inst/YK71_Core_Inst/energy_late_out_reg[22]/CE (clocked by clk_fpga_0). Large setup violations at the end of those stages might be difficult to fix during the post-placement implementation flow and could be the result of non-optimal XDC constraints or non-optimal design architecture
Related violations: <none>

TIMING-16#204 Warning
Large setup violation  
There is a large setup violation of -2.178 ns between DB_i/dongbo_0/U0/sync_out_reg/C (clocked by clk_out1_DB_clk_wiz_0_0) and DB_i/YK71_Tracker_AXI_0/U0/YK71_Tracker_AXI_slave_lite_v1_0_S00_AXI_inst/YK71_Core_Inst/energy_late_out_reg[24]/CE (clocked by clk_fpga_0). Large setup violations at the end of those stages might be difficult to fix during the post-placement implementation flow and could be the result of non-optimal XDC constraints or non-optimal design architecture
Related violations: <none>

TIMING-16#205 Warning
Large setup violation  
There is a large setup violation of -2.178 ns between DB_i/dongbo_0/U0/sync_out_reg/C (clocked by clk_out1_DB_clk_wiz_0_0) and DB_i/YK71_Tracker_AXI_0/U0/YK71_Tracker_AXI_slave_lite_v1_0_S00_AXI_inst/YK71_Core_Inst/energy_late_out_reg[3]/CE (clocked by clk_fpga_0). Large setup violations at the end of those stages might be difficult to fix during the post-placement implementation flow and could be the result of non-optimal XDC constraints or non-optimal design architecture
Related violations: <none>

TIMING-16#206 Warning
Large setup violation  
There is a large setup violation of -2.180 ns between DB_i/dongbo_0/U0/sync_out_reg/C (clocked by clk_out1_DB_clk_wiz_0_0) and DB_i/YK71_Tracker_AXI_0/U0/YK71_Tracker_AXI_slave_lite_v1_0_S00_AXI_inst/YK71_Core_Inst/energy_early_out_reg[21]/CE (clocked by clk_fpga_0). Large setup violations at the end of those stages might be difficult to fix during the post-placement implementation flow and could be the result of non-optimal XDC constraints or non-optimal design architecture
Related violations: <none>

TIMING-16#207 Warning
Large setup violation  
There is a large setup violation of -2.180 ns between DB_i/dongbo_0/U0/sync_out_reg/C (clocked by clk_out1_DB_clk_wiz_0_0) and DB_i/YK71_Tracker_AXI_0/U0/YK71_Tracker_AXI_slave_lite_v1_0_S00_AXI_inst/YK71_Core_Inst/energy_early_out_reg[22]/CE (clocked by clk_fpga_0). Large setup violations at the end of those stages might be difficult to fix during the post-placement implementation flow and could be the result of non-optimal XDC constraints or non-optimal design architecture
Related violations: <none>

TIMING-16#208 Warning
Large setup violation  
There is a large setup violation of -2.180 ns between DB_i/dongbo_0/U0/sync_out_reg/C (clocked by clk_out1_DB_clk_wiz_0_0) and DB_i/YK71_Tracker_AXI_0/U0/YK71_Tracker_AXI_slave_lite_v1_0_S00_AXI_inst/YK71_Core_Inst/energy_early_out_reg[23]/CE (clocked by clk_fpga_0). Large setup violations at the end of those stages might be difficult to fix during the post-placement implementation flow and could be the result of non-optimal XDC constraints or non-optimal design architecture
Related violations: <none>

TIMING-16#209 Warning
Large setup violation  
There is a large setup violation of -2.180 ns between DB_i/dongbo_0/U0/sync_out_reg/C (clocked by clk_out1_DB_clk_wiz_0_0) and DB_i/YK71_Tracker_AXI_0/U0/YK71_Tracker_AXI_slave_lite_v1_0_S00_AXI_inst/YK71_Core_Inst/energy_early_out_reg[24]/CE (clocked by clk_fpga_0). Large setup violations at the end of those stages might be difficult to fix during the post-placement implementation flow and could be the result of non-optimal XDC constraints or non-optimal design architecture
Related violations: <none>

TIMING-16#210 Warning
Large setup violation  
There is a large setup violation of -2.180 ns between DB_i/dongbo_0/U0/sync_out_reg/C (clocked by clk_out1_DB_clk_wiz_0_0) and DB_i/YK71_Tracker_AXI_0/U0/YK71_Tracker_AXI_slave_lite_v1_0_S00_AXI_inst/YK71_Core_Inst/energy_early_out_reg[25]/CE (clocked by clk_fpga_0). Large setup violations at the end of those stages might be difficult to fix during the post-placement implementation flow and could be the result of non-optimal XDC constraints or non-optimal design architecture
Related violations: <none>

TIMING-16#211 Warning
Large setup violation  
There is a large setup violation of -2.180 ns between DB_i/dongbo_0/U0/sync_out_reg/C (clocked by clk_out1_DB_clk_wiz_0_0) and DB_i/YK71_Tracker_AXI_0/U0/YK71_Tracker_AXI_slave_lite_v1_0_S00_AXI_inst/YK71_Core_Inst/energy_early_out_reg[26]/CE (clocked by clk_fpga_0). Large setup violations at the end of those stages might be difficult to fix during the post-placement implementation flow and could be the result of non-optimal XDC constraints or non-optimal design architecture
Related violations: <none>

TIMING-16#212 Warning
Large setup violation  
There is a large setup violation of -2.180 ns between DB_i/dongbo_0/U0/sync_out_reg/C (clocked by clk_out1_DB_clk_wiz_0_0) and DB_i/YK71_Tracker_AXI_0/U0/YK71_Tracker_AXI_slave_lite_v1_0_S00_AXI_inst/YK71_Core_Inst/energy_early_out_reg[27]/CE (clocked by clk_fpga_0). Large setup violations at the end of those stages might be difficult to fix during the post-placement implementation flow and could be the result of non-optimal XDC constraints or non-optimal design architecture
Related violations: <none>

TIMING-16#213 Warning
Large setup violation  
There is a large setup violation of -2.180 ns between DB_i/dongbo_0/U0/sync_out_reg/C (clocked by clk_out1_DB_clk_wiz_0_0) and DB_i/YK71_Tracker_AXI_0/U0/YK71_Tracker_AXI_slave_lite_v1_0_S00_AXI_inst/YK71_Core_Inst/energy_late_out_reg[4]/CE (clocked by clk_fpga_0). Large setup violations at the end of those stages might be difficult to fix during the post-placement implementation flow and could be the result of non-optimal XDC constraints or non-optimal design architecture
Related violations: <none>

TIMING-16#214 Warning
Large setup violation  
There is a large setup violation of -2.202 ns between DB_i/dongbo_0/U0/sync_out_reg/C (clocked by clk_out1_DB_clk_wiz_0_0) and DB_i/YK71_Tracker_AXI_0/U0/YK71_Tracker_AXI_slave_lite_v1_0_S00_AXI_inst/YK71_Core_Inst/energy_early_out_reg[18]/CE (clocked by clk_fpga_0). Large setup violations at the end of those stages might be difficult to fix during the post-placement implementation flow and could be the result of non-optimal XDC constraints or non-optimal design architecture
Related violations: <none>

TIMING-16#215 Warning
Large setup violation  
There is a large setup violation of -2.202 ns between DB_i/dongbo_0/U0/sync_out_reg/C (clocked by clk_out1_DB_clk_wiz_0_0) and DB_i/YK71_Tracker_AXI_0/U0/YK71_Tracker_AXI_slave_lite_v1_0_S00_AXI_inst/YK71_Core_Inst/energy_early_out_reg[19]/CE (clocked by clk_fpga_0). Large setup violations at the end of those stages might be difficult to fix during the post-placement implementation flow and could be the result of non-optimal XDC constraints or non-optimal design architecture
Related violations: <none>

TIMING-16#216 Warning
Large setup violation  
There is a large setup violation of -2.202 ns between DB_i/dongbo_0/U0/sync_out_reg/C (clocked by clk_out1_DB_clk_wiz_0_0) and DB_i/YK71_Tracker_AXI_0/U0/YK71_Tracker_AXI_slave_lite_v1_0_S00_AXI_inst/YK71_Core_Inst/energy_early_out_reg[1]/CE (clocked by clk_fpga_0). Large setup violations at the end of those stages might be difficult to fix during the post-placement implementation flow and could be the result of non-optimal XDC constraints or non-optimal design architecture
Related violations: <none>

TIMING-16#217 Warning
Large setup violation  
There is a large setup violation of -2.202 ns between DB_i/dongbo_0/U0/sync_out_reg/C (clocked by clk_out1_DB_clk_wiz_0_0) and DB_i/YK71_Tracker_AXI_0/U0/YK71_Tracker_AXI_slave_lite_v1_0_S00_AXI_inst/YK71_Core_Inst/energy_early_out_reg[7]/CE (clocked by clk_fpga_0). Large setup violations at the end of those stages might be difficult to fix during the post-placement implementation flow and could be the result of non-optimal XDC constraints or non-optimal design architecture
Related violations: <none>

TIMING-16#218 Warning
Large setup violation  
There is a large setup violation of -2.202 ns between DB_i/dongbo_0/U0/sync_out_reg/C (clocked by clk_out1_DB_clk_wiz_0_0) and DB_i/YK71_Tracker_AXI_0/U0/YK71_Tracker_AXI_slave_lite_v1_0_S00_AXI_inst/YK71_Core_Inst/energy_early_out_reg[8]/CE (clocked by clk_fpga_0). Large setup violations at the end of those stages might be difficult to fix during the post-placement implementation flow and could be the result of non-optimal XDC constraints or non-optimal design architecture
Related violations: <none>

TIMING-16#219 Warning
Large setup violation  
There is a large setup violation of -2.202 ns between DB_i/dongbo_0/U0/sync_out_reg/C (clocked by clk_out1_DB_clk_wiz_0_0) and DB_i/YK71_Tracker_AXI_0/U0/YK71_Tracker_AXI_slave_lite_v1_0_S00_AXI_inst/YK71_Core_Inst/energy_late_out_reg[10]/CE (clocked by clk_fpga_0). Large setup violations at the end of those stages might be difficult to fix during the post-placement implementation flow and could be the result of non-optimal XDC constraints or non-optimal design architecture
Related violations: <none>

TIMING-16#220 Warning
Large setup violation  
There is a large setup violation of -2.202 ns between DB_i/dongbo_0/U0/sync_out_reg/C (clocked by clk_out1_DB_clk_wiz_0_0) and DB_i/YK71_Tracker_AXI_0/U0/YK71_Tracker_AXI_slave_lite_v1_0_S00_AXI_inst/YK71_Core_Inst/energy_late_out_reg[11]/CE (clocked by clk_fpga_0). Large setup violations at the end of those stages might be difficult to fix during the post-placement implementation flow and could be the result of non-optimal XDC constraints or non-optimal design architecture
Related violations: <none>

TIMING-16#221 Warning
Large setup violation  
There is a large setup violation of -2.202 ns between DB_i/dongbo_0/U0/sync_out_reg/C (clocked by clk_out1_DB_clk_wiz_0_0) and DB_i/YK71_Tracker_AXI_0/U0/YK71_Tracker_AXI_slave_lite_v1_0_S00_AXI_inst/YK71_Core_Inst/energy_late_out_reg[12]/CE (clocked by clk_fpga_0). Large setup violations at the end of those stages might be difficult to fix during the post-placement implementation flow and could be the result of non-optimal XDC constraints or non-optimal design architecture
Related violations: <none>

TIMING-16#222 Warning
Large setup violation  
There is a large setup violation of -2.244 ns between DB_i/dongbo_0/U0/sync_out_reg/C (clocked by clk_out1_DB_clk_wiz_0_0) and DB_i/YK71_Tracker_AXI_0/U0/YK71_Tracker_AXI_slave_lite_v1_0_S00_AXI_inst/YK71_Core_Inst/energy_early_out_reg[20]/CE (clocked by clk_fpga_0). Large setup violations at the end of those stages might be difficult to fix during the post-placement implementation flow and could be the result of non-optimal XDC constraints or non-optimal design architecture
Related violations: <none>

TIMING-16#223 Warning
Large setup violation  
There is a large setup violation of -2.244 ns between DB_i/dongbo_0/U0/sync_out_reg/C (clocked by clk_out1_DB_clk_wiz_0_0) and DB_i/YK71_Tracker_AXI_0/U0/YK71_Tracker_AXI_slave_lite_v1_0_S00_AXI_inst/YK71_Core_Inst/energy_late_out_reg[26]/CE (clocked by clk_fpga_0). Large setup violations at the end of those stages might be difficult to fix during the post-placement implementation flow and could be the result of non-optimal XDC constraints or non-optimal design architecture
Related violations: <none>

TIMING-16#224 Warning
Large setup violation  
There is a large setup violation of -2.244 ns between DB_i/dongbo_0/U0/sync_out_reg/C (clocked by clk_out1_DB_clk_wiz_0_0) and DB_i/YK71_Tracker_AXI_0/U0/YK71_Tracker_AXI_slave_lite_v1_0_S00_AXI_inst/YK71_Core_Inst/energy_late_out_reg[6]/CE (clocked by clk_fpga_0). Large setup violations at the end of those stages might be difficult to fix during the post-placement implementation flow and could be the result of non-optimal XDC constraints or non-optimal design architecture
Related violations: <none>

TIMING-16#225 Warning
Large setup violation  
There is a large setup violation of -2.244 ns between DB_i/dongbo_0/U0/sync_out_reg/C (clocked by clk_out1_DB_clk_wiz_0_0) and DB_i/YK71_Tracker_AXI_0/U0/YK71_Tracker_AXI_slave_lite_v1_0_S00_AXI_inst/YK71_Core_Inst/energy_late_out_reg[8]/CE (clocked by clk_fpga_0). Large setup violations at the end of those stages might be difficult to fix during the post-placement implementation flow and could be the result of non-optimal XDC constraints or non-optimal design architecture
Related violations: <none>

TIMING-16#226 Warning
Large setup violation  
There is a large setup violation of -2.276 ns between DB_i/dongbo_0/U0/sync_out_reg/C (clocked by clk_out1_DB_clk_wiz_0_0) and DB_i/YK71_Tracker_AXI_0/U0/YK71_Tracker_AXI_slave_lite_v1_0_S00_AXI_inst/YK71_Core_Inst/energy_early_out_reg[16]/CE (clocked by clk_fpga_0). Large setup violations at the end of those stages might be difficult to fix during the post-placement implementation flow and could be the result of non-optimal XDC constraints or non-optimal design architecture
Related violations: <none>

TIMING-16#227 Warning
Large setup violation  
There is a large setup violation of -2.276 ns between DB_i/dongbo_0/U0/sync_out_reg/C (clocked by clk_out1_DB_clk_wiz_0_0) and DB_i/YK71_Tracker_AXI_0/U0/YK71_Tracker_AXI_slave_lite_v1_0_S00_AXI_inst/YK71_Core_Inst/energy_early_out_reg[17]/CE (clocked by clk_fpga_0). Large setup violations at the end of those stages might be difficult to fix during the post-placement implementation flow and could be the result of non-optimal XDC constraints or non-optimal design architecture
Related violations: <none>

TIMING-16#228 Warning
Large setup violation  
There is a large setup violation of -2.276 ns between DB_i/dongbo_0/U0/sync_out_reg/C (clocked by clk_out1_DB_clk_wiz_0_0) and DB_i/YK71_Tracker_AXI_0/U0/YK71_Tracker_AXI_slave_lite_v1_0_S00_AXI_inst/YK71_Core_Inst/energy_early_out_reg[31]/CE (clocked by clk_fpga_0). Large setup violations at the end of those stages might be difficult to fix during the post-placement implementation flow and could be the result of non-optimal XDC constraints or non-optimal design architecture
Related violations: <none>

TIMING-16#229 Warning
Large setup violation  
There is a large setup violation of -2.276 ns between DB_i/dongbo_0/U0/sync_out_reg/C (clocked by clk_out1_DB_clk_wiz_0_0) and DB_i/YK71_Tracker_AXI_0/U0/YK71_Tracker_AXI_slave_lite_v1_0_S00_AXI_inst/YK71_Core_Inst/energy_late_out_reg[0]/CE (clocked by clk_fpga_0). Large setup violations at the end of those stages might be difficult to fix during the post-placement implementation flow and could be the result of non-optimal XDC constraints or non-optimal design architecture
Related violations: <none>

TIMING-16#230 Warning
Large setup violation  
There is a large setup violation of -2.303 ns between DB_i/dongbo_0/U0/sync_out_reg/C (clocked by clk_out1_DB_clk_wiz_0_0) and DB_i/YK71_Tracker_AXI_0/U0/YK71_Tracker_AXI_slave_lite_v1_0_S00_AXI_inst/YK71_Core_Inst/energy_early_out_reg[10]/CE (clocked by clk_fpga_0). Large setup violations at the end of those stages might be difficult to fix during the post-placement implementation flow and could be the result of non-optimal XDC constraints or non-optimal design architecture
Related violations: <none>

TIMING-16#231 Warning
Large setup violation  
There is a large setup violation of -2.303 ns between DB_i/dongbo_0/U0/sync_out_reg/C (clocked by clk_out1_DB_clk_wiz_0_0) and DB_i/YK71_Tracker_AXI_0/U0/YK71_Tracker_AXI_slave_lite_v1_0_S00_AXI_inst/YK71_Core_Inst/energy_early_out_reg[11]/CE (clocked by clk_fpga_0). Large setup violations at the end of those stages might be difficult to fix during the post-placement implementation flow and could be the result of non-optimal XDC constraints or non-optimal design architecture
Related violations: <none>

TIMING-16#232 Warning
Large setup violation  
There is a large setup violation of -2.303 ns between DB_i/dongbo_0/U0/sync_out_reg/C (clocked by clk_out1_DB_clk_wiz_0_0) and DB_i/YK71_Tracker_AXI_0/U0/YK71_Tracker_AXI_slave_lite_v1_0_S00_AXI_inst/YK71_Core_Inst/energy_early_out_reg[12]/CE (clocked by clk_fpga_0). Large setup violations at the end of those stages might be difficult to fix during the post-placement implementation flow and could be the result of non-optimal XDC constraints or non-optimal design architecture
Related violations: <none>

TIMING-16#233 Warning
Large setup violation  
There is a large setup violation of -2.303 ns between DB_i/dongbo_0/U0/sync_out_reg/C (clocked by clk_out1_DB_clk_wiz_0_0) and DB_i/YK71_Tracker_AXI_0/U0/YK71_Tracker_AXI_slave_lite_v1_0_S00_AXI_inst/YK71_Core_Inst/energy_early_out_reg[13]/CE (clocked by clk_fpga_0). Large setup violations at the end of those stages might be difficult to fix during the post-placement implementation flow and could be the result of non-optimal XDC constraints or non-optimal design architecture
Related violations: <none>

TIMING-16#234 Warning
Large setup violation  
There is a large setup violation of -2.304 ns between DB_i/dongbo_0/U0/sync_out_reg/C (clocked by clk_out1_DB_clk_wiz_0_0) and DB_i/YK71_Tracker_AXI_0/U0/YK71_Tracker_AXI_slave_lite_v1_0_S00_AXI_inst/YK71_Core_Inst/energy_early_out_reg[29]/CE (clocked by clk_fpga_0). Large setup violations at the end of those stages might be difficult to fix during the post-placement implementation flow and could be the result of non-optimal XDC constraints or non-optimal design architecture
Related violations: <none>

TIMING-16#235 Warning
Large setup violation  
There is a large setup violation of -2.304 ns between DB_i/dongbo_0/U0/sync_out_reg/C (clocked by clk_out1_DB_clk_wiz_0_0) and DB_i/YK71_Tracker_AXI_0/U0/YK71_Tracker_AXI_slave_lite_v1_0_S00_AXI_inst/YK71_Core_Inst/energy_late_out_reg[13]/CE (clocked by clk_fpga_0). Large setup violations at the end of those stages might be difficult to fix during the post-placement implementation flow and could be the result of non-optimal XDC constraints or non-optimal design architecture
Related violations: <none>

TIMING-16#236 Warning
Large setup violation  
There is a large setup violation of -2.304 ns between DB_i/dongbo_0/U0/sync_out_reg/C (clocked by clk_out1_DB_clk_wiz_0_0) and DB_i/YK71_Tracker_AXI_0/U0/YK71_Tracker_AXI_slave_lite_v1_0_S00_AXI_inst/YK71_Core_Inst/energy_late_out_reg[2]/CE (clocked by clk_fpga_0). Large setup violations at the end of those stages might be difficult to fix during the post-placement implementation flow and could be the result of non-optimal XDC constraints or non-optimal design architecture
Related violations: <none>

TIMING-16#237 Warning
Large setup violation  
There is a large setup violation of -2.309 ns between DB_i/dongbo_0/U0/sync_out_reg/C (clocked by clk_out1_DB_clk_wiz_0_0) and DB_i/YK71_Tracker_AXI_0/U0/YK71_Tracker_AXI_slave_lite_v1_0_S00_AXI_inst/YK71_Core_Inst/energy_early_out_reg[28]/CE (clocked by clk_fpga_0). Large setup violations at the end of those stages might be difficult to fix during the post-placement implementation flow and could be the result of non-optimal XDC constraints or non-optimal design architecture
Related violations: <none>

TIMING-16#238 Warning
Large setup violation  
There is a large setup violation of -2.309 ns between DB_i/dongbo_0/U0/sync_out_reg/C (clocked by clk_out1_DB_clk_wiz_0_0) and DB_i/YK71_Tracker_AXI_0/U0/YK71_Tracker_AXI_slave_lite_v1_0_S00_AXI_inst/YK71_Core_Inst/energy_early_out_reg[2]/CE (clocked by clk_fpga_0). Large setup violations at the end of those stages might be difficult to fix during the post-placement implementation flow and could be the result of non-optimal XDC constraints or non-optimal design architecture
Related violations: <none>

TIMING-16#239 Warning
Large setup violation  
There is a large setup violation of -2.309 ns between DB_i/dongbo_0/U0/sync_out_reg/C (clocked by clk_out1_DB_clk_wiz_0_0) and DB_i/YK71_Tracker_AXI_0/U0/YK71_Tracker_AXI_slave_lite_v1_0_S00_AXI_inst/YK71_Core_Inst/energy_early_out_reg[3]/CE (clocked by clk_fpga_0). Large setup violations at the end of those stages might be difficult to fix during the post-placement implementation flow and could be the result of non-optimal XDC constraints or non-optimal design architecture
Related violations: <none>

TIMING-16#240 Warning
Large setup violation  
There is a large setup violation of -2.309 ns between DB_i/dongbo_0/U0/sync_out_reg/C (clocked by clk_out1_DB_clk_wiz_0_0) and DB_i/YK71_Tracker_AXI_0/U0/YK71_Tracker_AXI_slave_lite_v1_0_S00_AXI_inst/YK71_Core_Inst/energy_early_out_reg[4]/CE (clocked by clk_fpga_0). Large setup violations at the end of those stages might be difficult to fix during the post-placement implementation flow and could be the result of non-optimal XDC constraints or non-optimal design architecture
Related violations: <none>

TIMING-16#241 Warning
Large setup violation  
There is a large setup violation of -2.309 ns between DB_i/dongbo_0/U0/sync_out_reg/C (clocked by clk_out1_DB_clk_wiz_0_0) and DB_i/YK71_Tracker_AXI_0/U0/YK71_Tracker_AXI_slave_lite_v1_0_S00_AXI_inst/YK71_Core_Inst/energy_early_out_reg[6]/CE (clocked by clk_fpga_0). Large setup violations at the end of those stages might be difficult to fix during the post-placement implementation flow and could be the result of non-optimal XDC constraints or non-optimal design architecture
Related violations: <none>

TIMING-16#242 Warning
Large setup violation  
There is a large setup violation of -2.309 ns between DB_i/dongbo_0/U0/sync_out_reg/C (clocked by clk_out1_DB_clk_wiz_0_0) and DB_i/YK71_Tracker_AXI_0/U0/YK71_Tracker_AXI_slave_lite_v1_0_S00_AXI_inst/YK71_Core_Inst/energy_early_out_reg[9]/CE (clocked by clk_fpga_0). Large setup violations at the end of those stages might be difficult to fix during the post-placement implementation flow and could be the result of non-optimal XDC constraints or non-optimal design architecture
Related violations: <none>

TIMING-16#243 Warning
Large setup violation  
There is a large setup violation of -2.309 ns between DB_i/dongbo_0/U0/sync_out_reg/C (clocked by clk_out1_DB_clk_wiz_0_0) and DB_i/YK71_Tracker_AXI_0/U0/YK71_Tracker_AXI_slave_lite_v1_0_S00_AXI_inst/YK71_Core_Inst/energy_late_out_reg[23]/CE (clocked by clk_fpga_0). Large setup violations at the end of those stages might be difficult to fix during the post-placement implementation flow and could be the result of non-optimal XDC constraints or non-optimal design architecture
Related violations: <none>

TIMING-16#244 Warning
Large setup violation  
There is a large setup violation of -2.309 ns between DB_i/dongbo_0/U0/sync_out_reg/C (clocked by clk_out1_DB_clk_wiz_0_0) and DB_i/YK71_Tracker_AXI_0/U0/YK71_Tracker_AXI_slave_lite_v1_0_S00_AXI_inst/YK71_Core_Inst/energy_late_out_reg[5]/CE (clocked by clk_fpga_0). Large setup violations at the end of those stages might be difficult to fix during the post-placement implementation flow and could be the result of non-optimal XDC constraints or non-optimal design architecture
Related violations: <none>

TIMING-16#245 Warning
Large setup violation  
There is a large setup violation of -2.312 ns between DB_i/dongbo_0/U0/sync_out_reg/C (clocked by clk_out1_DB_clk_wiz_0_0) and DB_i/YK71_Tracker_AXI_0/U0/YK71_Tracker_AXI_slave_lite_v1_0_S00_AXI_inst/YK71_Core_Inst/energy_late_out_reg[16]/CE (clocked by clk_fpga_0). Large setup violations at the end of those stages might be difficult to fix during the post-placement implementation flow and could be the result of non-optimal XDC constraints or non-optimal design architecture
Related violations: <none>

TIMING-16#246 Warning
Large setup violation  
There is a large setup violation of -2.312 ns between DB_i/dongbo_0/U0/sync_out_reg/C (clocked by clk_out1_DB_clk_wiz_0_0) and DB_i/YK71_Tracker_AXI_0/U0/YK71_Tracker_AXI_slave_lite_v1_0_S00_AXI_inst/YK71_Core_Inst/energy_late_out_reg[27]/CE (clocked by clk_fpga_0). Large setup violations at the end of those stages might be difficult to fix during the post-placement implementation flow and could be the result of non-optimal XDC constraints or non-optimal design architecture
Related violations: <none>

TIMING-16#247 Warning
Large setup violation  
There is a large setup violation of -2.312 ns between DB_i/dongbo_0/U0/sync_out_reg/C (clocked by clk_out1_DB_clk_wiz_0_0) and DB_i/YK71_Tracker_AXI_0/U0/YK71_Tracker_AXI_slave_lite_v1_0_S00_AXI_inst/YK71_Core_Inst/energy_late_out_reg[28]/CE (clocked by clk_fpga_0). Large setup violations at the end of those stages might be difficult to fix during the post-placement implementation flow and could be the result of non-optimal XDC constraints or non-optimal design architecture
Related violations: <none>

TIMING-16#248 Warning
Large setup violation  
There is a large setup violation of -2.312 ns between DB_i/dongbo_0/U0/sync_out_reg/C (clocked by clk_out1_DB_clk_wiz_0_0) and DB_i/YK71_Tracker_AXI_0/U0/YK71_Tracker_AXI_slave_lite_v1_0_S00_AXI_inst/YK71_Core_Inst/energy_late_out_reg[29]/CE (clocked by clk_fpga_0). Large setup violations at the end of those stages might be difficult to fix during the post-placement implementation flow and could be the result of non-optimal XDC constraints or non-optimal design architecture
Related violations: <none>

TIMING-16#249 Warning
Large setup violation  
There is a large setup violation of -2.321 ns between DB_i/dongbo_0/U0/sync_out_reg/C (clocked by clk_out1_DB_clk_wiz_0_0) and DB_i/YK71_Tracker_AXI_0/U0/YK71_Tracker_AXI_slave_lite_v1_0_S00_AXI_inst/YK71_Core_Inst/energy_early_out_reg[5]/CE (clocked by clk_fpga_0). Large setup violations at the end of those stages might be difficult to fix during the post-placement implementation flow and could be the result of non-optimal XDC constraints or non-optimal design architecture
Related violations: <none>

TIMING-16#250 Warning
Large setup violation  
There is a large setup violation of -2.340 ns between DB_i/dongbo_0/U0/sync_out_reg/C (clocked by clk_out1_DB_clk_wiz_0_0) and DB_i/YK71_Tracker_AXI_0/U0/YK71_Tracker_AXI_slave_lite_v1_0_S00_AXI_inst/YK71_Core_Inst/cp3_limit_reg[0]/CE (clocked by clk_fpga_0). Large setup violations at the end of those stages might be difficult to fix during the post-placement implementation flow and could be the result of non-optimal XDC constraints or non-optimal design architecture
Related violations: <none>

TIMING-16#251 Warning
Large setup violation  
There is a large setup violation of -2.340 ns between DB_i/dongbo_0/U0/sync_out_reg/C (clocked by clk_out1_DB_clk_wiz_0_0) and DB_i/YK71_Tracker_AXI_0/U0/YK71_Tracker_AXI_slave_lite_v1_0_S00_AXI_inst/YK71_Core_Inst/cp3_limit_reg[10]/CE (clocked by clk_fpga_0). Large setup violations at the end of those stages might be difficult to fix during the post-placement implementation flow and could be the result of non-optimal XDC constraints or non-optimal design architecture
Related violations: <none>

TIMING-16#252 Warning
Large setup violation  
There is a large setup violation of -2.340 ns between DB_i/dongbo_0/U0/sync_out_reg/C (clocked by clk_out1_DB_clk_wiz_0_0) and DB_i/YK71_Tracker_AXI_0/U0/YK71_Tracker_AXI_slave_lite_v1_0_S00_AXI_inst/YK71_Core_Inst/cp3_limit_reg[11]/CE (clocked by clk_fpga_0). Large setup violations at the end of those stages might be difficult to fix during the post-placement implementation flow and could be the result of non-optimal XDC constraints or non-optimal design architecture
Related violations: <none>

TIMING-16#253 Warning
Large setup violation  
There is a large setup violation of -2.340 ns between DB_i/dongbo_0/U0/sync_out_reg/C (clocked by clk_out1_DB_clk_wiz_0_0) and DB_i/YK71_Tracker_AXI_0/U0/YK71_Tracker_AXI_slave_lite_v1_0_S00_AXI_inst/YK71_Core_Inst/cp3_limit_reg[13]/CE (clocked by clk_fpga_0). Large setup violations at the end of those stages might be difficult to fix during the post-placement implementation flow and could be the result of non-optimal XDC constraints or non-optimal design architecture
Related violations: <none>

TIMING-16#254 Warning
Large setup violation  
There is a large setup violation of -2.340 ns between DB_i/dongbo_0/U0/sync_out_reg/C (clocked by clk_out1_DB_clk_wiz_0_0) and DB_i/YK71_Tracker_AXI_0/U0/YK71_Tracker_AXI_slave_lite_v1_0_S00_AXI_inst/YK71_Core_Inst/cp3_limit_reg[16]/CE (clocked by clk_fpga_0). Large setup violations at the end of those stages might be difficult to fix during the post-placement implementation flow and could be the result of non-optimal XDC constraints or non-optimal design architecture
Related violations: <none>

TIMING-16#255 Warning
Large setup violation  
There is a large setup violation of -2.340 ns between DB_i/dongbo_0/U0/sync_out_reg/C (clocked by clk_out1_DB_clk_wiz_0_0) and DB_i/YK71_Tracker_AXI_0/U0/YK71_Tracker_AXI_slave_lite_v1_0_S00_AXI_inst/YK71_Core_Inst/cp3_limit_reg[17]/CE (clocked by clk_fpga_0). Large setup violations at the end of those stages might be difficult to fix during the post-placement implementation flow and could be the result of non-optimal XDC constraints or non-optimal design architecture
Related violations: <none>

TIMING-16#256 Warning
Large setup violation  
There is a large setup violation of -2.340 ns between DB_i/dongbo_0/U0/sync_out_reg/C (clocked by clk_out1_DB_clk_wiz_0_0) and DB_i/YK71_Tracker_AXI_0/U0/YK71_Tracker_AXI_slave_lite_v1_0_S00_AXI_inst/YK71_Core_Inst/cp3_limit_reg[27]/CE (clocked by clk_fpga_0). Large setup violations at the end of those stages might be difficult to fix during the post-placement implementation flow and could be the result of non-optimal XDC constraints or non-optimal design architecture
Related violations: <none>

TIMING-16#257 Warning
Large setup violation  
There is a large setup violation of -2.340 ns between DB_i/dongbo_0/U0/sync_out_reg/C (clocked by clk_out1_DB_clk_wiz_0_0) and DB_i/YK71_Tracker_AXI_0/U0/YK71_Tracker_AXI_slave_lite_v1_0_S00_AXI_inst/YK71_Core_Inst/cp3_limit_reg[9]/CE (clocked by clk_fpga_0). Large setup violations at the end of those stages might be difficult to fix during the post-placement implementation flow and could be the result of non-optimal XDC constraints or non-optimal design architecture
Related violations: <none>

TIMING-16#258 Warning
Large setup violation  
There is a large setup violation of -2.389 ns between DB_i/dongbo_0/U0/sync_out_reg/C (clocked by clk_out1_DB_clk_wiz_0_0) and DB_i/YK71_Tracker_AXI_0/U0/YK71_Tracker_AXI_slave_lite_v1_0_S00_AXI_inst/YK71_Core_Inst/cycle_cnt_reg[10]/R (clocked by clk_fpga_0). Large setup violations at the end of those stages might be difficult to fix during the post-placement implementation flow and could be the result of non-optimal XDC constraints or non-optimal design architecture
Related violations: <none>

TIMING-16#259 Warning
Large setup violation  
There is a large setup violation of -2.389 ns between DB_i/dongbo_0/U0/sync_out_reg/C (clocked by clk_out1_DB_clk_wiz_0_0) and DB_i/YK71_Tracker_AXI_0/U0/YK71_Tracker_AXI_slave_lite_v1_0_S00_AXI_inst/YK71_Core_Inst/cycle_cnt_reg[11]/R (clocked by clk_fpga_0). Large setup violations at the end of those stages might be difficult to fix during the post-placement implementation flow and could be the result of non-optimal XDC constraints or non-optimal design architecture
Related violations: <none>

TIMING-16#260 Warning
Large setup violation  
There is a large setup violation of -2.389 ns between DB_i/dongbo_0/U0/sync_out_reg/C (clocked by clk_out1_DB_clk_wiz_0_0) and DB_i/YK71_Tracker_AXI_0/U0/YK71_Tracker_AXI_slave_lite_v1_0_S00_AXI_inst/YK71_Core_Inst/cycle_cnt_reg[16]/R (clocked by clk_fpga_0). Large setup violations at the end of those stages might be difficult to fix during the post-placement implementation flow and could be the result of non-optimal XDC constraints or non-optimal design architecture
Related violations: <none>

TIMING-16#261 Warning
Large setup violation  
There is a large setup violation of -2.389 ns between DB_i/dongbo_0/U0/sync_out_reg/C (clocked by clk_out1_DB_clk_wiz_0_0) and DB_i/YK71_Tracker_AXI_0/U0/YK71_Tracker_AXI_slave_lite_v1_0_S00_AXI_inst/YK71_Core_Inst/cycle_cnt_reg[17]/R (clocked by clk_fpga_0). Large setup violations at the end of those stages might be difficult to fix during the post-placement implementation flow and could be the result of non-optimal XDC constraints or non-optimal design architecture
Related violations: <none>

TIMING-16#262 Warning
Large setup violation  
There is a large setup violation of -2.389 ns between DB_i/dongbo_0/U0/sync_out_reg/C (clocked by clk_out1_DB_clk_wiz_0_0) and DB_i/YK71_Tracker_AXI_0/U0/YK71_Tracker_AXI_slave_lite_v1_0_S00_AXI_inst/YK71_Core_Inst/cycle_cnt_reg[18]/R (clocked by clk_fpga_0). Large setup violations at the end of those stages might be difficult to fix during the post-placement implementation flow and could be the result of non-optimal XDC constraints or non-optimal design architecture
Related violations: <none>

TIMING-16#263 Warning
Large setup violation  
There is a large setup violation of -2.389 ns between DB_i/dongbo_0/U0/sync_out_reg/C (clocked by clk_out1_DB_clk_wiz_0_0) and DB_i/YK71_Tracker_AXI_0/U0/YK71_Tracker_AXI_slave_lite_v1_0_S00_AXI_inst/YK71_Core_Inst/cycle_cnt_reg[19]/R (clocked by clk_fpga_0). Large setup violations at the end of those stages might be difficult to fix during the post-placement implementation flow and could be the result of non-optimal XDC constraints or non-optimal design architecture
Related violations: <none>

TIMING-16#264 Warning
Large setup violation  
There is a large setup violation of -2.389 ns between DB_i/dongbo_0/U0/sync_out_reg/C (clocked by clk_out1_DB_clk_wiz_0_0) and DB_i/YK71_Tracker_AXI_0/U0/YK71_Tracker_AXI_slave_lite_v1_0_S00_AXI_inst/YK71_Core_Inst/cycle_cnt_reg[8]/R (clocked by clk_fpga_0). Large setup violations at the end of those stages might be difficult to fix during the post-placement implementation flow and could be the result of non-optimal XDC constraints or non-optimal design architecture
Related violations: <none>

TIMING-16#265 Warning
Large setup violation  
There is a large setup violation of -2.389 ns between DB_i/dongbo_0/U0/sync_out_reg/C (clocked by clk_out1_DB_clk_wiz_0_0) and DB_i/YK71_Tracker_AXI_0/U0/YK71_Tracker_AXI_slave_lite_v1_0_S00_AXI_inst/YK71_Core_Inst/cycle_cnt_reg[9]/R (clocked by clk_fpga_0). Large setup violations at the end of those stages might be difficult to fix during the post-placement implementation flow and could be the result of non-optimal XDC constraints or non-optimal design architecture
Related violations: <none>

TIMING-16#266 Warning
Large setup violation  
There is a large setup violation of -2.390 ns between DB_i/dongbo_0/U0/sync_out_reg/C (clocked by clk_out1_DB_clk_wiz_0_0) and DB_i/YK71_Tracker_AXI_0/U0/YK71_Tracker_AXI_slave_lite_v1_0_S00_AXI_inst/YK71_Core_Inst/cycle_cnt_reg[28]/R (clocked by clk_fpga_0). Large setup violations at the end of those stages might be difficult to fix during the post-placement implementation flow and could be the result of non-optimal XDC constraints or non-optimal design architecture
Related violations: <none>

TIMING-16#267 Warning
Large setup violation  
There is a large setup violation of -2.390 ns between DB_i/dongbo_0/U0/sync_out_reg/C (clocked by clk_out1_DB_clk_wiz_0_0) and DB_i/YK71_Tracker_AXI_0/U0/YK71_Tracker_AXI_slave_lite_v1_0_S00_AXI_inst/YK71_Core_Inst/cycle_cnt_reg[29]/R (clocked by clk_fpga_0). Large setup violations at the end of those stages might be difficult to fix during the post-placement implementation flow and could be the result of non-optimal XDC constraints or non-optimal design architecture
Related violations: <none>

TIMING-16#268 Warning
Large setup violation  
There is a large setup violation of -2.390 ns between DB_i/dongbo_0/U0/sync_out_reg/C (clocked by clk_out1_DB_clk_wiz_0_0) and DB_i/YK71_Tracker_AXI_0/U0/YK71_Tracker_AXI_slave_lite_v1_0_S00_AXI_inst/YK71_Core_Inst/cycle_cnt_reg[30]/R (clocked by clk_fpga_0). Large setup violations at the end of those stages might be difficult to fix during the post-placement implementation flow and could be the result of non-optimal XDC constraints or non-optimal design architecture
Related violations: <none>

TIMING-16#269 Warning
Large setup violation  
There is a large setup violation of -2.390 ns between DB_i/dongbo_0/U0/sync_out_reg/C (clocked by clk_out1_DB_clk_wiz_0_0) and DB_i/YK71_Tracker_AXI_0/U0/YK71_Tracker_AXI_slave_lite_v1_0_S00_AXI_inst/YK71_Core_Inst/cycle_cnt_reg[31]/R (clocked by clk_fpga_0). Large setup violations at the end of those stages might be difficult to fix during the post-placement implementation flow and could be the result of non-optimal XDC constraints or non-optimal design architecture
Related violations: <none>

TIMING-16#270 Warning
Large setup violation  
There is a large setup violation of -2.390 ns between DB_i/dongbo_0/U0/sync_out_reg/C (clocked by clk_out1_DB_clk_wiz_0_0) and DB_i/YK71_Tracker_AXI_0/U0/YK71_Tracker_AXI_slave_lite_v1_0_S00_AXI_inst/YK71_Core_Inst/cycle_cnt_reg[4]/R (clocked by clk_fpga_0). Large setup violations at the end of those stages might be difficult to fix during the post-placement implementation flow and could be the result of non-optimal XDC constraints or non-optimal design architecture
Related violations: <none>

TIMING-16#271 Warning
Large setup violation  
There is a large setup violation of -2.390 ns between DB_i/dongbo_0/U0/sync_out_reg/C (clocked by clk_out1_DB_clk_wiz_0_0) and DB_i/YK71_Tracker_AXI_0/U0/YK71_Tracker_AXI_slave_lite_v1_0_S00_AXI_inst/YK71_Core_Inst/cycle_cnt_reg[5]/R (clocked by clk_fpga_0). Large setup violations at the end of those stages might be difficult to fix during the post-placement implementation flow and could be the result of non-optimal XDC constraints or non-optimal design architecture
Related violations: <none>

TIMING-16#272 Warning
Large setup violation  
There is a large setup violation of -2.390 ns between DB_i/dongbo_0/U0/sync_out_reg/C (clocked by clk_out1_DB_clk_wiz_0_0) and DB_i/YK71_Tracker_AXI_0/U0/YK71_Tracker_AXI_slave_lite_v1_0_S00_AXI_inst/YK71_Core_Inst/cycle_cnt_reg[6]/R (clocked by clk_fpga_0). Large setup violations at the end of those stages might be difficult to fix during the post-placement implementation flow and could be the result of non-optimal XDC constraints or non-optimal design architecture
Related violations: <none>

TIMING-16#273 Warning
Large setup violation  
There is a large setup violation of -2.390 ns between DB_i/dongbo_0/U0/sync_out_reg/C (clocked by clk_out1_DB_clk_wiz_0_0) and DB_i/YK71_Tracker_AXI_0/U0/YK71_Tracker_AXI_slave_lite_v1_0_S00_AXI_inst/YK71_Core_Inst/cycle_cnt_reg[7]/R (clocked by clk_fpga_0). Large setup violations at the end of those stages might be difficult to fix during the post-placement implementation flow and could be the result of non-optimal XDC constraints or non-optimal design architecture
Related violations: <none>

TIMING-16#274 Warning
Large setup violation  
There is a large setup violation of -2.401 ns between DB_i/dongbo_0/U0/sync_out_reg/C (clocked by clk_out1_DB_clk_wiz_0_0) and DB_i/YK71_Tracker_AXI_0/U0/YK71_Tracker_AXI_slave_lite_v1_0_S00_AXI_inst/YK71_Core_Inst/cycle_cnt_reg[0]/R (clocked by clk_fpga_0). Large setup violations at the end of those stages might be difficult to fix during the post-placement implementation flow and could be the result of non-optimal XDC constraints or non-optimal design architecture
Related violations: <none>

TIMING-16#275 Warning
Large setup violation  
There is a large setup violation of -2.401 ns between DB_i/dongbo_0/U0/sync_out_reg/C (clocked by clk_out1_DB_clk_wiz_0_0) and DB_i/YK71_Tracker_AXI_0/U0/YK71_Tracker_AXI_slave_lite_v1_0_S00_AXI_inst/YK71_Core_Inst/cycle_cnt_reg[1]/R (clocked by clk_fpga_0). Large setup violations at the end of those stages might be difficult to fix during the post-placement implementation flow and could be the result of non-optimal XDC constraints or non-optimal design architecture
Related violations: <none>

TIMING-16#276 Warning
Large setup violation  
There is a large setup violation of -2.401 ns between DB_i/dongbo_0/U0/sync_out_reg/C (clocked by clk_out1_DB_clk_wiz_0_0) and DB_i/YK71_Tracker_AXI_0/U0/YK71_Tracker_AXI_slave_lite_v1_0_S00_AXI_inst/YK71_Core_Inst/cycle_cnt_reg[20]/R (clocked by clk_fpga_0). Large setup violations at the end of those stages might be difficult to fix during the post-placement implementation flow and could be the result of non-optimal XDC constraints or non-optimal design architecture
Related violations: <none>

TIMING-16#277 Warning
Large setup violation  
There is a large setup violation of -2.401 ns between DB_i/dongbo_0/U0/sync_out_reg/C (clocked by clk_out1_DB_clk_wiz_0_0) and DB_i/YK71_Tracker_AXI_0/U0/YK71_Tracker_AXI_slave_lite_v1_0_S00_AXI_inst/YK71_Core_Inst/cycle_cnt_reg[21]/R (clocked by clk_fpga_0). Large setup violations at the end of those stages might be difficult to fix during the post-placement implementation flow and could be the result of non-optimal XDC constraints or non-optimal design architecture
Related violations: <none>

TIMING-16#278 Warning
Large setup violation  
There is a large setup violation of -2.401 ns between DB_i/dongbo_0/U0/sync_out_reg/C (clocked by clk_out1_DB_clk_wiz_0_0) and DB_i/YK71_Tracker_AXI_0/U0/YK71_Tracker_AXI_slave_lite_v1_0_S00_AXI_inst/YK71_Core_Inst/cycle_cnt_reg[22]/R (clocked by clk_fpga_0). Large setup violations at the end of those stages might be difficult to fix during the post-placement implementation flow and could be the result of non-optimal XDC constraints or non-optimal design architecture
Related violations: <none>

TIMING-16#279 Warning
Large setup violation  
There is a large setup violation of -2.401 ns between DB_i/dongbo_0/U0/sync_out_reg/C (clocked by clk_out1_DB_clk_wiz_0_0) and DB_i/YK71_Tracker_AXI_0/U0/YK71_Tracker_AXI_slave_lite_v1_0_S00_AXI_inst/YK71_Core_Inst/cycle_cnt_reg[23]/R (clocked by clk_fpga_0). Large setup violations at the end of those stages might be difficult to fix during the post-placement implementation flow and could be the result of non-optimal XDC constraints or non-optimal design architecture
Related violations: <none>

TIMING-16#280 Warning
Large setup violation  
There is a large setup violation of -2.401 ns between DB_i/dongbo_0/U0/sync_out_reg/C (clocked by clk_out1_DB_clk_wiz_0_0) and DB_i/YK71_Tracker_AXI_0/U0/YK71_Tracker_AXI_slave_lite_v1_0_S00_AXI_inst/YK71_Core_Inst/cycle_cnt_reg[2]/R (clocked by clk_fpga_0). Large setup violations at the end of those stages might be difficult to fix during the post-placement implementation flow and could be the result of non-optimal XDC constraints or non-optimal design architecture
Related violations: <none>

TIMING-16#281 Warning
Large setup violation  
There is a large setup violation of -2.401 ns between DB_i/dongbo_0/U0/sync_out_reg/C (clocked by clk_out1_DB_clk_wiz_0_0) and DB_i/YK71_Tracker_AXI_0/U0/YK71_Tracker_AXI_slave_lite_v1_0_S00_AXI_inst/YK71_Core_Inst/cycle_cnt_reg[3]/R (clocked by clk_fpga_0). Large setup violations at the end of those stages might be difficult to fix during the post-placement implementation flow and could be the result of non-optimal XDC constraints or non-optimal design architecture
Related violations: <none>

TIMING-16#282 Warning
Large setup violation  
There is a large setup violation of -2.410 ns between DB_i/dongbo_0/U0/sync_out_reg/C (clocked by clk_out1_DB_clk_wiz_0_0) and DB_i/YK71_Tracker_AXI_0/U0/YK71_Tracker_AXI_slave_lite_v1_0_S00_AXI_inst/YK71_Core_Inst/cycle_cnt_reg[12]/R (clocked by clk_fpga_0). Large setup violations at the end of those stages might be difficult to fix during the post-placement implementation flow and could be the result of non-optimal XDC constraints or non-optimal design architecture
Related violations: <none>

TIMING-16#283 Warning
Large setup violation  
There is a large setup violation of -2.410 ns between DB_i/dongbo_0/U0/sync_out_reg/C (clocked by clk_out1_DB_clk_wiz_0_0) and DB_i/YK71_Tracker_AXI_0/U0/YK71_Tracker_AXI_slave_lite_v1_0_S00_AXI_inst/YK71_Core_Inst/cycle_cnt_reg[13]/R (clocked by clk_fpga_0). Large setup violations at the end of those stages might be difficult to fix during the post-placement implementation flow and could be the result of non-optimal XDC constraints or non-optimal design architecture
Related violations: <none>

TIMING-16#284 Warning
Large setup violation  
There is a large setup violation of -2.410 ns between DB_i/dongbo_0/U0/sync_out_reg/C (clocked by clk_out1_DB_clk_wiz_0_0) and DB_i/YK71_Tracker_AXI_0/U0/YK71_Tracker_AXI_slave_lite_v1_0_S00_AXI_inst/YK71_Core_Inst/cycle_cnt_reg[14]/R (clocked by clk_fpga_0). Large setup violations at the end of those stages might be difficult to fix during the post-placement implementation flow and could be the result of non-optimal XDC constraints or non-optimal design architecture
Related violations: <none>

TIMING-16#285 Warning
Large setup violation  
There is a large setup violation of -2.410 ns between DB_i/dongbo_0/U0/sync_out_reg/C (clocked by clk_out1_DB_clk_wiz_0_0) and DB_i/YK71_Tracker_AXI_0/U0/YK71_Tracker_AXI_slave_lite_v1_0_S00_AXI_inst/YK71_Core_Inst/cycle_cnt_reg[15]/R (clocked by clk_fpga_0). Large setup violations at the end of those stages might be difficult to fix during the post-placement implementation flow and could be the result of non-optimal XDC constraints or non-optimal design architecture
Related violations: <none>

TIMING-16#286 Warning
Large setup violation  
There is a large setup violation of -2.410 ns between DB_i/dongbo_0/U0/sync_out_reg/C (clocked by clk_out1_DB_clk_wiz_0_0) and DB_i/YK71_Tracker_AXI_0/U0/YK71_Tracker_AXI_slave_lite_v1_0_S00_AXI_inst/YK71_Core_Inst/cycle_cnt_reg[24]/R (clocked by clk_fpga_0). Large setup violations at the end of those stages might be difficult to fix during the post-placement implementation flow and could be the result of non-optimal XDC constraints or non-optimal design architecture
Related violations: <none>

TIMING-16#287 Warning
Large setup violation  
There is a large setup violation of -2.410 ns between DB_i/dongbo_0/U0/sync_out_reg/C (clocked by clk_out1_DB_clk_wiz_0_0) and DB_i/YK71_Tracker_AXI_0/U0/YK71_Tracker_AXI_slave_lite_v1_0_S00_AXI_inst/YK71_Core_Inst/cycle_cnt_reg[25]/R (clocked by clk_fpga_0). Large setup violations at the end of those stages might be difficult to fix during the post-placement implementation flow and could be the result of non-optimal XDC constraints or non-optimal design architecture
Related violations: <none>

TIMING-16#288 Warning
Large setup violation  
There is a large setup violation of -2.410 ns between DB_i/dongbo_0/U0/sync_out_reg/C (clocked by clk_out1_DB_clk_wiz_0_0) and DB_i/YK71_Tracker_AXI_0/U0/YK71_Tracker_AXI_slave_lite_v1_0_S00_AXI_inst/YK71_Core_Inst/cycle_cnt_reg[26]/R (clocked by clk_fpga_0). Large setup violations at the end of those stages might be difficult to fix during the post-placement implementation flow and could be the result of non-optimal XDC constraints or non-optimal design architecture
Related violations: <none>

TIMING-16#289 Warning
Large setup violation  
There is a large setup violation of -2.410 ns between DB_i/dongbo_0/U0/sync_out_reg/C (clocked by clk_out1_DB_clk_wiz_0_0) and DB_i/YK71_Tracker_AXI_0/U0/YK71_Tracker_AXI_slave_lite_v1_0_S00_AXI_inst/YK71_Core_Inst/cycle_cnt_reg[27]/R (clocked by clk_fpga_0). Large setup violations at the end of those stages might be difficult to fix during the post-placement implementation flow and could be the result of non-optimal XDC constraints or non-optimal design architecture
Related violations: <none>

TIMING-18#1 Warning
Missing input or output delay  
An output delay is missing on cp3_out_0 relative to the rising and/or falling clock edge(s) of clk_fpga_0.
Related violations: <none>

TIMING-18#2 Warning
Missing input or output delay  
An output delay is missing on csbs1_out_0 relative to the rising and/or falling clock edge(s) of clk_fpga_0.
Related violations: <none>

TIMING-18#3 Warning
Missing input or output delay  
An output delay is missing on csbs2_out_0 relative to the rising and/or falling clock edge(s) of clk_fpga_0.
Related violations: <none>

TIMING-18#4 Warning
Missing input or output delay  
An output delay is missing on r_out_0 relative to the rising and/or falling clock edge(s) of clk_fpga_0.
Related violations: <none>


