Copyright 1986-2022 Xilinx, Inc. All Rights Reserved. Copyright 2022-2025 Advanced Micro Devices, Inc. All Rights Reserved.
---------------------------------------------------------------------------------------------------------------------------------------------------------------------------------------------------------------------------
| Tool Version : Vivado v.2024.2.2 (win64) Build 6060944 Thu Mar 06 19:10:01 MST 2025
| Date         : Sun Apr 26 01:02:07 2026
| Host         : HOANGTUAN running 64-bit major release  (build 9200)
| Command      : report_timing_summary -max_paths 10 -report_unconstrained -file DB_wrapper_timing_summary_routed.rpt -pb DB_wrapper_timing_summary_routed.pb -rpx DB_wrapper_timing_summary_routed.rpx -warn_on_violation
| Design       : DB_wrapper
| Device       : 7z020-clg400
| Speed File   : -1  PRODUCTION 1.12 2019-11-22
| Design State : Routed
---------------------------------------------------------------------------------------------------------------------------------------------------------------------------------------------------------------------------

Timing Summary Report

------------------------------------------------------------------------------------------------
| Timer Settings
| --------------
------------------------------------------------------------------------------------------------

  Enable Multi Corner Analysis               :  Yes
  Enable Pessimism Removal                   :  Yes
  Pessimism Removal Resolution               :  Nearest Common Node
  Enable Input Delay Default Clock           :  No
  Enable Preset / Clear Arcs                 :  No
  Disable Flight Delays                      :  No
  Ignore I/O Paths                           :  No
  Timing Early Launch at Borrowing Latches   :  No
  Borrow Time for Max Delay Exceptions       :  Yes
  Merge Timing Exceptions                    :  Yes
  Inter-SLR Compensation                     :  Conservative

  Corner  Analyze    Analyze    
  Name    Max Paths  Min Paths  
  ------  ---------  ---------  
  Slow    Yes        Yes        
  Fast    Yes        Yes        


------------------------------------------------------------------------------------------------
| Report Methodology
| ------------------
------------------------------------------------------------------------------------------------

Rule       Severity          Description                                         Violations  
---------  ----------------  --------------------------------------------------  ----------  
TIMING-4   Critical Warning  Invalid primary clock redefinition on a clock tree  1           
TIMING-6   Critical Warning  No common primary clock between related clocks      1           
TIMING-7   Critical Warning  No common node between related clocks               1           
TIMING-27  Critical Warning  Invalid primary clock on hierarchical pin           1           
TIMING-16  Warning           Large setup violation                               289         
TIMING-18  Warning           Missing input or output delay                       4           

Note: This report is based on the most recent report_methodology run and may not be up-to-date. Run report_methodology on the current design for the latest report.



check_timing report

Table of Contents
-----------------
1. checking no_clock (0)
2. checking constant_clock (0)
3. checking pulse_width_clock (0)
4. checking unconstrained_internal_endpoints (0)
5. checking no_input_delay (0)
6. checking no_output_delay (6)
7. checking multiple_clock (0)
8. checking generated_clocks (0)
9. checking loops (0)
10. checking partial_input_delay (0)
11. checking partial_output_delay (0)
12. checking latch_loops (0)

1. checking no_clock (0)
------------------------
 There are 0 register/latch pins with no clock.


2. checking constant_clock (0)
------------------------------
 There are 0 register/latch pins with constant_clock.


3. checking pulse_width_clock (0)
---------------------------------
 There are 0 register/latch pins which need pulse_width check


4. checking unconstrained_internal_endpoints (0)
------------------------------------------------
 There are 0 pins that are not constrained for maximum delay.

 There are 0 pins that are not constrained for maximum delay due to constant clock.


5. checking no_input_delay (0)
------------------------------
 There are 0 input ports with no input delay specified.

 There are 0 input ports with no input delay but user has a false path constraint.


6. checking no_output_delay (6)
-------------------------------
 There are 6 ports with no output delay specified. (HIGH)

 There are 0 ports with no output delay but user has a false path constraint

 There are 0 ports with no output delay but with a timing clock defined on it or propagating through it


7. checking multiple_clock (0)
------------------------------
 There are 0 register/latch pins with multiple clocks.


8. checking generated_clocks (0)
--------------------------------
 There are 0 generated clocks that are not connected to a clock source.


9. checking loops (0)
---------------------
 There are 0 combinational loops in the design.


10. checking partial_input_delay (0)
------------------------------------
 There are 0 input ports with partial input delay specified.


11. checking partial_output_delay (0)
-------------------------------------
 There are 0 ports with partial output delay specified.


12. checking latch_loops (0)
----------------------------
 There are 0 combinational latch loops in the design through latch input



------------------------------------------------------------------------------------------------
| Design Timing Summary
| ---------------------
------------------------------------------------------------------------------------------------

    WNS(ns)      TNS(ns)  TNS Failing Endpoints  TNS Total Endpoints      WHS(ns)      THS(ns)  THS Failing Endpoints  THS Total Endpoints     WPWS(ns)     TPWS(ns)  TPWS Failing Endpoints  TPWS Total Endpoints  
    -------      -------  ---------------------  -------------------      -------      -------  ---------------------  -------------------     --------     --------  ----------------------  --------------------  
     -2.410     -657.192                    563                 1960        0.082        0.000                      0                 1960        0.345        0.000                       0                   909  


Timing constraints are not met.


------------------------------------------------------------------------------------------------
| Clock Summary
| -------------
------------------------------------------------------------------------------------------------

Clock                        Waveform(ns)         Period(ns)      Frequency(MHz)
-----                        ------------         ----------      --------------
DB_i/clk_wiz_0/inst/clk_in1  {0.000 2.000}        4.000           250.000         
  clk_out1_DB_clk_wiz_0_0    {0.000 1.250}        2.500           400.000         
  clkfbout_DB_clk_wiz_0_0    {0.000 2.000}        4.000           250.000         
clk_fpga_0                   {0.000 2.000}        4.000           250.000         
clk_fpga_1                   {0.000 10.000}       20.000          50.000          


------------------------------------------------------------------------------------------------
| Intra Clock Table
| -----------------
------------------------------------------------------------------------------------------------

Clock                            WNS(ns)      TNS(ns)  TNS Failing Endpoints  TNS Total Endpoints      WHS(ns)      THS(ns)  THS Failing Endpoints  THS Total Endpoints     WPWS(ns)     TPWS(ns)  TPWS Failing Endpoints  TPWS Total Endpoints  
-----                            -------      -------  ---------------------  -------------------      -------      -------  ---------------------  -------------------     --------     --------  ----------------------  --------------------  
DB_i/clk_wiz_0/inst/clk_in1                                                                                                                                                    0.833        0.000                       0                     1  
  clk_out1_DB_clk_wiz_0_0         -2.042      -79.681                    100                  119        0.235        0.000                      0                  119        0.345        0.000                       0                    88  
  clkfbout_DB_clk_wiz_0_0                                                                                                                                                      1.845        0.000                       0                     3  
clk_fpga_0                        -1.664     -236.968                    429                 1808        0.082        0.000                      0                 1808        1.020        0.000                       0                   817  


------------------------------------------------------------------------------------------------
| Inter Clock Table
| -----------------
------------------------------------------------------------------------------------------------

From Clock               To Clock                     WNS(ns)      TNS(ns)  TNS Failing Endpoints  TNS Total Endpoints      WHS(ns)      THS(ns)  THS Failing Endpoints  THS Total Endpoints  
----------               --------                     -------      -------  ---------------------  -------------------      -------      -------  ---------------------  -------------------  
clk_out1_DB_clk_wiz_0_0  clk_fpga_0                    -2.410     -508.038                    257                  257        0.106        0.000                      0                  257  


------------------------------------------------------------------------------------------------
| Other Path Groups Table
| -----------------------
------------------------------------------------------------------------------------------------

Path Group    From Clock    To Clock          WNS(ns)      TNS(ns)  TNS Failing Endpoints  TNS Total Endpoints      WHS(ns)      THS(ns)  THS Failing Endpoints  THS Total Endpoints  
----------    ----------    --------          -------      -------  ---------------------  -------------------      -------      -------  ---------------------  -------------------  


------------------------------------------------------------------------------------------------
| User Ignored Path Table
| -----------------------
------------------------------------------------------------------------------------------------

Path Group    From Clock    To Clock    
----------    ----------    --------    
(none)                      clk_fpga_0    
(none)        clk_fpga_0    clk_fpga_0    


------------------------------------------------------------------------------------------------
| Unconstrained Path Table
| ------------------------
------------------------------------------------------------------------------------------------

Path Group               From Clock               To Clock               
----------               ----------               --------               
(none)                   clk_fpga_0                                        
(none)                   clk_out1_DB_clk_wiz_0_0                           
(none)                   clkfbout_DB_clk_wiz_0_0                           


------------------------------------------------------------------------------------------------
| Timing Details
| --------------
------------------------------------------------------------------------------------------------


---------------------------------------------------------------------------------------------------
From Clock:  DB_i/clk_wiz_0/inst/clk_in1
  To Clock:  DB_i/clk_wiz_0/inst/clk_in1

Setup :           NA  Failing Endpoints,  Worst Slack           NA  ,  Total Violation           NA
Hold  :           NA  Failing Endpoints,  Worst Slack           NA  ,  Total Violation           NA
PW    :            0  Failing Endpoints,  Worst Slack        0.833ns,  Total Violation        0.000ns
---------------------------------------------------------------------------------------------------


Pulse Width Checks
--------------------------------------------------------------------------------------
Clock Name:         DB_i/clk_wiz_0/inst/clk_in1
Waveform(ns):       { 0.000 2.000 }
Period(ns):         4.000
Sources:            { DB_i/clk_wiz_0/inst/clk_in1 }

Check Type        Corner  Lib Pin            Reference Pin  Required(ns)  Actual(ns)  Slack(ns)  Location         Pin
Min Period        n/a     MMCME2_ADV/CLKIN1  n/a            1.249         4.000       2.751      MMCME2_ADV_X1Y0  DB_i/clk_wiz_0/inst/mmcm_adv_inst/CLKIN1
Max Period        n/a     MMCME2_ADV/CLKIN1  n/a            100.000       4.000       96.000     MMCME2_ADV_X1Y0  DB_i/clk_wiz_0/inst/mmcm_adv_inst/CLKIN1
Low Pulse Width   Slow    MMCME2_ADV/CLKIN1  n/a            1.167         2.000       0.833      MMCME2_ADV_X1Y0  DB_i/clk_wiz_0/inst/mmcm_adv_inst/CLKIN1
Low Pulse Width   Fast    MMCME2_ADV/CLKIN1  n/a            1.167         2.000       0.833      MMCME2_ADV_X1Y0  DB_i/clk_wiz_0/inst/mmcm_adv_inst/CLKIN1
High Pulse Width  Slow    MMCME2_ADV/CLKIN1  n/a            1.167         2.000       0.833      MMCME2_ADV_X1Y0  DB_i/clk_wiz_0/inst/mmcm_adv_inst/CLKIN1
High Pulse Width  Fast    MMCME2_ADV/CLKIN1  n/a            1.167         2.000       0.833      MMCME2_ADV_X1Y0  DB_i/clk_wiz_0/inst/mmcm_adv_inst/CLKIN1



---------------------------------------------------------------------------------------------------
From Clock:  clk_out1_DB_clk_wiz_0_0
  To Clock:  clk_out1_DB_clk_wiz_0_0

Setup :          100  Failing Endpoints,  Worst Slack       -2.042ns,  Total Violation      -79.681ns
Hold  :            0  Failing Endpoints,  Worst Slack        0.235ns,  Total Violation        0.000ns
PW    :            0  Failing Endpoints,  Worst Slack        0.345ns,  Total Violation        0.000ns
---------------------------------------------------------------------------------------------------


Max Delay Paths
--------------------------------------------------------------------------------------
Slack (VIOLATED) :        -2.042ns  (required time - arrival time)
  Source:                 DB_i/target_moving_0/U0/target_pos_reg[5]_replica/C
                            (rising edge-triggered cell FDCE clocked by clk_out1_DB_clk_wiz_0_0  {rise@0.000ns fall@1.250ns period=2.500ns})
  Destination:            DB_i/target_moving_0/U0/target_out_reg/D
                            (rising edge-triggered cell FDCE clocked by clk_out1_DB_clk_wiz_0_0  {rise@0.000ns fall@1.250ns period=2.500ns})
  Path Group:             clk_out1_DB_clk_wiz_0_0
  Path Type:              Setup (Max at Slow Process Corner)
  Requirement:            2.500ns  (clk_out1_DB_clk_wiz_0_0 rise@2.500ns - clk_out1_DB_clk_wiz_0_0 rise@0.000ns)
  Data Path Delay:        4.463ns  (logic 2.415ns (54.114%)  route 2.048ns (45.886%))
  Logic Levels:           6  (CARRY4=4 LUT4=1 LUT5=1)
  Clock Path Skew:        -0.056ns (DCD - SCD + CPR)
    Destination Clock Delay (DCD):    1.483ns = ( 3.983 - 2.500 ) 
    Source Clock Delay      (SCD):    1.653ns
    Clock Pessimism Removal (CPR):    0.114ns
  Clock Uncertainty:      0.054ns  ((TSJ^2 + DJ^2)^1/2) / 2 + PE
    Total System Jitter     (TSJ):    0.071ns
    Discrete Jitter          (DJ):    0.082ns
    Phase Error              (PE):    0.000ns

    Location             Delay type                Incr(ns)  Path(ns)    Netlist Resource(s)
  -------------------------------------------------------------------    -------------------
                         (clock clk_out1_DB_clk_wiz_0_0 rise edge)
                                                      0.000     0.000 r  
    BUFGCTRL_X0Y16       BUFG                         0.000     0.000 r  DB_i/processing_system7_0/inst/buffer_fclk_clk_0.FCLK_CLK_0_BUFG/O
                         net (fo=819, routed)         1.806     1.806    DB_i/clk_wiz_0/inst/clk_in1
    MMCME2_ADV_X1Y0      MMCME2_ADV (Prop_mmcme2_adv_CLKIN1_CLKOUT0)
                                                     -3.793    -1.987 r  DB_i/clk_wiz_0/inst/mmcm_adv_inst/CLKOUT0
                         net (fo=1, routed)           1.889    -0.098    DB_i/clk_wiz_0/inst/clk_out1_DB_clk_wiz_0_0
    BUFGCTRL_X0Y0        BUFG (Prop_bufg_I_O)         0.101     0.003 r  DB_i/clk_wiz_0/inst/clkout1_buf/O
                         net (fo=87, routed)          1.650     1.653    DB_i/target_moving_0/U0/clk
    SLICE_X35Y85         FDCE                                         r  DB_i/target_moving_0/U0/target_pos_reg[5]_replica/C
  -------------------------------------------------------------------    -------------------
    SLICE_X35Y85         FDCE (Prop_fdce_C_Q)         0.456     2.109 r  DB_i/target_moving_0/U0/target_pos_reg[5]_replica/Q
                         net (fo=5, routed)           0.555     2.664    DB_i/target_moving_0/U0/target_pos_reg[5]_repN
    SLICE_X34Y86         CARRY4 (Prop_carry4_DI[1]_CO[3])
                                                      0.520     3.184 r  DB_i/target_moving_0/U0/i__carry_i_6__0/CO[3]
                         net (fo=1, routed)           0.000     3.184    DB_i/target_moving_0/U0/i__carry_i_6__0_n_0
    SLICE_X34Y87         CARRY4 (Prop_carry4_CI_CO[3])
                                                      0.117     3.301 r  DB_i/target_moving_0/U0/i__carry_i_5__0/CO[3]
                         net (fo=1, routed)           0.000     3.301    DB_i/target_moving_0/U0/i__carry_i_5__0_n_0
    SLICE_X34Y88         CARRY4 (Prop_carry4_CI_O[3])
                                                      0.315     3.616 r  DB_i/target_moving_0/U0/i__carry__0_i_4__0/O[3]
                         net (fo=3, routed)           0.587     4.202    DB_i/target_moving_0/U0/p_0_in[15]
    SLICE_X35Y89         LUT4 (Prop_lut4_I2_O)        0.307     4.509 r  DB_i/target_moving_0/U0/target_out1_carry__0_i_7/O
                         net (fo=1, routed)           0.000     4.509    DB_i/target_moving_0/U0/target_out1_carry__0_i_7_n_0
    SLICE_X35Y89         CARRY4 (Prop_carry4_S[1]_CO[3])
                                                      0.550     5.059 r  DB_i/target_moving_0/U0/target_out1_carry__0/CO[3]
                         net (fo=1, routed)           0.907     5.966    DB_i/target_moving_0/U0/target_out1
    SLICE_X37Y89         LUT5 (Prop_lut5_I4_O)        0.150     6.116 r  DB_i/target_moving_0/U0/target_out_i_1/O
                         net (fo=2, routed)           0.000     6.116    DB_i/target_moving_0/U0/target_out_i_1_n_0
    SLICE_X37Y89         FDCE                                         r  DB_i/target_moving_0/U0/target_out_reg/D
  -------------------------------------------------------------------    -------------------

                         (clock clk_out1_DB_clk_wiz_0_0 rise edge)
                                                      2.500     2.500 r  
    BUFGCTRL_X0Y16       BUFG                         0.000     2.500 r  DB_i/processing_system7_0/inst/buffer_fclk_clk_0.FCLK_CLK_0_BUFG/O
                         net (fo=819, routed)         1.612     4.112    DB_i/clk_wiz_0/inst/clk_in1
    MMCME2_ADV_X1Y0      MMCME2_ADV (Prop_mmcme2_adv_CLKIN1_CLKOUT0)
                                                     -3.425     0.687 r  DB_i/clk_wiz_0/inst/mmcm_adv_inst/CLKOUT0
                         net (fo=1, routed)           1.725     2.412    DB_i/clk_wiz_0/inst/clk_out1_DB_clk_wiz_0_0
    BUFGCTRL_X0Y0        BUFG (Prop_bufg_I_O)         0.091     2.503 r  DB_i/clk_wiz_0/inst/clkout1_buf/O
                         net (fo=87, routed)          1.480     3.983    DB_i/target_moving_0/U0/clk
    SLICE_X37Y89         FDCE                                         r  DB_i/target_moving_0/U0/target_out_reg/C
                         clock pessimism              0.114     4.097    
                         clock uncertainty           -0.054     4.043    
    SLICE_X37Y89         FDCE (Setup_fdce_C_D)        0.031     4.074    DB_i/target_moving_0/U0/target_out_reg
  -------------------------------------------------------------------
                         required time                          4.074    
                         arrival time                          -6.116    
  -------------------------------------------------------------------
                         slack                                 -2.042    

Slack (VIOLATED) :        -2.041ns  (required time - arrival time)
  Source:                 DB_i/target_moving_0/U0/target_pos_reg[5]_replica/C
                            (rising edge-triggered cell FDCE clocked by clk_out1_DB_clk_wiz_0_0  {rise@0.000ns fall@1.250ns period=2.500ns})
  Destination:            DB_i/target_moving_0/U0/target_out_reg_lopt_replica/D
                            (rising edge-triggered cell FDCE clocked by clk_out1_DB_clk_wiz_0_0  {rise@0.000ns fall@1.250ns period=2.500ns})
  Path Group:             clk_out1_DB_clk_wiz_0_0
  Path Type:              Setup (Max at Slow Process Corner)
  Requirement:            2.500ns  (clk_out1_DB_clk_wiz_0_0 rise@2.500ns - clk_out1_DB_clk_wiz_0_0 rise@0.000ns)
  Data Path Delay:        4.463ns  (logic 2.415ns (54.114%)  route 2.048ns (45.886%))
  Logic Levels:           6  (CARRY4=4 LUT4=1 LUT5=1)
  Clock Path Skew:        -0.056ns (DCD - SCD + CPR)
    Destination Clock Delay (DCD):    1.483ns = ( 3.983 - 2.500 ) 
    Source Clock Delay      (SCD):    1.653ns
    Clock Pessimism Removal (CPR):    0.114ns
  Clock Uncertainty:      0.054ns  ((TSJ^2 + DJ^2)^1/2) / 2 + PE
    Total System Jitter     (TSJ):    0.071ns
    Discrete Jitter          (DJ):    0.082ns
    Phase Error              (PE):    0.000ns

    Location             Delay type                Incr(ns)  Path(ns)    Netlist Resource(s)
  -------------------------------------------------------------------    -------------------
                         (clock clk_out1_DB_clk_wiz_0_0 rise edge)
                                                      0.000     0.000 r  
    BUFGCTRL_X0Y16       BUFG                         0.000     0.000 r  DB_i/processing_system7_0/inst/buffer_fclk_clk_0.FCLK_CLK_0_BUFG/O
                         net (fo=819, routed)         1.806     1.806    DB_i/clk_wiz_0/inst/clk_in1
    MMCME2_ADV_X1Y0      MMCME2_ADV (Prop_mmcme2_adv_CLKIN1_CLKOUT0)
                                                     -3.793    -1.987 r  DB_i/clk_wiz_0/inst/mmcm_adv_inst/CLKOUT0
                         net (fo=1, routed)           1.889    -0.098    DB_i/clk_wiz_0/inst/clk_out1_DB_clk_wiz_0_0
    BUFGCTRL_X0Y0        BUFG (Prop_bufg_I_O)         0.101     0.003 r  DB_i/clk_wiz_0/inst/clkout1_buf/O
                         net (fo=87, routed)          1.650     1.653    DB_i/target_moving_0/U0/clk
    SLICE_X35Y85         FDCE                                         r  DB_i/target_moving_0/U0/target_pos_reg[5]_replica/C
  -------------------------------------------------------------------    -------------------
    SLICE_X35Y85         FDCE (Prop_fdce_C_Q)         0.456     2.109 r  DB_i/target_moving_0/U0/target_pos_reg[5]_replica/Q
                         net (fo=5, routed)           0.555     2.664    DB_i/target_moving_0/U0/target_pos_reg[5]_repN
    SLICE_X34Y86         CARRY4 (Prop_carry4_DI[1]_CO[3])
                                                      0.520     3.184 r  DB_i/target_moving_0/U0/i__carry_i_6__0/CO[3]
                         net (fo=1, routed)           0.000     3.184    DB_i/target_moving_0/U0/i__carry_i_6__0_n_0
    SLICE_X34Y87         CARRY4 (Prop_carry4_CI_CO[3])
                                                      0.117     3.301 r  DB_i/target_moving_0/U0/i__carry_i_5__0/CO[3]
                         net (fo=1, routed)           0.000     3.301    DB_i/target_moving_0/U0/i__carry_i_5__0_n_0
    SLICE_X34Y88         CARRY4 (Prop_carry4_CI_O[3])
                                                      0.315     3.616 r  DB_i/target_moving_0/U0/i__carry__0_i_4__0/O[3]
                         net (fo=3, routed)           0.587     4.202    DB_i/target_moving_0/U0/p_0_in[15]
    SLICE_X35Y89         LUT4 (Prop_lut4_I2_O)        0.307     4.509 r  DB_i/target_moving_0/U0/target_out1_carry__0_i_7/O
                         net (fo=1, routed)           0.000     4.509    DB_i/target_moving_0/U0/target_out1_carry__0_i_7_n_0
    SLICE_X35Y89         CARRY4 (Prop_carry4_S[1]_CO[3])
                                                      0.550     5.059 r  DB_i/target_moving_0/U0/target_out1_carry__0/CO[3]
                         net (fo=1, routed)           0.907     5.966    DB_i/target_moving_0/U0/target_out1
    SLICE_X37Y89         LUT5 (Prop_lut5_I4_O)        0.150     6.116 r  DB_i/target_moving_0/U0/target_out_i_1/O
                         net (fo=2, routed)           0.000     6.116    DB_i/target_moving_0/U0/target_out_i_1_n_0
    SLICE_X37Y89         FDCE                                         r  DB_i/target_moving_0/U0/target_out_reg_lopt_replica/D
  -------------------------------------------------------------------    -------------------

                         (clock clk_out1_DB_clk_wiz_0_0 rise edge)
                                                      2.500     2.500 r  
    BUFGCTRL_X0Y16       BUFG                         0.000     2.500 r  DB_i/processing_system7_0/inst/buffer_fclk_clk_0.FCLK_CLK_0_BUFG/O
                         net (fo=819, routed)         1.612     4.112    DB_i/clk_wiz_0/inst/clk_in1
    MMCME2_ADV_X1Y0      MMCME2_ADV (Prop_mmcme2_adv_CLKIN1_CLKOUT0)
                                                     -3.425     0.687 r  DB_i/clk_wiz_0/inst/mmcm_adv_inst/CLKOUT0
                         net (fo=1, routed)           1.725     2.412    DB_i/clk_wiz_0/inst/clk_out1_DB_clk_wiz_0_0
    BUFGCTRL_X0Y0        BUFG (Prop_bufg_I_O)         0.091     2.503 r  DB_i/clk_wiz_0/inst/clkout1_buf/O
                         net (fo=87, routed)          1.480     3.983    DB_i/target_moving_0/U0/clk
    SLICE_X37Y89         FDCE                                         r  DB_i/target_moving_0/U0/target_out_reg_lopt_replica/C
                         clock pessimism              0.114     4.097    
                         clock uncertainty           -0.054     4.043    
    SLICE_X37Y89         FDCE (Setup_fdce_C_D)        0.032     4.075    DB_i/target_moving_0/U0/target_out_reg_lopt_replica
  -------------------------------------------------------------------
                         required time                          4.075    
                         arrival time                          -6.116    
  -------------------------------------------------------------------
                         slack                                 -2.041    

Slack (VIOLATED) :        -1.959ns  (required time - arrival time)
  Source:                 DB_i/target_moving_0/U0/target_pos_reg[5]_replica/C
                            (rising edge-triggered cell FDCE clocked by clk_out1_DB_clk_wiz_0_0  {rise@0.000ns fall@1.250ns period=2.500ns})
  Destination:            DB_i/target_moving_0/U0/is_counting_reg/D
                            (rising edge-triggered cell FDCE clocked by clk_out1_DB_clk_wiz_0_0  {rise@0.000ns fall@1.250ns period=2.500ns})
  Path Group:             clk_out1_DB_clk_wiz_0_0
  Path Type:              Setup (Max at Slow Process Corner)
  Requirement:            2.500ns  (clk_out1_DB_clk_wiz_0_0 rise@2.500ns - clk_out1_DB_clk_wiz_0_0 rise@0.000ns)
  Data Path Delay:        4.426ns  (logic 2.598ns (58.703%)  route 1.828ns (41.297%))
  Logic Levels:           6  (CARRY4=4 LUT4=1 LUT6=1)
  Clock Path Skew:        -0.056ns (DCD - SCD + CPR)
    Destination Clock Delay (DCD):    1.483ns = ( 3.983 - 2.500 ) 
    Source Clock Delay      (SCD):    1.653ns
    Clock Pessimism Removal (CPR):    0.114ns
  Clock Uncertainty:      0.054ns  ((TSJ^2 + DJ^2)^1/2) / 2 + PE
    Total System Jitter     (TSJ):    0.071ns
    Discrete Jitter          (DJ):    0.082ns
    Phase Error              (PE):    0.000ns

    Location             Delay type                Incr(ns)  Path(ns)    Netlist Resource(s)
  -------------------------------------------------------------------    -------------------
                         (clock clk_out1_DB_clk_wiz_0_0 rise edge)
                                                      0.000     0.000 r  
    BUFGCTRL_X0Y16       BUFG                         0.000     0.000 r  DB_i/processing_system7_0/inst/buffer_fclk_clk_0.FCLK_CLK_0_BUFG/O
                         net (fo=819, routed)         1.806     1.806    DB_i/clk_wiz_0/inst/clk_in1
    MMCME2_ADV_X1Y0      MMCME2_ADV (Prop_mmcme2_adv_CLKIN1_CLKOUT0)
                                                     -3.793    -1.987 r  DB_i/clk_wiz_0/inst/mmcm_adv_inst/CLKOUT0
                         net (fo=1, routed)           1.889    -0.098    DB_i/clk_wiz_0/inst/clk_out1_DB_clk_wiz_0_0
    BUFGCTRL_X0Y0        BUFG (Prop_bufg_I_O)         0.101     0.003 r  DB_i/clk_wiz_0/inst/clkout1_buf/O
                         net (fo=87, routed)          1.650     1.653    DB_i/target_moving_0/U0/clk
    SLICE_X35Y85         FDCE                                         r  DB_i/target_moving_0/U0/target_pos_reg[5]_replica/C
  -------------------------------------------------------------------    -------------------
    SLICE_X35Y85         FDCE (Prop_fdce_C_Q)         0.456     2.109 r  DB_i/target_moving_0/U0/target_pos_reg[5]_replica/Q
                         net (fo=5, routed)           0.555     2.664    DB_i/target_moving_0/U0/target_pos_reg[5]_repN
    SLICE_X34Y86         CARRY4 (Prop_carry4_DI[1]_CO[3])
                                                      0.520     3.184 r  DB_i/target_moving_0/U0/i__carry_i_6__0/CO[3]
                         net (fo=1, routed)           0.000     3.184    DB_i/target_moving_0/U0/i__carry_i_6__0_n_0
    SLICE_X34Y87         CARRY4 (Prop_carry4_CI_CO[3])
                                                      0.117     3.301 r  DB_i/target_moving_0/U0/i__carry_i_5__0/CO[3]
                         net (fo=1, routed)           0.000     3.301    DB_i/target_moving_0/U0/i__carry_i_5__0_n_0
    SLICE_X34Y88         CARRY4 (Prop_carry4_CI_O[3])
                                                      0.315     3.616 r  DB_i/target_moving_0/U0/i__carry__0_i_4__0/O[3]
                         net (fo=3, routed)           0.749     4.364    DB_i/target_moving_0/U0/p_0_in[15]
    SLICE_X33Y90         LUT6 (Prop_lut6_I4_O)        0.307     4.671 r  DB_i/target_moving_0/U0/i__carry__0_i_2/O
                         net (fo=1, routed)           0.000     4.671    DB_i/target_moving_0/U0/i__carry__0_i_2_n_0
    SLICE_X33Y90         CARRY4 (Prop_carry4_S[1]_CO[2])
                                                      0.570     5.241 f  DB_i/target_moving_0/U0/is_counting0_inferred__0/i__carry__0/CO[2]
                         net (fo=1, routed)           0.524     5.766    DB_i/target_moving_0/U0/is_counting0
    SLICE_X32Y90         LUT4 (Prop_lut4_I3_O)        0.313     6.079 r  DB_i/target_moving_0/U0/is_counting_i_1/O
                         net (fo=1, routed)           0.000     6.079    DB_i/target_moving_0/U0/is_counting_i_1_n_0
    SLICE_X32Y90         FDCE                                         r  DB_i/target_moving_0/U0/is_counting_reg/D
  -------------------------------------------------------------------    -------------------

                         (clock clk_out1_DB_clk_wiz_0_0 rise edge)
                                                      2.500     2.500 r  
    BUFGCTRL_X0Y16       BUFG                         0.000     2.500 r  DB_i/processing_system7_0/inst/buffer_fclk_clk_0.FCLK_CLK_0_BUFG/O
                         net (fo=819, routed)         1.612     4.112    DB_i/clk_wiz_0/inst/clk_in1
    MMCME2_ADV_X1Y0      MMCME2_ADV (Prop_mmcme2_adv_CLKIN1_CLKOUT0)
                                                     -3.425     0.687 r  DB_i/clk_wiz_0/inst/mmcm_adv_inst/CLKOUT0
                         net (fo=1, routed)           1.725     2.412    DB_i/clk_wiz_0/inst/clk_out1_DB_clk_wiz_0_0
    BUFGCTRL_X0Y0        BUFG (Prop_bufg_I_O)         0.091     2.503 r  DB_i/clk_wiz_0/inst/clkout1_buf/O
                         net (fo=87, routed)          1.480     3.983    DB_i/target_moving_0/U0/clk
    SLICE_X32Y90         FDCE                                         r  DB_i/target_moving_0/U0/is_counting_reg/C
                         clock pessimism              0.114     4.097    
                         clock uncertainty           -0.054     4.043    
    SLICE_X32Y90         FDCE (Setup_fdce_C_D)        0.077     4.120    DB_i/target_moving_0/U0/is_counting_reg
  -------------------------------------------------------------------
                         required time                          4.120    
                         arrival time                          -6.079    
  -------------------------------------------------------------------
                         slack                                 -1.959    

Slack (VIOLATED) :        -1.451ns  (required time - arrival time)
  Source:                 DB_i/target_moving_0/U0/sec_cnt_reg[2]/C
                            (rising edge-triggered cell FDCE clocked by clk_out1_DB_clk_wiz_0_0  {rise@0.000ns fall@1.250ns period=2.500ns})
  Destination:            DB_i/target_moving_0/U0/sec_cnt_reg[26]/D
                            (rising edge-triggered cell FDCE clocked by clk_out1_DB_clk_wiz_0_0  {rise@0.000ns fall@1.250ns period=2.500ns})
  Path Group:             clk_out1_DB_clk_wiz_0_0
  Path Type:              Setup (Max at Slow Process Corner)
  Requirement:            2.500ns  (clk_out1_DB_clk_wiz_0_0 rise@2.500ns - clk_out1_DB_clk_wiz_0_0 rise@0.000ns)
  Data Path Delay:        3.954ns  (logic 2.503ns (63.298%)  route 1.451ns (36.702%))
  Logic Levels:           8  (CARRY4=7 LUT3=1)
  Clock Path Skew:        -0.018ns (DCD - SCD + CPR)
    Destination Clock Delay (DCD):    1.526ns = ( 4.026 - 2.500 ) 
    Source Clock Delay      (SCD):    1.693ns
    Clock Pessimism Removal (CPR):    0.149ns
  Clock Uncertainty:      0.054ns  ((TSJ^2 + DJ^2)^1/2) / 2 + PE
    Total System Jitter     (TSJ):    0.071ns
    Discrete Jitter          (DJ):    0.082ns
    Phase Error              (PE):    0.000ns

    Location             Delay type                Incr(ns)  Path(ns)    Netlist Resource(s)
  -------------------------------------------------------------------    -------------------
                         (clock clk_out1_DB_clk_wiz_0_0 rise edge)
                                                      0.000     0.000 r  
    BUFGCTRL_X0Y16       BUFG                         0.000     0.000 r  DB_i/processing_system7_0/inst/buffer_fclk_clk_0.FCLK_CLK_0_BUFG/O
                         net (fo=819, routed)         1.806     1.806    DB_i/clk_wiz_0/inst/clk_in1
    MMCME2_ADV_X1Y0      MMCME2_ADV (Prop_mmcme2_adv_CLKIN1_CLKOUT0)
                                                     -3.793    -1.987 r  DB_i/clk_wiz_0/inst/mmcm_adv_inst/CLKOUT0
                         net (fo=1, routed)           1.889    -0.098    DB_i/clk_wiz_0/inst/clk_out1_DB_clk_wiz_0_0
    BUFGCTRL_X0Y0        BUFG (Prop_bufg_I_O)         0.101     0.003 r  DB_i/clk_wiz_0/inst/clkout1_buf/O
                         net (fo=87, routed)          1.690     1.693    DB_i/target_moving_0/U0/clk
    SLICE_X28Y80         FDCE                                         r  DB_i/target_moving_0/U0/sec_cnt_reg[2]/C
  -------------------------------------------------------------------    -------------------
    SLICE_X28Y80         FDCE (Prop_fdce_C_Q)         0.419     2.112 r  DB_i/target_moving_0/U0/sec_cnt_reg[2]/Q
                         net (fo=2, routed)           0.639     2.751    DB_i/target_moving_0/U0/sec_cnt[2]
    SLICE_X29Y80         CARRY4 (Prop_carry4_S[1]_CO[3])
                                                      0.849     3.600 r  DB_i/target_moving_0/U0/sec_cnt0_carry/CO[3]
                         net (fo=1, routed)           0.000     3.600    DB_i/target_moving_0/U0/sec_cnt0_carry_n_0
    SLICE_X29Y81         CARRY4 (Prop_carry4_CI_CO[3])
                                                      0.114     3.714 r  DB_i/target_moving_0/U0/sec_cnt0_carry__0/CO[3]
                         net (fo=1, routed)           0.000     3.714    DB_i/target_moving_0/U0/sec_cnt0_carry__0_n_0
    SLICE_X29Y82         CARRY4 (Prop_carry4_CI_CO[3])
                                                      0.114     3.828 r  DB_i/target_moving_0/U0/sec_cnt0_carry__1/CO[3]
                         net (fo=1, routed)           0.000     3.828    DB_i/target_moving_0/U0/sec_cnt0_carry__1_n_0
    SLICE_X29Y83         CARRY4 (Prop_carry4_CI_CO[3])
                                                      0.114     3.942 r  DB_i/target_moving_0/U0/sec_cnt0_carry__2/CO[3]
                         net (fo=1, routed)           0.000     3.942    DB_i/target_moving_0/U0/sec_cnt0_carry__2_n_0
    SLICE_X29Y84         CARRY4 (Prop_carry4_CI_CO[3])
                                                      0.114     4.056 r  DB_i/target_moving_0/U0/sec_cnt0_carry__3/CO[3]
                         net (fo=1, routed)           0.000     4.056    DB_i/target_moving_0/U0/sec_cnt0_carry__3_n_0
    SLICE_X29Y85         CARRY4 (Prop_carry4_CI_CO[3])
                                                      0.114     4.170 r  DB_i/target_moving_0/U0/sec_cnt0_carry__4/CO[3]
                         net (fo=1, routed)           0.000     4.170    DB_i/target_moving_0/U0/sec_cnt0_carry__4_n_0
    SLICE_X29Y86         CARRY4 (Prop_carry4_CI_O[1])
                                                      0.334     4.504 r  DB_i/target_moving_0/U0/sec_cnt0_carry__5/O[1]
                         net (fo=1, routed)           0.812     5.316    DB_i/target_moving_0/U0/data0[26]
    SLICE_X28Y85         LUT3 (Prop_lut3_I0_O)        0.331     5.647 r  DB_i/target_moving_0/U0/sec_cnt[26]_i_1/O
                         net (fo=1, routed)           0.000     5.647    DB_i/target_moving_0/U0/sec_cnt_0[26]
    SLICE_X28Y85         FDCE                                         r  DB_i/target_moving_0/U0/sec_cnt_reg[26]/D
  -------------------------------------------------------------------    -------------------

                         (clock clk_out1_DB_clk_wiz_0_0 rise edge)
                                                      2.500     2.500 r  
    BUFGCTRL_X0Y16       BUFG                         0.000     2.500 r  DB_i/processing_system7_0/inst/buffer_fclk_clk_0.FCLK_CLK_0_BUFG/O
                         net (fo=819, routed)         1.612     4.112    DB_i/clk_wiz_0/inst/clk_in1
    MMCME2_ADV_X1Y0      MMCME2_ADV (Prop_mmcme2_adv_CLKIN1_CLKOUT0)
                                                     -3.425     0.687 r  DB_i/clk_wiz_0/inst/mmcm_adv_inst/CLKOUT0
                         net (fo=1, routed)           1.725     2.412    DB_i/clk_wiz_0/inst/clk_out1_DB_clk_wiz_0_0
    BUFGCTRL_X0Y0        BUFG (Prop_bufg_I_O)         0.091     2.503 r  DB_i/clk_wiz_0/inst/clkout1_buf/O
                         net (fo=87, routed)          1.523     4.026    DB_i/target_moving_0/U0/clk
    SLICE_X28Y85         FDCE                                         r  DB_i/target_moving_0/U0/sec_cnt_reg[26]/C
                         clock pessimism              0.149     4.175    
                         clock uncertainty           -0.054     4.121    
    SLICE_X28Y85         FDCE (Setup_fdce_C_D)        0.075     4.196    DB_i/target_moving_0/U0/sec_cnt_reg[26]
  -------------------------------------------------------------------
                         required time                          4.196    
                         arrival time                          -5.647    
  -------------------------------------------------------------------
                         slack                                 -1.451    

Slack (VIOLATED) :        -1.285ns  (required time - arrival time)
  Source:                 DB_i/target_moving_0/U0/sec_cnt_reg[9]/C
                            (rising edge-triggered cell FDCE clocked by clk_out1_DB_clk_wiz_0_0  {rise@0.000ns fall@1.250ns period=2.500ns})
  Destination:            DB_i/target_moving_0/U0/target_pos_reg[4]/CE
                            (rising edge-triggered cell FDCE clocked by clk_out1_DB_clk_wiz_0_0  {rise@0.000ns fall@1.250ns period=2.500ns})
  Path Group:             clk_out1_DB_clk_wiz_0_0
  Path Type:              Setup (Max at Slow Process Corner)
  Requirement:            2.500ns  (clk_out1_DB_clk_wiz_0_0 rise@2.500ns - clk_out1_DB_clk_wiz_0_0 rise@0.000ns)
  Data Path Delay:        3.425ns  (logic 1.021ns (29.806%)  route 2.404ns (70.194%))
  Logic Levels:           3  (LUT6=3)
  Clock Path Skew:        -0.101ns (DCD - SCD + CPR)
    Destination Clock Delay (DCD):    1.481ns = ( 3.981 - 2.500 ) 
    Source Clock Delay      (SCD):    1.696ns
    Clock Pessimism Removal (CPR):    0.114ns
  Clock Uncertainty:      0.054ns  ((TSJ^2 + DJ^2)^1/2) / 2 + PE
    Total System Jitter     (TSJ):    0.071ns
    Discrete Jitter          (DJ):    0.082ns
    Phase Error              (PE):    0.000ns

    Location             Delay type                Incr(ns)  Path(ns)    Netlist Resource(s)
  -------------------------------------------------------------------    -------------------
                         (clock clk_out1_DB_clk_wiz_0_0 rise edge)
                                                      0.000     0.000 r  
    BUFGCTRL_X0Y16       BUFG                         0.000     0.000 r  DB_i/processing_system7_0/inst/buffer_fclk_clk_0.FCLK_CLK_0_BUFG/O
                         net (fo=819, routed)         1.806     1.806    DB_i/clk_wiz_0/inst/clk_in1
    MMCME2_ADV_X1Y0      MMCME2_ADV (Prop_mmcme2_adv_CLKIN1_CLKOUT0)
                                                     -3.793    -1.987 r  DB_i/clk_wiz_0/inst/mmcm_adv_inst/CLKOUT0
                         net (fo=1, routed)           1.889    -0.098    DB_i/clk_wiz_0/inst/clk_out1_DB_clk_wiz_0_0
    BUFGCTRL_X0Y0        BUFG (Prop_bufg_I_O)         0.101     0.003 r  DB_i/clk_wiz_0/inst/clkout1_buf/O
                         net (fo=87, routed)          1.693     1.696    DB_i/target_moving_0/U0/clk
    SLICE_X30Y82         FDCE                                         r  DB_i/target_moving_0/U0/sec_cnt_reg[9]/C
  -------------------------------------------------------------------    -------------------
    SLICE_X30Y82         FDCE (Prop_fdce_C_Q)         0.478     2.174 r  DB_i/target_moving_0/U0/sec_cnt_reg[9]/Q
                         net (fo=2, routed)           0.809     2.983    DB_i/target_moving_0/U0/sec_cnt[9]
    SLICE_X28Y82         LUT6 (Prop_lut6_I0_O)        0.295     3.278 f  DB_i/target_moving_0/U0/sec_cnt[28]_i_4/O
                         net (fo=1, routed)           0.430     3.708    DB_i/target_moving_0/U0/sec_cnt[28]_i_4_n_0
    SLICE_X28Y82         LUT6 (Prop_lut6_I0_O)        0.124     3.832 f  DB_i/target_moving_0/U0/sec_cnt[28]_i_2/O
                         net (fo=29, routed)          0.364     4.196    DB_i/target_moving_0/U0/sec_cnt[28]_i_2_n_0
    SLICE_X31Y82         LUT6 (Prop_lut6_I5_O)        0.124     4.320 r  DB_i/target_moving_0/U0/target_pos[4]_i_1/O
                         net (fo=15, routed)          0.802     5.121    DB_i/target_moving_0/U0/target_pos
    SLICE_X35Y86         FDCE                                         r  DB_i/target_moving_0/U0/target_pos_reg[4]/CE
  -------------------------------------------------------------------    -------------------

                         (clock clk_out1_DB_clk_wiz_0_0 rise edge)
                                                      2.500     2.500 r  
    BUFGCTRL_X0Y16       BUFG                         0.000     2.500 r  DB_i/processing_system7_0/inst/buffer_fclk_clk_0.FCLK_CLK_0_BUFG/O
                         net (fo=819, routed)         1.612     4.112    DB_i/clk_wiz_0/inst/clk_in1
    MMCME2_ADV_X1Y0      MMCME2_ADV (Prop_mmcme2_adv_CLKIN1_CLKOUT0)
                                                     -3.425     0.687 r  DB_i/clk_wiz_0/inst/mmcm_adv_inst/CLKOUT0
                         net (fo=1, routed)           1.725     2.412    DB_i/clk_wiz_0/inst/clk_out1_DB_clk_wiz_0_0
    BUFGCTRL_X0Y0        BUFG (Prop_bufg_I_O)         0.091     2.503 r  DB_i/clk_wiz_0/inst/clkout1_buf/O
                         net (fo=87, routed)          1.478     3.981    DB_i/target_moving_0/U0/clk
    SLICE_X35Y86         FDCE                                         r  DB_i/target_moving_0/U0/target_pos_reg[4]/C
                         clock pessimism              0.114     4.095    
                         clock uncertainty           -0.054     4.041    
    SLICE_X35Y86         FDCE (Setup_fdce_C_CE)      -0.205     3.836    DB_i/target_moving_0/U0/target_pos_reg[4]
  -------------------------------------------------------------------
                         required time                          3.836    
                         arrival time                          -5.121    
  -------------------------------------------------------------------
                         slack                                 -1.285    

Slack (VIOLATED) :        -1.278ns  (required time - arrival time)
  Source:                 DB_i/target_moving_0/U0/sec_cnt_reg[2]/C
                            (rising edge-triggered cell FDCE clocked by clk_out1_DB_clk_wiz_0_0  {rise@0.000ns fall@1.250ns period=2.500ns})
  Destination:            DB_i/target_moving_0/U0/sec_cnt_reg[28]/D
                            (rising edge-triggered cell FDCE clocked by clk_out1_DB_clk_wiz_0_0  {rise@0.000ns fall@1.250ns period=2.500ns})
  Path Group:             clk_out1_DB_clk_wiz_0_0
  Path Type:              Setup (Max at Slow Process Corner)
  Requirement:            2.500ns  (clk_out1_DB_clk_wiz_0_0 rise@2.500ns - clk_out1_DB_clk_wiz_0_0 rise@0.000ns)
  Data Path Delay:        3.781ns  (logic 2.486ns (65.754%)  route 1.295ns (34.246%))
  Logic Levels:           8  (CARRY4=7 LUT3=1)
  Clock Path Skew:        -0.018ns (DCD - SCD + CPR)
    Destination Clock Delay (DCD):    1.526ns = ( 4.026 - 2.500 ) 
    Source Clock Delay      (SCD):    1.693ns
    Clock Pessimism Removal (CPR):    0.149ns
  Clock Uncertainty:      0.054ns  ((TSJ^2 + DJ^2)^1/2) / 2 + PE
    Total System Jitter     (TSJ):    0.071ns
    Discrete Jitter          (DJ):    0.082ns
    Phase Error              (PE):    0.000ns

    Location             Delay type                Incr(ns)  Path(ns)    Netlist Resource(s)
  -------------------------------------------------------------------    -------------------
                         (clock clk_out1_DB_clk_wiz_0_0 rise edge)
                                                      0.000     0.000 r  
    BUFGCTRL_X0Y16       BUFG                         0.000     0.000 r  DB_i/processing_system7_0/inst/buffer_fclk_clk_0.FCLK_CLK_0_BUFG/O
                         net (fo=819, routed)         1.806     1.806    DB_i/clk_wiz_0/inst/clk_in1
    MMCME2_ADV_X1Y0      MMCME2_ADV (Prop_mmcme2_adv_CLKIN1_CLKOUT0)
                                                     -3.793    -1.987 r  DB_i/clk_wiz_0/inst/mmcm_adv_inst/CLKOUT0
                         net (fo=1, routed)           1.889    -0.098    DB_i/clk_wiz_0/inst/clk_out1_DB_clk_wiz_0_0
    BUFGCTRL_X0Y0        BUFG (Prop_bufg_I_O)         0.101     0.003 r  DB_i/clk_wiz_0/inst/clkout1_buf/O
                         net (fo=87, routed)          1.690     1.693    DB_i/target_moving_0/U0/clk
    SLICE_X28Y80         FDCE                                         r  DB_i/target_moving_0/U0/sec_cnt_reg[2]/C
  -------------------------------------------------------------------    -------------------
    SLICE_X28Y80         FDCE (Prop_fdce_C_Q)         0.419     2.112 r  DB_i/target_moving_0/U0/sec_cnt_reg[2]/Q
                         net (fo=2, routed)           0.639     2.751    DB_i/target_moving_0/U0/sec_cnt[2]
    SLICE_X29Y80         CARRY4 (Prop_carry4_S[1]_CO[3])
                                                      0.849     3.600 r  DB_i/target_moving_0/U0/sec_cnt0_carry/CO[3]
                         net (fo=1, routed)           0.000     3.600    DB_i/target_moving_0/U0/sec_cnt0_carry_n_0
    SLICE_X29Y81         CARRY4 (Prop_carry4_CI_CO[3])
                                                      0.114     3.714 r  DB_i/target_moving_0/U0/sec_cnt0_carry__0/CO[3]
                         net (fo=1, routed)           0.000     3.714    DB_i/target_moving_0/U0/sec_cnt0_carry__0_n_0
    SLICE_X29Y82         CARRY4 (Prop_carry4_CI_CO[3])
                                                      0.114     3.828 r  DB_i/target_moving_0/U0/sec_cnt0_carry__1/CO[3]
                         net (fo=1, routed)           0.000     3.828    DB_i/target_moving_0/U0/sec_cnt0_carry__1_n_0
    SLICE_X29Y83         CARRY4 (Prop_carry4_CI_CO[3])
                                                      0.114     3.942 r  DB_i/target_moving_0/U0/sec_cnt0_carry__2/CO[3]
                         net (fo=1, routed)           0.000     3.942    DB_i/target_moving_0/U0/sec_cnt0_carry__2_n_0
    SLICE_X29Y84         CARRY4 (Prop_carry4_CI_CO[3])
                                                      0.114     4.056 r  DB_i/target_moving_0/U0/sec_cnt0_carry__3/CO[3]
                         net (fo=1, routed)           0.000     4.056    DB_i/target_moving_0/U0/sec_cnt0_carry__3_n_0
    SLICE_X29Y85         CARRY4 (Prop_carry4_CI_CO[3])
                                                      0.114     4.170 r  DB_i/target_moving_0/U0/sec_cnt0_carry__4/CO[3]
                         net (fo=1, routed)           0.000     4.170    DB_i/target_moving_0/U0/sec_cnt0_carry__4_n_0
    SLICE_X29Y86         CARRY4 (Prop_carry4_CI_O[3])
                                                      0.313     4.483 r  DB_i/target_moving_0/U0/sec_cnt0_carry__5/O[3]
                         net (fo=1, routed)           0.655     5.139    DB_i/target_moving_0/U0/data0[28]
    SLICE_X28Y85         LUT3 (Prop_lut3_I0_O)        0.335     5.474 r  DB_i/target_moving_0/U0/sec_cnt[28]_i_1/O
                         net (fo=1, routed)           0.000     5.474    DB_i/target_moving_0/U0/sec_cnt_0[28]
    SLICE_X28Y85         FDCE                                         r  DB_i/target_moving_0/U0/sec_cnt_reg[28]/D
  -------------------------------------------------------------------    -------------------

                         (clock clk_out1_DB_clk_wiz_0_0 rise edge)
                                                      2.500     2.500 r  
    BUFGCTRL_X0Y16       BUFG                         0.000     2.500 r  DB_i/processing_system7_0/inst/buffer_fclk_clk_0.FCLK_CLK_0_BUFG/O
                         net (fo=819, routed)         1.612     4.112    DB_i/clk_wiz_0/inst/clk_in1
    MMCME2_ADV_X1Y0      MMCME2_ADV (Prop_mmcme2_adv_CLKIN1_CLKOUT0)
                                                     -3.425     0.687 r  DB_i/clk_wiz_0/inst/mmcm_adv_inst/CLKOUT0
                         net (fo=1, routed)           1.725     2.412    DB_i/clk_wiz_0/inst/clk_out1_DB_clk_wiz_0_0
    BUFGCTRL_X0Y0        BUFG (Prop_bufg_I_O)         0.091     2.503 r  DB_i/clk_wiz_0/inst/clkout1_buf/O
                         net (fo=87, routed)          1.523     4.026    DB_i/target_moving_0/U0/clk
    SLICE_X28Y85         FDCE                                         r  DB_i/target_moving_0/U0/sec_cnt_reg[28]/C
                         clock pessimism              0.149     4.175    
                         clock uncertainty           -0.054     4.121    
    SLICE_X28Y85         FDCE (Setup_fdce_C_D)        0.075     4.196    DB_i/target_moving_0/U0/sec_cnt_reg[28]
  -------------------------------------------------------------------
                         required time                          4.196    
                         arrival time                          -5.474    
  -------------------------------------------------------------------
                         slack                                 -1.278    

Slack (VIOLATED) :        -1.231ns  (required time - arrival time)
  Source:                 DB_i/target_moving_0/U0/sec_cnt_reg[9]/C
                            (rising edge-triggered cell FDCE clocked by clk_out1_DB_clk_wiz_0_0  {rise@0.000ns fall@1.250ns period=2.500ns})
  Destination:            DB_i/target_moving_0/U0/target_pos_reg[10]/CE
                            (rising edge-triggered cell FDPE clocked by clk_out1_DB_clk_wiz_0_0  {rise@0.000ns fall@1.250ns period=2.500ns})
  Path Group:             clk_out1_DB_clk_wiz_0_0
  Path Type:              Setup (Max at Slow Process Corner)
  Requirement:            2.500ns  (clk_out1_DB_clk_wiz_0_0 rise@2.500ns - clk_out1_DB_clk_wiz_0_0 rise@0.000ns)
  Data Path Delay:        3.370ns  (logic 1.021ns (30.296%)  route 2.349ns (69.704%))
  Logic Levels:           3  (LUT6=3)
  Clock Path Skew:        -0.102ns (DCD - SCD + CPR)
    Destination Clock Delay (DCD):    1.480ns = ( 3.980 - 2.500 ) 
    Source Clock Delay      (SCD):    1.696ns
    Clock Pessimism Removal (CPR):    0.114ns
  Clock Uncertainty:      0.054ns  ((TSJ^2 + DJ^2)^1/2) / 2 + PE
    Total System Jitter     (TSJ):    0.071ns
    Discrete Jitter          (DJ):    0.082ns
    Phase Error              (PE):    0.000ns

    Location             Delay type                Incr(ns)  Path(ns)    Netlist Resource(s)
  -------------------------------------------------------------------    -------------------
                         (clock clk_out1_DB_clk_wiz_0_0 rise edge)
                                                      0.000     0.000 r  
    BUFGCTRL_X0Y16       BUFG                         0.000     0.000 r  DB_i/processing_system7_0/inst/buffer_fclk_clk_0.FCLK_CLK_0_BUFG/O
                         net (fo=819, routed)         1.806     1.806    DB_i/clk_wiz_0/inst/clk_in1
    MMCME2_ADV_X1Y0      MMCME2_ADV (Prop_mmcme2_adv_CLKIN1_CLKOUT0)
                                                     -3.793    -1.987 r  DB_i/clk_wiz_0/inst/mmcm_adv_inst/CLKOUT0
                         net (fo=1, routed)           1.889    -0.098    DB_i/clk_wiz_0/inst/clk_out1_DB_clk_wiz_0_0
    BUFGCTRL_X0Y0        BUFG (Prop_bufg_I_O)         0.101     0.003 r  DB_i/clk_wiz_0/inst/clkout1_buf/O
                         net (fo=87, routed)          1.693     1.696    DB_i/target_moving_0/U0/clk
    SLICE_X30Y82         FDCE                                         r  DB_i/target_moving_0/U0/sec_cnt_reg[9]/C
  -------------------------------------------------------------------    -------------------
    SLICE_X30Y82         FDCE (Prop_fdce_C_Q)         0.478     2.174 r  DB_i/target_moving_0/U0/sec_cnt_reg[9]/Q
                         net (fo=2, routed)           0.809     2.983    DB_i/target_moving_0/U0/sec_cnt[9]
    SLICE_X28Y82         LUT6 (Prop_lut6_I0_O)        0.295     3.278 f  DB_i/target_moving_0/U0/sec_cnt[28]_i_4/O
                         net (fo=1, routed)           0.430     3.708    DB_i/target_moving_0/U0/sec_cnt[28]_i_4_n_0
    SLICE_X28Y82         LUT6 (Prop_lut6_I0_O)        0.124     3.832 f  DB_i/target_moving_0/U0/sec_cnt[28]_i_2/O
                         net (fo=29, routed)          0.364     4.196    DB_i/target_moving_0/U0/sec_cnt[28]_i_2_n_0
    SLICE_X31Y82         LUT6 (Prop_lut6_I5_O)        0.124     4.320 r  DB_i/target_moving_0/U0/target_pos[4]_i_1/O
                         net (fo=15, routed)          0.747     5.066    DB_i/target_moving_0/U0/target_pos
    SLICE_X33Y86         FDPE                                         r  DB_i/target_moving_0/U0/target_pos_reg[10]/CE
  -------------------------------------------------------------------    -------------------

                         (clock clk_out1_DB_clk_wiz_0_0 rise edge)
                                                      2.500     2.500 r  
    BUFGCTRL_X0Y16       BUFG                         0.000     2.500 r  DB_i/processing_system7_0/inst/buffer_fclk_clk_0.FCLK_CLK_0_BUFG/O
                         net (fo=819, routed)         1.612     4.112    DB_i/clk_wiz_0/inst/clk_in1
    MMCME2_ADV_X1Y0      MMCME2_ADV (Prop_mmcme2_adv_CLKIN1_CLKOUT0)
                                                     -3.425     0.687 r  DB_i/clk_wiz_0/inst/mmcm_adv_inst/CLKOUT0
                         net (fo=1, routed)           1.725     2.412    DB_i/clk_wiz_0/inst/clk_out1_DB_clk_wiz_0_0
    BUFGCTRL_X0Y0        BUFG (Prop_bufg_I_O)         0.091     2.503 r  DB_i/clk_wiz_0/inst/clkout1_buf/O
                         net (fo=87, routed)          1.477     3.980    DB_i/target_moving_0/U0/clk
    SLICE_X33Y86         FDPE                                         r  DB_i/target_moving_0/U0/target_pos_reg[10]/C
                         clock pessimism              0.114     4.094    
                         clock uncertainty           -0.054     4.040    
    SLICE_X33Y86         FDPE (Setup_fdpe_C_CE)      -0.205     3.835    DB_i/target_moving_0/U0/target_pos_reg[10]
  -------------------------------------------------------------------
                         required time                          3.835    
                         arrival time                          -5.066    
  -------------------------------------------------------------------
                         slack                                 -1.231    

Slack (VIOLATED) :        -1.231ns  (required time - arrival time)
  Source:                 DB_i/target_moving_0/U0/sec_cnt_reg[9]/C
                            (rising edge-triggered cell FDCE clocked by clk_out1_DB_clk_wiz_0_0  {rise@0.000ns fall@1.250ns period=2.500ns})
  Destination:            DB_i/target_moving_0/U0/target_pos_reg[7]/CE
                            (rising edge-triggered cell FDCE clocked by clk_out1_DB_clk_wiz_0_0  {rise@0.000ns fall@1.250ns period=2.500ns})
  Path Group:             clk_out1_DB_clk_wiz_0_0
  Path Type:              Setup (Max at Slow Process Corner)
  Requirement:            2.500ns  (clk_out1_DB_clk_wiz_0_0 rise@2.500ns - clk_out1_DB_clk_wiz_0_0 rise@0.000ns)
  Data Path Delay:        3.370ns  (logic 1.021ns (30.296%)  route 2.349ns (69.704%))
  Logic Levels:           3  (LUT6=3)
  Clock Path Skew:        -0.102ns (DCD - SCD + CPR)
    Destination Clock Delay (DCD):    1.480ns = ( 3.980 - 2.500 ) 
    Source Clock Delay      (SCD):    1.696ns
    Clock Pessimism Removal (CPR):    0.114ns
  Clock Uncertainty:      0.054ns  ((TSJ^2 + DJ^2)^1/2) / 2 + PE
    Total System Jitter     (TSJ):    0.071ns
    Discrete Jitter          (DJ):    0.082ns
    Phase Error              (PE):    0.000ns

    Location             Delay type                Incr(ns)  Path(ns)    Netlist Resource(s)
  -------------------------------------------------------------------    -------------------
                         (clock clk_out1_DB_clk_wiz_0_0 rise edge)
                                                      0.000     0.000 r  
    BUFGCTRL_X0Y16       BUFG                         0.000     0.000 r  DB_i/processing_system7_0/inst/buffer_fclk_clk_0.FCLK_CLK_0_BUFG/O
                         net (fo=819, routed)         1.806     1.806    DB_i/clk_wiz_0/inst/clk_in1
    MMCME2_ADV_X1Y0      MMCME2_ADV (Prop_mmcme2_adv_CLKIN1_CLKOUT0)
                                                     -3.793    -1.987 r  DB_i/clk_wiz_0/inst/mmcm_adv_inst/CLKOUT0
                         net (fo=1, routed)           1.889    -0.098    DB_i/clk_wiz_0/inst/clk_out1_DB_clk_wiz_0_0
    BUFGCTRL_X0Y0        BUFG (Prop_bufg_I_O)         0.101     0.003 r  DB_i/clk_wiz_0/inst/clkout1_buf/O
                         net (fo=87, routed)          1.693     1.696    DB_i/target_moving_0/U0/clk
    SLICE_X30Y82         FDCE                                         r  DB_i/target_moving_0/U0/sec_cnt_reg[9]/C
  -------------------------------------------------------------------    -------------------
    SLICE_X30Y82         FDCE (Prop_fdce_C_Q)         0.478     2.174 r  DB_i/target_moving_0/U0/sec_cnt_reg[9]/Q
                         net (fo=2, routed)           0.809     2.983    DB_i/target_moving_0/U0/sec_cnt[9]
    SLICE_X28Y82         LUT6 (Prop_lut6_I0_O)        0.295     3.278 f  DB_i/target_moving_0/U0/sec_cnt[28]_i_4/O
                         net (fo=1, routed)           0.430     3.708    DB_i/target_moving_0/U0/sec_cnt[28]_i_4_n_0
    SLICE_X28Y82         LUT6 (Prop_lut6_I0_O)        0.124     3.832 f  DB_i/target_moving_0/U0/sec_cnt[28]_i_2/O
                         net (fo=29, routed)          0.364     4.196    DB_i/target_moving_0/U0/sec_cnt[28]_i_2_n_0
    SLICE_X31Y82         LUT6 (Prop_lut6_I5_O)        0.124     4.320 r  DB_i/target_moving_0/U0/target_pos[4]_i_1/O
                         net (fo=15, routed)          0.747     5.066    DB_i/target_moving_0/U0/target_pos
    SLICE_X33Y86         FDCE                                         r  DB_i/target_moving_0/U0/target_pos_reg[7]/CE
  -------------------------------------------------------------------    -------------------

                         (clock clk_out1_DB_clk_wiz_0_0 rise edge)
                                                      2.500     2.500 r  
    BUFGCTRL_X0Y16       BUFG                         0.000     2.500 r  DB_i/processing_system7_0/inst/buffer_fclk_clk_0.FCLK_CLK_0_BUFG/O
                         net (fo=819, routed)         1.612     4.112    DB_i/clk_wiz_0/inst/clk_in1
    MMCME2_ADV_X1Y0      MMCME2_ADV (Prop_mmcme2_adv_CLKIN1_CLKOUT0)
                                                     -3.425     0.687 r  DB_i/clk_wiz_0/inst/mmcm_adv_inst/CLKOUT0
                         net (fo=1, routed)           1.725     2.412    DB_i/clk_wiz_0/inst/clk_out1_DB_clk_wiz_0_0
    BUFGCTRL_X0Y0        BUFG (Prop_bufg_I_O)         0.091     2.503 r  DB_i/clk_wiz_0/inst/clkout1_buf/O
                         net (fo=87, routed)          1.477     3.980    DB_i/target_moving_0/U0/clk
    SLICE_X33Y86         FDCE                                         r  DB_i/target_moving_0/U0/target_pos_reg[7]/C
                         clock pessimism              0.114     4.094    
                         clock uncertainty           -0.054     4.040    
    SLICE_X33Y86         FDCE (Setup_fdce_C_CE)      -0.205     3.835    DB_i/target_moving_0/U0/target_pos_reg[7]
  -------------------------------------------------------------------
                         required time                          3.835    
                         arrival time                          -5.066    
  -------------------------------------------------------------------
                         slack                                 -1.231    

Slack (VIOLATED) :        -1.231ns  (required time - arrival time)
  Source:                 DB_i/target_moving_0/U0/sec_cnt_reg[9]/C
                            (rising edge-triggered cell FDCE clocked by clk_out1_DB_clk_wiz_0_0  {rise@0.000ns fall@1.250ns period=2.500ns})
  Destination:            DB_i/target_moving_0/U0/target_pos_reg[8]/CE
                            (rising edge-triggered cell FDPE clocked by clk_out1_DB_clk_wiz_0_0  {rise@0.000ns fall@1.250ns period=2.500ns})
  Path Group:             clk_out1_DB_clk_wiz_0_0
  Path Type:              Setup (Max at Slow Process Corner)
  Requirement:            2.500ns  (clk_out1_DB_clk_wiz_0_0 rise@2.500ns - clk_out1_DB_clk_wiz_0_0 rise@0.000ns)
  Data Path Delay:        3.370ns  (logic 1.021ns (30.296%)  route 2.349ns (69.704%))
  Logic Levels:           3  (LUT6=3)
  Clock Path Skew:        -0.102ns (DCD - SCD + CPR)
    Destination Clock Delay (DCD):    1.480ns = ( 3.980 - 2.500 ) 
    Source Clock Delay      (SCD):    1.696ns
    Clock Pessimism Removal (CPR):    0.114ns
  Clock Uncertainty:      0.054ns  ((TSJ^2 + DJ^2)^1/2) / 2 + PE
    Total System Jitter     (TSJ):    0.071ns
    Discrete Jitter          (DJ):    0.082ns
    Phase Error              (PE):    0.000ns

    Location             Delay type                Incr(ns)  Path(ns)    Netlist Resource(s)
  -------------------------------------------------------------------    -------------------
                         (clock clk_out1_DB_clk_wiz_0_0 rise edge)
                                                      0.000     0.000 r  
    BUFGCTRL_X0Y16       BUFG                         0.000     0.000 r  DB_i/processing_system7_0/inst/buffer_fclk_clk_0.FCLK_CLK_0_BUFG/O
                         net (fo=819, routed)         1.806     1.806    DB_i/clk_wiz_0/inst/clk_in1
    MMCME2_ADV_X1Y0      MMCME2_ADV (Prop_mmcme2_adv_CLKIN1_CLKOUT0)
                                                     -3.793    -1.987 r  DB_i/clk_wiz_0/inst/mmcm_adv_inst/CLKOUT0
                         net (fo=1, routed)           1.889    -0.098    DB_i/clk_wiz_0/inst/clk_out1_DB_clk_wiz_0_0
    BUFGCTRL_X0Y0        BUFG (Prop_bufg_I_O)         0.101     0.003 r  DB_i/clk_wiz_0/inst/clkout1_buf/O
                         net (fo=87, routed)          1.693     1.696    DB_i/target_moving_0/U0/clk
    SLICE_X30Y82         FDCE                                         r  DB_i/target_moving_0/U0/sec_cnt_reg[9]/C
  -------------------------------------------------------------------    -------------------
    SLICE_X30Y82         FDCE (Prop_fdce_C_Q)         0.478     2.174 r  DB_i/target_moving_0/U0/sec_cnt_reg[9]/Q
                         net (fo=2, routed)           0.809     2.983    DB_i/target_moving_0/U0/sec_cnt[9]
    SLICE_X28Y82         LUT6 (Prop_lut6_I0_O)        0.295     3.278 f  DB_i/target_moving_0/U0/sec_cnt[28]_i_4/O
                         net (fo=1, routed)           0.430     3.708    DB_i/target_moving_0/U0/sec_cnt[28]_i_4_n_0
    SLICE_X28Y82         LUT6 (Prop_lut6_I0_O)        0.124     3.832 f  DB_i/target_moving_0/U0/sec_cnt[28]_i_2/O
                         net (fo=29, routed)          0.364     4.196    DB_i/target_moving_0/U0/sec_cnt[28]_i_2_n_0
    SLICE_X31Y82         LUT6 (Prop_lut6_I5_O)        0.124     4.320 r  DB_i/target_moving_0/U0/target_pos[4]_i_1/O
                         net (fo=15, routed)          0.747     5.066    DB_i/target_moving_0/U0/target_pos
    SLICE_X33Y86         FDPE                                         r  DB_i/target_moving_0/U0/target_pos_reg[8]/CE
  -------------------------------------------------------------------    -------------------

                         (clock clk_out1_DB_clk_wiz_0_0 rise edge)
                                                      2.500     2.500 r  
    BUFGCTRL_X0Y16       BUFG                         0.000     2.500 r  DB_i/processing_system7_0/inst/buffer_fclk_clk_0.FCLK_CLK_0_BUFG/O
                         net (fo=819, routed)         1.612     4.112    DB_i/clk_wiz_0/inst/clk_in1
    MMCME2_ADV_X1Y0      MMCME2_ADV (Prop_mmcme2_adv_CLKIN1_CLKOUT0)
                                                     -3.425     0.687 r  DB_i/clk_wiz_0/inst/mmcm_adv_inst/CLKOUT0
                         net (fo=1, routed)           1.725     2.412    DB_i/clk_wiz_0/inst/clk_out1_DB_clk_wiz_0_0
    BUFGCTRL_X0Y0        BUFG (Prop_bufg_I_O)         0.091     2.503 r  DB_i/clk_wiz_0/inst/clkout1_buf/O
                         net (fo=87, routed)          1.477     3.980    DB_i/target_moving_0/U0/clk
    SLICE_X33Y86         FDPE                                         r  DB_i/target_moving_0/U0/target_pos_reg[8]/C
                         clock pessimism              0.114     4.094    
                         clock uncertainty           -0.054     4.040    
    SLICE_X33Y86         FDPE (Setup_fdpe_C_CE)      -0.205     3.835    DB_i/target_moving_0/U0/target_pos_reg[8]
  -------------------------------------------------------------------
                         required time                          3.835    
                         arrival time                          -5.066    
  -------------------------------------------------------------------
                         slack                                 -1.231    

Slack (VIOLATED) :        -1.231ns  (required time - arrival time)
  Source:                 DB_i/target_moving_0/U0/sec_cnt_reg[9]/C
                            (rising edge-triggered cell FDCE clocked by clk_out1_DB_clk_wiz_0_0  {rise@0.000ns fall@1.250ns period=2.500ns})
  Destination:            DB_i/target_moving_0/U0/target_pos_reg[9]/CE
                            (rising edge-triggered cell FDCE clocked by clk_out1_DB_clk_wiz_0_0  {rise@0.000ns fall@1.250ns period=2.500ns})
  Path Group:             clk_out1_DB_clk_wiz_0_0
  Path Type:              Setup (Max at Slow Process Corner)
  Requirement:            2.500ns  (clk_out1_DB_clk_wiz_0_0 rise@2.500ns - clk_out1_DB_clk_wiz_0_0 rise@0.000ns)
  Data Path Delay:        3.370ns  (logic 1.021ns (30.296%)  route 2.349ns (69.704%))
  Logic Levels:           3  (LUT6=3)
  Clock Path Skew:        -0.102ns (DCD - SCD + CPR)
    Destination Clock Delay (DCD):    1.480ns = ( 3.980 - 2.500 ) 
    Source Clock Delay      (SCD):    1.696ns
    Clock Pessimism Removal (CPR):    0.114ns
  Clock Uncertainty:      0.054ns  ((TSJ^2 + DJ^2)^1/2) / 2 + PE
    Total System Jitter     (TSJ):    0.071ns
    Discrete Jitter          (DJ):    0.082ns
    Phase Error              (PE):    0.000ns

    Location             Delay type                Incr(ns)  Path(ns)    Netlist Resource(s)
  -------------------------------------------------------------------    -------------------
                         (clock clk_out1_DB_clk_wiz_0_0 rise edge)
                                                      0.000     0.000 r  
    BUFGCTRL_X0Y16       BUFG                         0.000     0.000 r  DB_i/processing_system7_0/inst/buffer_fclk_clk_0.FCLK_CLK_0_BUFG/O
                         net (fo=819, routed)         1.806     1.806    DB_i/clk_wiz_0/inst/clk_in1
    MMCME2_ADV_X1Y0      MMCME2_ADV (Prop_mmcme2_adv_CLKIN1_CLKOUT0)
                                                     -3.793    -1.987 r  DB_i/clk_wiz_0/inst/mmcm_adv_inst/CLKOUT0
                         net (fo=1, routed)           1.889    -0.098    DB_i/clk_wiz_0/inst/clk_out1_DB_clk_wiz_0_0
    BUFGCTRL_X0Y0        BUFG (Prop_bufg_I_O)         0.101     0.003 r  DB_i/clk_wiz_0/inst/clkout1_buf/O
                         net (fo=87, routed)          1.693     1.696    DB_i/target_moving_0/U0/clk
    SLICE_X30Y82         FDCE                                         r  DB_i/target_moving_0/U0/sec_cnt_reg[9]/C
  -------------------------------------------------------------------    -------------------
    SLICE_X30Y82         FDCE (Prop_fdce_C_Q)         0.478     2.174 r  DB_i/target_moving_0/U0/sec_cnt_reg[9]/Q
                         net (fo=2, routed)           0.809     2.983    DB_i/target_moving_0/U0/sec_cnt[9]
    SLICE_X28Y82         LUT6 (Prop_lut6_I0_O)        0.295     3.278 f  DB_i/target_moving_0/U0/sec_cnt[28]_i_4/O
                         net (fo=1, routed)           0.430     3.708    DB_i/target_moving_0/U0/sec_cnt[28]_i_4_n_0
    SLICE_X28Y82         LUT6 (Prop_lut6_I0_O)        0.124     3.832 f  DB_i/target_moving_0/U0/sec_cnt[28]_i_2/O
                         net (fo=29, routed)          0.364     4.196    DB_i/target_moving_0/U0/sec_cnt[28]_i_2_n_0
    SLICE_X31Y82         LUT6 (Prop_lut6_I5_O)        0.124     4.320 r  DB_i/target_moving_0/U0/target_pos[4]_i_1/O
                         net (fo=15, routed)          0.747     5.066    DB_i/target_moving_0/U0/target_pos
    SLICE_X33Y86         FDCE                                         r  DB_i/target_moving_0/U0/target_pos_reg[9]/CE
  -------------------------------------------------------------------    -------------------

                         (clock clk_out1_DB_clk_wiz_0_0 rise edge)
                                                      2.500     2.500 r  
    BUFGCTRL_X0Y16       BUFG                         0.000     2.500 r  DB_i/processing_system7_0/inst/buffer_fclk_clk_0.FCLK_CLK_0_BUFG/O
                         net (fo=819, routed)         1.612     4.112    DB_i/clk_wiz_0/inst/clk_in1
    MMCME2_ADV_X1Y0      MMCME2_ADV (Prop_mmcme2_adv_CLKIN1_CLKOUT0)
                                                     -3.425     0.687 r  DB_i/clk_wiz_0/inst/mmcm_adv_inst/CLKOUT0
                         net (fo=1, routed)           1.725     2.412    DB_i/clk_wiz_0/inst/clk_out1_DB_clk_wiz_0_0
    BUFGCTRL_X0Y0        BUFG (Prop_bufg_I_O)         0.091     2.503 r  DB_i/clk_wiz_0/inst/clkout1_buf/O
                         net (fo=87, routed)          1.477     3.980    DB_i/target_moving_0/U0/clk
    SLICE_X33Y86         FDCE                                         r  DB_i/target_moving_0/U0/target_pos_reg[9]/C
                         clock pessimism              0.114     4.094    
                         clock uncertainty           -0.054     4.040    
    SLICE_X33Y86         FDCE (Setup_fdce_C_CE)      -0.205     3.835    DB_i/target_moving_0/U0/target_pos_reg[9]
  -------------------------------------------------------------------
                         required time                          3.835    
                         arrival time                          -5.066    
  -------------------------------------------------------------------
                         slack                                 -1.231    





Min Delay Paths
--------------------------------------------------------------------------------------
Slack (MET) :             0.235ns  (arrival time - required time)
  Source:                 DB_i/target_moving_0/U0/sync_reg_reg/C
                            (rising edge-triggered cell FDCE clocked by clk_out1_DB_clk_wiz_0_0  {rise@0.000ns fall@1.250ns period=2.500ns})
  Destination:            DB_i/target_moving_0/U0/delay_cnt_reg[11]/D
                            (rising edge-triggered cell FDCE clocked by clk_out1_DB_clk_wiz_0_0  {rise@0.000ns fall@1.250ns period=2.500ns})
  Path Group:             clk_out1_DB_clk_wiz_0_0
  Path Type:              Hold (Min at Fast Process Corner)
  Requirement:            0.000ns  (clk_out1_DB_clk_wiz_0_0 rise@0.000ns - clk_out1_DB_clk_wiz_0_0 rise@0.000ns)
  Data Path Delay:        0.382ns  (logic 0.250ns (65.463%)  route 0.132ns (34.537%))
  Logic Levels:           2  (CARRY4=1 LUT3=1)
  Clock Path Skew:        0.013ns (DCD - SCD - CPR)
    Destination Clock Delay (DCD):    0.826ns
    Source Clock Delay      (SCD):    0.558ns
    Clock Pessimism Removal (CPR):    0.255ns

    Location             Delay type                Incr(ns)  Path(ns)    Netlist Resource(s)
  -------------------------------------------------------------------    -------------------
                         (clock clk_out1_DB_clk_wiz_0_0 rise edge)
                                                      0.000     0.000 r  
    BUFGCTRL_X0Y16       BUFG                         0.000     0.000 r  DB_i/processing_system7_0/inst/buffer_fclk_clk_0.FCLK_CLK_0_BUFG/O
                         net (fo=819, routed)         0.597     0.597    DB_i/clk_wiz_0/inst/clk_in1
    MMCME2_ADV_X1Y0      MMCME2_ADV (Prop_mmcme2_adv_CLKIN1_CLKOUT0)
                                                     -1.150    -0.553 r  DB_i/clk_wiz_0/inst/mmcm_adv_inst/CLKOUT0
                         net (fo=1, routed)           0.529    -0.024    DB_i/clk_wiz_0/inst/clk_out1_DB_clk_wiz_0_0
    BUFGCTRL_X0Y0        BUFG (Prop_bufg_I_O)         0.026     0.002 r  DB_i/clk_wiz_0/inst/clkout1_buf/O
                         net (fo=87, routed)          0.556     0.558    DB_i/target_moving_0/U0/clk
    SLICE_X37Y89         FDCE                                         r  DB_i/target_moving_0/U0/sync_reg_reg/C
  -------------------------------------------------------------------    -------------------
    SLICE_X37Y89         FDCE (Prop_fdce_C_Q)         0.141     0.699 r  DB_i/target_moving_0/U0/sync_reg_reg/Q
                         net (fo=22, routed)          0.132     0.831    DB_i/target_moving_0/U0/sync_reg
    SLICE_X36Y89         LUT3 (Prop_lut3_I1_O)        0.045     0.876 r  DB_i/target_moving_0/U0/delay_cnt[8]_i_2/O
                         net (fo=1, routed)           0.000     0.876    DB_i/target_moving_0/U0/delay_cnt[8]_i_2_n_0
    SLICE_X36Y89         CARRY4 (Prop_carry4_S[3]_O[3])
                                                      0.064     0.940 r  DB_i/target_moving_0/U0/delay_cnt_reg[8]_i_1/O[3]
                         net (fo=1, routed)           0.000     0.940    DB_i/target_moving_0/U0/delay_cnt_reg[8]_i_1_n_4
    SLICE_X36Y89         FDCE                                         r  DB_i/target_moving_0/U0/delay_cnt_reg[11]/D
  -------------------------------------------------------------------    -------------------

                         (clock clk_out1_DB_clk_wiz_0_0 rise edge)
                                                      0.000     0.000 r  
    BUFGCTRL_X0Y16       BUFG                         0.000     0.000 r  DB_i/processing_system7_0/inst/buffer_fclk_clk_0.FCLK_CLK_0_BUFG/O
                         net (fo=819, routed)         0.864     0.864    DB_i/clk_wiz_0/inst/clk_in1
    MMCME2_ADV_X1Y0      MMCME2_ADV (Prop_mmcme2_adv_CLKIN1_CLKOUT0)
                                                     -1.467    -0.603 r  DB_i/clk_wiz_0/inst/mmcm_adv_inst/CLKOUT0
                         net (fo=1, routed)           0.576    -0.027    DB_i/clk_wiz_0/inst/clk_out1_DB_clk_wiz_0_0
    BUFGCTRL_X0Y0        BUFG (Prop_bufg_I_O)         0.029     0.002 r  DB_i/clk_wiz_0/inst/clkout1_buf/O
                         net (fo=87, routed)          0.824     0.826    DB_i/target_moving_0/U0/clk
    SLICE_X36Y89         FDCE                                         r  DB_i/target_moving_0/U0/delay_cnt_reg[11]/C
                         clock pessimism             -0.255     0.571    
    SLICE_X36Y89         FDCE (Hold_fdce_C_D)         0.134     0.705    DB_i/target_moving_0/U0/delay_cnt_reg[11]
  -------------------------------------------------------------------
                         required time                         -0.705    
                         arrival time                           0.940    
  -------------------------------------------------------------------
                         slack                                  0.235    

Slack (MET) :             0.238ns  (arrival time - required time)
  Source:                 DB_i/target_moving_0/U0/sync_reg_reg/C
                            (rising edge-triggered cell FDCE clocked by clk_out1_DB_clk_wiz_0_0  {rise@0.000ns fall@1.250ns period=2.500ns})
  Destination:            DB_i/target_moving_0/U0/delay_cnt_reg[10]/D
                            (rising edge-triggered cell FDCE clocked by clk_out1_DB_clk_wiz_0_0  {rise@0.000ns fall@1.250ns period=2.500ns})
  Path Group:             clk_out1_DB_clk_wiz_0_0
  Path Type:              Hold (Min at Fast Process Corner)
  Requirement:            0.000ns  (clk_out1_DB_clk_wiz_0_0 rise@0.000ns - clk_out1_DB_clk_wiz_0_0 rise@0.000ns)
  Data Path Delay:        0.385ns  (logic 0.251ns (65.213%)  route 0.134ns (34.787%))
  Logic Levels:           2  (CARRY4=1 LUT3=1)
  Clock Path Skew:        0.013ns (DCD - SCD - CPR)
    Destination Clock Delay (DCD):    0.826ns
    Source Clock Delay      (SCD):    0.558ns
    Clock Pessimism Removal (CPR):    0.255ns

    Location             Delay type                Incr(ns)  Path(ns)    Netlist Resource(s)
  -------------------------------------------------------------------    -------------------
                         (clock clk_out1_DB_clk_wiz_0_0 rise edge)
                                                      0.000     0.000 r  
    BUFGCTRL_X0Y16       BUFG                         0.000     0.000 r  DB_i/processing_system7_0/inst/buffer_fclk_clk_0.FCLK_CLK_0_BUFG/O
                         net (fo=819, routed)         0.597     0.597    DB_i/clk_wiz_0/inst/clk_in1
    MMCME2_ADV_X1Y0      MMCME2_ADV (Prop_mmcme2_adv_CLKIN1_CLKOUT0)
                                                     -1.150    -0.553 r  DB_i/clk_wiz_0/inst/mmcm_adv_inst/CLKOUT0
                         net (fo=1, routed)           0.529    -0.024    DB_i/clk_wiz_0/inst/clk_out1_DB_clk_wiz_0_0
    BUFGCTRL_X0Y0        BUFG (Prop_bufg_I_O)         0.026     0.002 r  DB_i/clk_wiz_0/inst/clkout1_buf/O
                         net (fo=87, routed)          0.556     0.558    DB_i/target_moving_0/U0/clk
    SLICE_X37Y89         FDCE                                         r  DB_i/target_moving_0/U0/sync_reg_reg/C
  -------------------------------------------------------------------    -------------------
    SLICE_X37Y89         FDCE (Prop_fdce_C_Q)         0.141     0.699 r  DB_i/target_moving_0/U0/sync_reg_reg/Q
                         net (fo=22, routed)          0.134     0.833    DB_i/target_moving_0/U0/sync_reg
    SLICE_X36Y89         LUT3 (Prop_lut3_I1_O)        0.045     0.878 r  DB_i/target_moving_0/U0/delay_cnt[8]_i_3/O
                         net (fo=1, routed)           0.000     0.878    DB_i/target_moving_0/U0/delay_cnt[8]_i_3_n_0
    SLICE_X36Y89         CARRY4 (Prop_carry4_S[2]_O[2])
                                                      0.065     0.943 r  DB_i/target_moving_0/U0/delay_cnt_reg[8]_i_1/O[2]
                         net (fo=1, routed)           0.000     0.943    DB_i/target_moving_0/U0/delay_cnt_reg[8]_i_1_n_5
    SLICE_X36Y89         FDCE                                         r  DB_i/target_moving_0/U0/delay_cnt_reg[10]/D
  -------------------------------------------------------------------    -------------------

                         (clock clk_out1_DB_clk_wiz_0_0 rise edge)
                                                      0.000     0.000 r  
    BUFGCTRL_X0Y16       BUFG                         0.000     0.000 r  DB_i/processing_system7_0/inst/buffer_fclk_clk_0.FCLK_CLK_0_BUFG/O
                         net (fo=819, routed)         0.864     0.864    DB_i/clk_wiz_0/inst/clk_in1
    MMCME2_ADV_X1Y0      MMCME2_ADV (Prop_mmcme2_adv_CLKIN1_CLKOUT0)
                                                     -1.467    -0.603 r  DB_i/clk_wiz_0/inst/mmcm_adv_inst/CLKOUT0
                         net (fo=1, routed)           0.576    -0.027    DB_i/clk_wiz_0/inst/clk_out1_DB_clk_wiz_0_0
    BUFGCTRL_X0Y0        BUFG (Prop_bufg_I_O)         0.029     0.002 r  DB_i/clk_wiz_0/inst/clkout1_buf/O
                         net (fo=87, routed)          0.824     0.826    DB_i/target_moving_0/U0/clk
    SLICE_X36Y89         FDCE                                         r  DB_i/target_moving_0/U0/delay_cnt_reg[10]/C
                         clock pessimism             -0.255     0.571    
    SLICE_X36Y89         FDCE (Hold_fdce_C_D)         0.134     0.705    DB_i/target_moving_0/U0/delay_cnt_reg[10]
  -------------------------------------------------------------------
                         required time                         -0.705    
                         arrival time                           0.943    
  -------------------------------------------------------------------
                         slack                                  0.238    

Slack (MET) :             0.288ns  (arrival time - required time)
  Source:                 DB_i/target_moving_0/U0/delay_cnt_reg[3]/C
                            (rising edge-triggered cell FDCE clocked by clk_out1_DB_clk_wiz_0_0  {rise@0.000ns fall@1.250ns period=2.500ns})
  Destination:            DB_i/target_moving_0/U0/delay_cnt_reg[3]/D
                            (rising edge-triggered cell FDCE clocked by clk_out1_DB_clk_wiz_0_0  {rise@0.000ns fall@1.250ns period=2.500ns})
  Path Group:             clk_out1_DB_clk_wiz_0_0
  Path Type:              Hold (Min at Fast Process Corner)
  Requirement:            0.000ns  (clk_out1_DB_clk_wiz_0_0 rise@0.000ns - clk_out1_DB_clk_wiz_0_0 rise@0.000ns)
  Data Path Delay:        0.422ns  (logic 0.273ns (64.646%)  route 0.149ns (35.354%))
  Logic Levels:           2  (CARRY4=1 LUT3=1)
  Clock Path Skew:        0.000ns (DCD - SCD - CPR)
    Destination Clock Delay (DCD):    0.824ns
    Source Clock Delay      (SCD):    0.557ns
    Clock Pessimism Removal (CPR):    0.267ns

    Location             Delay type                Incr(ns)  Path(ns)    Netlist Resource(s)
  -------------------------------------------------------------------    -------------------
                         (clock clk_out1_DB_clk_wiz_0_0 rise edge)
                                                      0.000     0.000 r  
    BUFGCTRL_X0Y16       BUFG                         0.000     0.000 r  DB_i/processing_system7_0/inst/buffer_fclk_clk_0.FCLK_CLK_0_BUFG/O
                         net (fo=819, routed)         0.597     0.597    DB_i/clk_wiz_0/inst/clk_in1
    MMCME2_ADV_X1Y0      MMCME2_ADV (Prop_mmcme2_adv_CLKIN1_CLKOUT0)
                                                     -1.150    -0.553 r  DB_i/clk_wiz_0/inst/mmcm_adv_inst/CLKOUT0
                         net (fo=1, routed)           0.529    -0.024    DB_i/clk_wiz_0/inst/clk_out1_DB_clk_wiz_0_0
    BUFGCTRL_X0Y0        BUFG (Prop_bufg_I_O)         0.026     0.002 r  DB_i/clk_wiz_0/inst/clkout1_buf/O
                         net (fo=87, routed)          0.555     0.557    DB_i/target_moving_0/U0/clk
    SLICE_X36Y87         FDCE                                         r  DB_i/target_moving_0/U0/delay_cnt_reg[3]/C
  -------------------------------------------------------------------    -------------------
    SLICE_X36Y87         FDCE (Prop_fdce_C_Q)         0.164     0.721 r  DB_i/target_moving_0/U0/delay_cnt_reg[3]/Q
                         net (fo=4, routed)           0.149     0.870    DB_i/target_moving_0/U0/delay_cnt_reg[3]
    SLICE_X36Y87         LUT3 (Prop_lut3_I0_O)        0.045     0.915 r  DB_i/target_moving_0/U0/delay_cnt[0]_i_4/O
                         net (fo=1, routed)           0.000     0.915    DB_i/target_moving_0/U0/delay_cnt[0]_i_4_n_0
    SLICE_X36Y87         CARRY4 (Prop_carry4_S[3]_O[3])
                                                      0.064     0.979 r  DB_i/target_moving_0/U0/delay_cnt_reg[0]_i_2/O[3]
                         net (fo=1, routed)           0.000     0.979    DB_i/target_moving_0/U0/delay_cnt_reg[0]_i_2_n_4
    SLICE_X36Y87         FDCE                                         r  DB_i/target_moving_0/U0/delay_cnt_reg[3]/D
  -------------------------------------------------------------------    -------------------

                         (clock clk_out1_DB_clk_wiz_0_0 rise edge)
                                                      0.000     0.000 r  
    BUFGCTRL_X0Y16       BUFG                         0.000     0.000 r  DB_i/processing_system7_0/inst/buffer_fclk_clk_0.FCLK_CLK_0_BUFG/O
                         net (fo=819, routed)         0.864     0.864    DB_i/clk_wiz_0/inst/clk_in1
    MMCME2_ADV_X1Y0      MMCME2_ADV (Prop_mmcme2_adv_CLKIN1_CLKOUT0)
                                                     -1.467    -0.603 r  DB_i/clk_wiz_0/inst/mmcm_adv_inst/CLKOUT0
                         net (fo=1, routed)           0.576    -0.027    DB_i/clk_wiz_0/inst/clk_out1_DB_clk_wiz_0_0
    BUFGCTRL_X0Y0        BUFG (Prop_bufg_I_O)         0.029     0.002 r  DB_i/clk_wiz_0/inst/clkout1_buf/O
                         net (fo=87, routed)          0.822     0.824    DB_i/target_moving_0/U0/clk
    SLICE_X36Y87         FDCE                                         r  DB_i/target_moving_0/U0/delay_cnt_reg[3]/C
                         clock pessimism             -0.267     0.557    
    SLICE_X36Y87         FDCE (Hold_fdce_C_D)         0.134     0.691    DB_i/target_moving_0/U0/delay_cnt_reg[3]
  -------------------------------------------------------------------
                         required time                         -0.691    
                         arrival time                           0.979    
  -------------------------------------------------------------------
                         slack                                  0.288    

Slack (MET) :             0.300ns  (arrival time - required time)
  Source:                 DB_i/target_moving_0/U0/delay_cnt_reg[15]/C
                            (rising edge-triggered cell FDCE clocked by clk_out1_DB_clk_wiz_0_0  {rise@0.000ns fall@1.250ns period=2.500ns})
  Destination:            DB_i/target_moving_0/U0/delay_cnt_reg[15]/D
                            (rising edge-triggered cell FDCE clocked by clk_out1_DB_clk_wiz_0_0  {rise@0.000ns fall@1.250ns period=2.500ns})
  Path Group:             clk_out1_DB_clk_wiz_0_0
  Path Type:              Hold (Min at Fast Process Corner)
  Requirement:            0.000ns  (clk_out1_DB_clk_wiz_0_0 rise@0.000ns - clk_out1_DB_clk_wiz_0_0 rise@0.000ns)
  Data Path Delay:        0.434ns  (logic 0.273ns (62.840%)  route 0.161ns (37.160%))
  Logic Levels:           2  (CARRY4=1 LUT3=1)
  Clock Path Skew:        0.000ns (DCD - SCD - CPR)
    Destination Clock Delay (DCD):    0.827ns
    Source Clock Delay      (SCD):    0.559ns
    Clock Pessimism Removal (CPR):    0.268ns

    Location             Delay type                Incr(ns)  Path(ns)    Netlist Resource(s)
  -------------------------------------------------------------------    -------------------
                         (clock clk_out1_DB_clk_wiz_0_0 rise edge)
                                                      0.000     0.000 r  
    BUFGCTRL_X0Y16       BUFG                         0.000     0.000 r  DB_i/processing_system7_0/inst/buffer_fclk_clk_0.FCLK_CLK_0_BUFG/O
                         net (fo=819, routed)         0.597     0.597    DB_i/clk_wiz_0/inst/clk_in1
    MMCME2_ADV_X1Y0      MMCME2_ADV (Prop_mmcme2_adv_CLKIN1_CLKOUT0)
                                                     -1.150    -0.553 r  DB_i/clk_wiz_0/inst/mmcm_adv_inst/CLKOUT0
                         net (fo=1, routed)           0.529    -0.024    DB_i/clk_wiz_0/inst/clk_out1_DB_clk_wiz_0_0
    BUFGCTRL_X0Y0        BUFG (Prop_bufg_I_O)         0.026     0.002 r  DB_i/clk_wiz_0/inst/clkout1_buf/O
                         net (fo=87, routed)          0.557     0.559    DB_i/target_moving_0/U0/clk
    SLICE_X36Y90         FDCE                                         r  DB_i/target_moving_0/U0/delay_cnt_reg[15]/C
  -------------------------------------------------------------------    -------------------
    SLICE_X36Y90         FDCE (Prop_fdce_C_Q)         0.164     0.723 r  DB_i/target_moving_0/U0/delay_cnt_reg[15]/Q
                         net (fo=6, routed)           0.161     0.884    DB_i/target_moving_0/U0/delay_cnt_reg[15]
    SLICE_X36Y90         LUT3 (Prop_lut3_I0_O)        0.045     0.929 r  DB_i/target_moving_0/U0/delay_cnt[12]_i_2/O
                         net (fo=1, routed)           0.000     0.929    DB_i/target_moving_0/U0/delay_cnt[12]_i_2_n_0
    SLICE_X36Y90         CARRY4 (Prop_carry4_S[3]_O[3])
                                                      0.064     0.993 r  DB_i/target_moving_0/U0/delay_cnt_reg[12]_i_1/O[3]
                         net (fo=1, routed)           0.000     0.993    DB_i/target_moving_0/U0/delay_cnt_reg[12]_i_1_n_4
    SLICE_X36Y90         FDCE                                         r  DB_i/target_moving_0/U0/delay_cnt_reg[15]/D
  -------------------------------------------------------------------    -------------------

                         (clock clk_out1_DB_clk_wiz_0_0 rise edge)
                                                      0.000     0.000 r  
    BUFGCTRL_X0Y16       BUFG                         0.000     0.000 r  DB_i/processing_system7_0/inst/buffer_fclk_clk_0.FCLK_CLK_0_BUFG/O
                         net (fo=819, routed)         0.864     0.864    DB_i/clk_wiz_0/inst/clk_in1
    MMCME2_ADV_X1Y0      MMCME2_ADV (Prop_mmcme2_adv_CLKIN1_CLKOUT0)
                                                     -1.467    -0.603 r  DB_i/clk_wiz_0/inst/mmcm_adv_inst/CLKOUT0
                         net (fo=1, routed)           0.576    -0.027    DB_i/clk_wiz_0/inst/clk_out1_DB_clk_wiz_0_0
    BUFGCTRL_X0Y0        BUFG (Prop_bufg_I_O)         0.029     0.002 r  DB_i/clk_wiz_0/inst/clkout1_buf/O
                         net (fo=87, routed)          0.825     0.827    DB_i/target_moving_0/U0/clk
    SLICE_X36Y90         FDCE                                         r  DB_i/target_moving_0/U0/delay_cnt_reg[15]/C
                         clock pessimism             -0.268     0.559    
    SLICE_X36Y90         FDCE (Hold_fdce_C_D)         0.134     0.693    DB_i/target_moving_0/U0/delay_cnt_reg[15]
  -------------------------------------------------------------------
                         required time                         -0.693    
                         arrival time                           0.993    
  -------------------------------------------------------------------
                         slack                                  0.300    

Slack (MET) :             0.300ns  (arrival time - required time)
  Source:                 DB_i/target_moving_0/U0/delay_cnt_reg[7]/C
                            (rising edge-triggered cell FDCE clocked by clk_out1_DB_clk_wiz_0_0  {rise@0.000ns fall@1.250ns period=2.500ns})
  Destination:            DB_i/target_moving_0/U0/delay_cnt_reg[7]/D
                            (rising edge-triggered cell FDCE clocked by clk_out1_DB_clk_wiz_0_0  {rise@0.000ns fall@1.250ns period=2.500ns})
  Path Group:             clk_out1_DB_clk_wiz_0_0
  Path Type:              Hold (Min at Fast Process Corner)
  Requirement:            0.000ns  (clk_out1_DB_clk_wiz_0_0 rise@0.000ns - clk_out1_DB_clk_wiz_0_0 rise@0.000ns)
  Data Path Delay:        0.434ns  (logic 0.273ns (62.840%)  route 0.161ns (37.160%))
  Logic Levels:           2  (CARRY4=1 LUT3=1)
  Clock Path Skew:        0.000ns (DCD - SCD - CPR)
    Destination Clock Delay (DCD):    0.826ns
    Source Clock Delay      (SCD):    0.558ns
    Clock Pessimism Removal (CPR):    0.268ns

    Location             Delay type                Incr(ns)  Path(ns)    Netlist Resource(s)
  -------------------------------------------------------------------    -------------------
                         (clock clk_out1_DB_clk_wiz_0_0 rise edge)
                                                      0.000     0.000 r  
    BUFGCTRL_X0Y16       BUFG                         0.000     0.000 r  DB_i/processing_system7_0/inst/buffer_fclk_clk_0.FCLK_CLK_0_BUFG/O
                         net (fo=819, routed)         0.597     0.597    DB_i/clk_wiz_0/inst/clk_in1
    MMCME2_ADV_X1Y0      MMCME2_ADV (Prop_mmcme2_adv_CLKIN1_CLKOUT0)
                                                     -1.150    -0.553 r  DB_i/clk_wiz_0/inst/mmcm_adv_inst/CLKOUT0
                         net (fo=1, routed)           0.529    -0.024    DB_i/clk_wiz_0/inst/clk_out1_DB_clk_wiz_0_0
    BUFGCTRL_X0Y0        BUFG (Prop_bufg_I_O)         0.026     0.002 r  DB_i/clk_wiz_0/inst/clkout1_buf/O
                         net (fo=87, routed)          0.556     0.558    DB_i/target_moving_0/U0/clk
    SLICE_X36Y88         FDCE                                         r  DB_i/target_moving_0/U0/delay_cnt_reg[7]/C
  -------------------------------------------------------------------    -------------------
    SLICE_X36Y88         FDCE (Prop_fdce_C_Q)         0.164     0.722 r  DB_i/target_moving_0/U0/delay_cnt_reg[7]/Q
                         net (fo=6, routed)           0.161     0.883    DB_i/target_moving_0/U0/delay_cnt_reg[7]
    SLICE_X36Y88         LUT3 (Prop_lut3_I0_O)        0.045     0.928 r  DB_i/target_moving_0/U0/delay_cnt[4]_i_2/O
                         net (fo=1, routed)           0.000     0.928    DB_i/target_moving_0/U0/delay_cnt[4]_i_2_n_0
    SLICE_X36Y88         CARRY4 (Prop_carry4_S[3]_O[3])
                                                      0.064     0.992 r  DB_i/target_moving_0/U0/delay_cnt_reg[4]_i_1/O[3]
                         net (fo=1, routed)           0.000     0.992    DB_i/target_moving_0/U0/delay_cnt_reg[4]_i_1_n_4
    SLICE_X36Y88         FDCE                                         r  DB_i/target_moving_0/U0/delay_cnt_reg[7]/D
  -------------------------------------------------------------------    -------------------

                         (clock clk_out1_DB_clk_wiz_0_0 rise edge)
                                                      0.000     0.000 r  
    BUFGCTRL_X0Y16       BUFG                         0.000     0.000 r  DB_i/processing_system7_0/inst/buffer_fclk_clk_0.FCLK_CLK_0_BUFG/O
                         net (fo=819, routed)         0.864     0.864    DB_i/clk_wiz_0/inst/clk_in1
    MMCME2_ADV_X1Y0      MMCME2_ADV (Prop_mmcme2_adv_CLKIN1_CLKOUT0)
                                                     -1.467    -0.603 r  DB_i/clk_wiz_0/inst/mmcm_adv_inst/CLKOUT0
                         net (fo=1, routed)           0.576    -0.027    DB_i/clk_wiz_0/inst/clk_out1_DB_clk_wiz_0_0
    BUFGCTRL_X0Y0        BUFG (Prop_bufg_I_O)         0.029     0.002 r  DB_i/clk_wiz_0/inst/clkout1_buf/O
                         net (fo=87, routed)          0.824     0.826    DB_i/target_moving_0/U0/clk
    SLICE_X36Y88         FDCE                                         r  DB_i/target_moving_0/U0/delay_cnt_reg[7]/C
                         clock pessimism             -0.268     0.558    
    SLICE_X36Y88         FDCE (Hold_fdce_C_D)         0.134     0.692    DB_i/target_moving_0/U0/delay_cnt_reg[7]
  -------------------------------------------------------------------
                         required time                         -0.692    
                         arrival time                           0.992    
  -------------------------------------------------------------------
                         slack                                  0.300    

Slack (MET) :             0.309ns  (arrival time - required time)
  Source:                 DB_i/target_moving_0/U0/target_pos_reg[16]/C
                            (rising edge-triggered cell FDPE clocked by clk_out1_DB_clk_wiz_0_0  {rise@0.000ns fall@1.250ns period=2.500ns})
  Destination:            DB_i/target_moving_0/U0/target_pos_reg[17]/D
                            (rising edge-triggered cell FDPE clocked by clk_out1_DB_clk_wiz_0_0  {rise@0.000ns fall@1.250ns period=2.500ns})
  Path Group:             clk_out1_DB_clk_wiz_0_0
  Path Type:              Hold (Min at Fast Process Corner)
  Requirement:            0.000ns  (clk_out1_DB_clk_wiz_0_0 rise@0.000ns - clk_out1_DB_clk_wiz_0_0 rise@0.000ns)
  Data Path Delay:        0.414ns  (logic 0.287ns (69.362%)  route 0.127ns (30.638%))
  Logic Levels:           1  (CARRY4=1)
  Clock Path Skew:        0.000ns (DCD - SCD - CPR)
    Destination Clock Delay (DCD):    0.827ns
    Source Clock Delay      (SCD):    0.560ns
    Clock Pessimism Removal (CPR):    0.267ns

    Location             Delay type                Incr(ns)  Path(ns)    Netlist Resource(s)
  -------------------------------------------------------------------    -------------------
                         (clock clk_out1_DB_clk_wiz_0_0 rise edge)
                                                      0.000     0.000 r  
    BUFGCTRL_X0Y16       BUFG                         0.000     0.000 r  DB_i/processing_system7_0/inst/buffer_fclk_clk_0.FCLK_CLK_0_BUFG/O
                         net (fo=819, routed)         0.597     0.597    DB_i/clk_wiz_0/inst/clk_in1
    MMCME2_ADV_X1Y0      MMCME2_ADV (Prop_mmcme2_adv_CLKIN1_CLKOUT0)
                                                     -1.150    -0.553 r  DB_i/clk_wiz_0/inst/mmcm_adv_inst/CLKOUT0
                         net (fo=1, routed)           0.529    -0.024    DB_i/clk_wiz_0/inst/clk_out1_DB_clk_wiz_0_0
    BUFGCTRL_X0Y0        BUFG (Prop_bufg_I_O)         0.026     0.002 r  DB_i/clk_wiz_0/inst/clkout1_buf/O
                         net (fo=87, routed)          0.558     0.560    DB_i/target_moving_0/U0/clk
    SLICE_X33Y88         FDPE                                         r  DB_i/target_moving_0/U0/target_pos_reg[16]/C
  -------------------------------------------------------------------    -------------------
    SLICE_X33Y88         FDPE (Prop_fdpe_C_Q)         0.141     0.701 r  DB_i/target_moving_0/U0/target_pos_reg[16]/Q
                         net (fo=11, routed)          0.127     0.827    DB_i/target_moving_0/U0/target_pos_reg[16]
    SLICE_X33Y88         CARRY4 (Prop_carry4_DI[1]_O[2])
                                                      0.146     0.973 r  DB_i/target_moving_0/U0/target_pos_reg[15]_i_1/O[2]
                         net (fo=1, routed)           0.000     0.973    DB_i/target_moving_0/U0/target_pos_reg[15]_i_1_n_5
    SLICE_X33Y88         FDPE                                         r  DB_i/target_moving_0/U0/target_pos_reg[17]/D
  -------------------------------------------------------------------    -------------------

                         (clock clk_out1_DB_clk_wiz_0_0 rise edge)
                                                      0.000     0.000 r  
    BUFGCTRL_X0Y16       BUFG                         0.000     0.000 r  DB_i/processing_system7_0/inst/buffer_fclk_clk_0.FCLK_CLK_0_BUFG/O
                         net (fo=819, routed)         0.864     0.864    DB_i/clk_wiz_0/inst/clk_in1
    MMCME2_ADV_X1Y0      MMCME2_ADV (Prop_mmcme2_adv_CLKIN1_CLKOUT0)
                                                     -1.467    -0.603 r  DB_i/clk_wiz_0/inst/mmcm_adv_inst/CLKOUT0
                         net (fo=1, routed)           0.576    -0.027    DB_i/clk_wiz_0/inst/clk_out1_DB_clk_wiz_0_0
    BUFGCTRL_X0Y0        BUFG (Prop_bufg_I_O)         0.029     0.002 r  DB_i/clk_wiz_0/inst/clkout1_buf/O
                         net (fo=87, routed)          0.825     0.827    DB_i/target_moving_0/U0/clk
    SLICE_X33Y88         FDPE                                         r  DB_i/target_moving_0/U0/target_pos_reg[17]/C
                         clock pessimism             -0.267     0.560    
    SLICE_X33Y88         FDPE (Hold_fdpe_C_D)         0.105     0.665    DB_i/target_moving_0/U0/target_pos_reg[17]
  -------------------------------------------------------------------
                         required time                         -0.665    
                         arrival time                           0.973    
  -------------------------------------------------------------------
                         slack                                  0.309    

Slack (MET) :             0.320ns  (arrival time - required time)
  Source:                 DB_i/target_moving_0/U0/delay_cnt_reg[12]/C
                            (rising edge-triggered cell FDCE clocked by clk_out1_DB_clk_wiz_0_0  {rise@0.000ns fall@1.250ns period=2.500ns})
  Destination:            DB_i/target_moving_0/U0/delay_cnt_reg[12]/D
                            (rising edge-triggered cell FDCE clocked by clk_out1_DB_clk_wiz_0_0  {rise@0.000ns fall@1.250ns period=2.500ns})
  Path Group:             clk_out1_DB_clk_wiz_0_0
  Path Type:              Hold (Min at Fast Process Corner)
  Requirement:            0.000ns  (clk_out1_DB_clk_wiz_0_0 rise@0.000ns - clk_out1_DB_clk_wiz_0_0 rise@0.000ns)
  Data Path Delay:        0.454ns  (logic 0.279ns (61.421%)  route 0.175ns (38.579%))
  Logic Levels:           2  (CARRY4=1 LUT3=1)
  Clock Path Skew:        0.000ns (DCD - SCD - CPR)
    Destination Clock Delay (DCD):    0.827ns
    Source Clock Delay      (SCD):    0.559ns
    Clock Pessimism Removal (CPR):    0.268ns

    Location             Delay type                Incr(ns)  Path(ns)    Netlist Resource(s)
  -------------------------------------------------------------------    -------------------
                         (clock clk_out1_DB_clk_wiz_0_0 rise edge)
                                                      0.000     0.000 r  
    BUFGCTRL_X0Y16       BUFG                         0.000     0.000 r  DB_i/processing_system7_0/inst/buffer_fclk_clk_0.FCLK_CLK_0_BUFG/O
                         net (fo=819, routed)         0.597     0.597    DB_i/clk_wiz_0/inst/clk_in1
    MMCME2_ADV_X1Y0      MMCME2_ADV (Prop_mmcme2_adv_CLKIN1_CLKOUT0)
                                                     -1.150    -0.553 r  DB_i/clk_wiz_0/inst/mmcm_adv_inst/CLKOUT0
                         net (fo=1, routed)           0.529    -0.024    DB_i/clk_wiz_0/inst/clk_out1_DB_clk_wiz_0_0
    BUFGCTRL_X0Y0        BUFG (Prop_bufg_I_O)         0.026     0.002 r  DB_i/clk_wiz_0/inst/clkout1_buf/O
                         net (fo=87, routed)          0.557     0.559    DB_i/target_moving_0/U0/clk
    SLICE_X36Y90         FDCE                                         r  DB_i/target_moving_0/U0/delay_cnt_reg[12]/C
  -------------------------------------------------------------------    -------------------
    SLICE_X36Y90         FDCE (Prop_fdce_C_Q)         0.164     0.723 r  DB_i/target_moving_0/U0/delay_cnt_reg[12]/Q
                         net (fo=6, routed)           0.175     0.898    DB_i/target_moving_0/U0/delay_cnt_reg[12]
    SLICE_X36Y90         LUT3 (Prop_lut3_I0_O)        0.045     0.943 r  DB_i/target_moving_0/U0/delay_cnt[12]_i_5/O
                         net (fo=1, routed)           0.000     0.943    DB_i/target_moving_0/U0/delay_cnt[12]_i_5_n_0
    SLICE_X36Y90         CARRY4 (Prop_carry4_S[0]_O[0])
                                                      0.070     1.013 r  DB_i/target_moving_0/U0/delay_cnt_reg[12]_i_1/O[0]
                         net (fo=1, routed)           0.000     1.013    DB_i/target_moving_0/U0/delay_cnt_reg[12]_i_1_n_7
    SLICE_X36Y90         FDCE                                         r  DB_i/target_moving_0/U0/delay_cnt_reg[12]/D
  -------------------------------------------------------------------    -------------------

                         (clock clk_out1_DB_clk_wiz_0_0 rise edge)
                                                      0.000     0.000 r  
    BUFGCTRL_X0Y16       BUFG                         0.000     0.000 r  DB_i/processing_system7_0/inst/buffer_fclk_clk_0.FCLK_CLK_0_BUFG/O
                         net (fo=819, routed)         0.864     0.864    DB_i/clk_wiz_0/inst/clk_in1
    MMCME2_ADV_X1Y0      MMCME2_ADV (Prop_mmcme2_adv_CLKIN1_CLKOUT0)
                                                     -1.467    -0.603 r  DB_i/clk_wiz_0/inst/mmcm_adv_inst/CLKOUT0
                         net (fo=1, routed)           0.576    -0.027    DB_i/clk_wiz_0/inst/clk_out1_DB_clk_wiz_0_0
    BUFGCTRL_X0Y0        BUFG (Prop_bufg_I_O)         0.029     0.002 r  DB_i/clk_wiz_0/inst/clkout1_buf/O
                         net (fo=87, routed)          0.825     0.827    DB_i/target_moving_0/U0/clk
    SLICE_X36Y90         FDCE                                         r  DB_i/target_moving_0/U0/delay_cnt_reg[12]/C
                         clock pessimism             -0.268     0.559    
    SLICE_X36Y90         FDCE (Hold_fdce_C_D)         0.134     0.693    DB_i/target_moving_0/U0/delay_cnt_reg[12]
  -------------------------------------------------------------------
                         required time                         -0.693    
                         arrival time                           1.013    
  -------------------------------------------------------------------
                         slack                                  0.320    

Slack (MET) :             0.320ns  (arrival time - required time)
  Source:                 DB_i/target_moving_0/U0/delay_cnt_reg[0]/C
                            (rising edge-triggered cell FDCE clocked by clk_out1_DB_clk_wiz_0_0  {rise@0.000ns fall@1.250ns period=2.500ns})
  Destination:            DB_i/target_moving_0/U0/delay_cnt_reg[0]/D
                            (rising edge-triggered cell FDCE clocked by clk_out1_DB_clk_wiz_0_0  {rise@0.000ns fall@1.250ns period=2.500ns})
  Path Group:             clk_out1_DB_clk_wiz_0_0
  Path Type:              Hold (Min at Fast Process Corner)
  Requirement:            0.000ns  (clk_out1_DB_clk_wiz_0_0 rise@0.000ns - clk_out1_DB_clk_wiz_0_0 rise@0.000ns)
  Data Path Delay:        0.454ns  (logic 0.279ns (61.413%)  route 0.175ns (38.587%))
  Logic Levels:           2  (CARRY4=1 LUT3=1)
  Clock Path Skew:        0.000ns (DCD - SCD - CPR)
    Destination Clock Delay (DCD):    0.824ns
    Source Clock Delay      (SCD):    0.557ns
    Clock Pessimism Removal (CPR):    0.267ns

    Location             Delay type                Incr(ns)  Path(ns)    Netlist Resource(s)
  -------------------------------------------------------------------    -------------------
                         (clock clk_out1_DB_clk_wiz_0_0 rise edge)
                                                      0.000     0.000 r  
    BUFGCTRL_X0Y16       BUFG                         0.000     0.000 r  DB_i/processing_system7_0/inst/buffer_fclk_clk_0.FCLK_CLK_0_BUFG/O
                         net (fo=819, routed)         0.597     0.597    DB_i/clk_wiz_0/inst/clk_in1
    MMCME2_ADV_X1Y0      MMCME2_ADV (Prop_mmcme2_adv_CLKIN1_CLKOUT0)
                                                     -1.150    -0.553 r  DB_i/clk_wiz_0/inst/mmcm_adv_inst/CLKOUT0
                         net (fo=1, routed)           0.529    -0.024    DB_i/clk_wiz_0/inst/clk_out1_DB_clk_wiz_0_0
    BUFGCTRL_X0Y0        BUFG (Prop_bufg_I_O)         0.026     0.002 r  DB_i/clk_wiz_0/inst/clkout1_buf/O
                         net (fo=87, routed)          0.555     0.557    DB_i/target_moving_0/U0/clk
    SLICE_X36Y87         FDCE                                         r  DB_i/target_moving_0/U0/delay_cnt_reg[0]/C
  -------------------------------------------------------------------    -------------------
    SLICE_X36Y87         FDCE (Prop_fdce_C_Q)         0.164     0.721 f  DB_i/target_moving_0/U0/delay_cnt_reg[0]/Q
                         net (fo=4, routed)           0.175     0.896    DB_i/target_moving_0/U0/delay_cnt_reg[0]
    SLICE_X36Y87         LUT3 (Prop_lut3_I0_O)        0.045     0.941 r  DB_i/target_moving_0/U0/delay_cnt[0]_i_7/O
                         net (fo=1, routed)           0.000     0.941    DB_i/target_moving_0/U0/delay_cnt[0]_i_7_n_0
    SLICE_X36Y87         CARRY4 (Prop_carry4_S[0]_O[0])
                                                      0.070     1.011 r  DB_i/target_moving_0/U0/delay_cnt_reg[0]_i_2/O[0]
                         net (fo=1, routed)           0.000     1.011    DB_i/target_moving_0/U0/delay_cnt_reg[0]_i_2_n_7
    SLICE_X36Y87         FDCE                                         r  DB_i/target_moving_0/U0/delay_cnt_reg[0]/D
  -------------------------------------------------------------------    -------------------

                         (clock clk_out1_DB_clk_wiz_0_0 rise edge)
                                                      0.000     0.000 r  
    BUFGCTRL_X0Y16       BUFG                         0.000     0.000 r  DB_i/processing_system7_0/inst/buffer_fclk_clk_0.FCLK_CLK_0_BUFG/O
                         net (fo=819, routed)         0.864     0.864    DB_i/clk_wiz_0/inst/clk_in1
    MMCME2_ADV_X1Y0      MMCME2_ADV (Prop_mmcme2_adv_CLKIN1_CLKOUT0)
                                                     -1.467    -0.603 r  DB_i/clk_wiz_0/inst/mmcm_adv_inst/CLKOUT0
                         net (fo=1, routed)           0.576    -0.027    DB_i/clk_wiz_0/inst/clk_out1_DB_clk_wiz_0_0
    BUFGCTRL_X0Y0        BUFG (Prop_bufg_I_O)         0.029     0.002 r  DB_i/clk_wiz_0/inst/clkout1_buf/O
                         net (fo=87, routed)          0.822     0.824    DB_i/target_moving_0/U0/clk
    SLICE_X36Y87         FDCE                                         r  DB_i/target_moving_0/U0/delay_cnt_reg[0]/C
                         clock pessimism             -0.267     0.557    
    SLICE_X36Y87         FDCE (Hold_fdce_C_D)         0.134     0.691    DB_i/target_moving_0/U0/delay_cnt_reg[0]
  -------------------------------------------------------------------
                         required time                         -0.691    
                         arrival time                           1.011    
  -------------------------------------------------------------------
                         slack                                  0.320    

Slack (MET) :             0.320ns  (arrival time - required time)
  Source:                 DB_i/target_moving_0/U0/delay_cnt_reg[16]/C
                            (rising edge-triggered cell FDCE clocked by clk_out1_DB_clk_wiz_0_0  {rise@0.000ns fall@1.250ns period=2.500ns})
  Destination:            DB_i/target_moving_0/U0/delay_cnt_reg[16]/D
                            (rising edge-triggered cell FDCE clocked by clk_out1_DB_clk_wiz_0_0  {rise@0.000ns fall@1.250ns period=2.500ns})
  Path Group:             clk_out1_DB_clk_wiz_0_0
  Path Type:              Hold (Min at Fast Process Corner)
  Requirement:            0.000ns  (clk_out1_DB_clk_wiz_0_0 rise@0.000ns - clk_out1_DB_clk_wiz_0_0 rise@0.000ns)
  Data Path Delay:        0.454ns  (logic 0.279ns (61.413%)  route 0.175ns (38.587%))
  Logic Levels:           2  (CARRY4=1 LUT3=1)
  Clock Path Skew:        0.000ns (DCD - SCD - CPR)
    Destination Clock Delay (DCD):    0.827ns
    Source Clock Delay      (SCD):    0.559ns
    Clock Pessimism Removal (CPR):    0.268ns

    Location             Delay type                Incr(ns)  Path(ns)    Netlist Resource(s)
  -------------------------------------------------------------------    -------------------
                         (clock clk_out1_DB_clk_wiz_0_0 rise edge)
                                                      0.000     0.000 r  
    BUFGCTRL_X0Y16       BUFG                         0.000     0.000 r  DB_i/processing_system7_0/inst/buffer_fclk_clk_0.FCLK_CLK_0_BUFG/O
                         net (fo=819, routed)         0.597     0.597    DB_i/clk_wiz_0/inst/clk_in1
    MMCME2_ADV_X1Y0      MMCME2_ADV (Prop_mmcme2_adv_CLKIN1_CLKOUT0)
                                                     -1.150    -0.553 r  DB_i/clk_wiz_0/inst/mmcm_adv_inst/CLKOUT0
                         net (fo=1, routed)           0.529    -0.024    DB_i/clk_wiz_0/inst/clk_out1_DB_clk_wiz_0_0
    BUFGCTRL_X0Y0        BUFG (Prop_bufg_I_O)         0.026     0.002 r  DB_i/clk_wiz_0/inst/clkout1_buf/O
                         net (fo=87, routed)          0.557     0.559    DB_i/target_moving_0/U0/clk
    SLICE_X36Y91         FDCE                                         r  DB_i/target_moving_0/U0/delay_cnt_reg[16]/C
  -------------------------------------------------------------------    -------------------
    SLICE_X36Y91         FDCE (Prop_fdce_C_Q)         0.164     0.723 r  DB_i/target_moving_0/U0/delay_cnt_reg[16]/Q
                         net (fo=6, routed)           0.175     0.898    DB_i/target_moving_0/U0/delay_cnt_reg[16]
    SLICE_X36Y91         LUT3 (Prop_lut3_I0_O)        0.045     0.943 r  DB_i/target_moving_0/U0/delay_cnt[16]_i_3/O
                         net (fo=1, routed)           0.000     0.943    DB_i/target_moving_0/U0/delay_cnt[16]_i_3_n_0
    SLICE_X36Y91         CARRY4 (Prop_carry4_S[0]_O[0])
                                                      0.070     1.013 r  DB_i/target_moving_0/U0/delay_cnt_reg[16]_i_1/O[0]
                         net (fo=1, routed)           0.000     1.013    DB_i/target_moving_0/U0/delay_cnt_reg[16]_i_1_n_7
    SLICE_X36Y91         FDCE                                         r  DB_i/target_moving_0/U0/delay_cnt_reg[16]/D
  -------------------------------------------------------------------    -------------------

                         (clock clk_out1_DB_clk_wiz_0_0 rise edge)
                                                      0.000     0.000 r  
    BUFGCTRL_X0Y16       BUFG                         0.000     0.000 r  DB_i/processing_system7_0/inst/buffer_fclk_clk_0.FCLK_CLK_0_BUFG/O
                         net (fo=819, routed)         0.864     0.864    DB_i/clk_wiz_0/inst/clk_in1
    MMCME2_ADV_X1Y0      MMCME2_ADV (Prop_mmcme2_adv_CLKIN1_CLKOUT0)
                                                     -1.467    -0.603 r  DB_i/clk_wiz_0/inst/mmcm_adv_inst/CLKOUT0
                         net (fo=1, routed)           0.576    -0.027    DB_i/clk_wiz_0/inst/clk_out1_DB_clk_wiz_0_0
    BUFGCTRL_X0Y0        BUFG (Prop_bufg_I_O)         0.029     0.002 r  DB_i/clk_wiz_0/inst/clkout1_buf/O
                         net (fo=87, routed)          0.825     0.827    DB_i/target_moving_0/U0/clk
    SLICE_X36Y91         FDCE                                         r  DB_i/target_moving_0/U0/delay_cnt_reg[16]/C
                         clock pessimism             -0.268     0.559    
    SLICE_X36Y91         FDCE (Hold_fdce_C_D)         0.134     0.693    DB_i/target_moving_0/U0/delay_cnt_reg[16]
  -------------------------------------------------------------------
                         required time                         -0.693    
                         arrival time                           1.013    
  -------------------------------------------------------------------
                         slack                                  0.320    

Slack (MET) :             0.320ns  (arrival time - required time)
  Source:                 DB_i/target_moving_0/U0/delay_cnt_reg[8]/C
                            (rising edge-triggered cell FDCE clocked by clk_out1_DB_clk_wiz_0_0  {rise@0.000ns fall@1.250ns period=2.500ns})
  Destination:            DB_i/target_moving_0/U0/delay_cnt_reg[8]/D
                            (rising edge-triggered cell FDCE clocked by clk_out1_DB_clk_wiz_0_0  {rise@0.000ns fall@1.250ns period=2.500ns})
  Path Group:             clk_out1_DB_clk_wiz_0_0
  Path Type:              Hold (Min at Fast Process Corner)
  Requirement:            0.000ns  (clk_out1_DB_clk_wiz_0_0 rise@0.000ns - clk_out1_DB_clk_wiz_0_0 rise@0.000ns)
  Data Path Delay:        0.454ns  (logic 0.279ns (61.413%)  route 0.175ns (38.587%))
  Logic Levels:           2  (CARRY4=1 LUT3=1)
  Clock Path Skew:        0.000ns (DCD - SCD - CPR)
    Destination Clock Delay (DCD):    0.826ns
    Source Clock Delay      (SCD):    0.558ns
    Clock Pessimism Removal (CPR):    0.268ns

    Location             Delay type                Incr(ns)  Path(ns)    Netlist Resource(s)
  -------------------------------------------------------------------    -------------------
                         (clock clk_out1_DB_clk_wiz_0_0 rise edge)
                                                      0.000     0.000 r  
    BUFGCTRL_X0Y16       BUFG                         0.000     0.000 r  DB_i/processing_system7_0/inst/buffer_fclk_clk_0.FCLK_CLK_0_BUFG/O
                         net (fo=819, routed)         0.597     0.597    DB_i/clk_wiz_0/inst/clk_in1
    MMCME2_ADV_X1Y0      MMCME2_ADV (Prop_mmcme2_adv_CLKIN1_CLKOUT0)
                                                     -1.150    -0.553 r  DB_i/clk_wiz_0/inst/mmcm_adv_inst/CLKOUT0
                         net (fo=1, routed)           0.529    -0.024    DB_i/clk_wiz_0/inst/clk_out1_DB_clk_wiz_0_0
    BUFGCTRL_X0Y0        BUFG (Prop_bufg_I_O)         0.026     0.002 r  DB_i/clk_wiz_0/inst/clkout1_buf/O
                         net (fo=87, routed)          0.556     0.558    DB_i/target_moving_0/U0/clk
    SLICE_X36Y89         FDCE                                         r  DB_i/target_moving_0/U0/delay_cnt_reg[8]/C
  -------------------------------------------------------------------    -------------------
    SLICE_X36Y89         FDCE (Prop_fdce_C_Q)         0.164     0.722 r  DB_i/target_moving_0/U0/delay_cnt_reg[8]/Q
                         net (fo=6, routed)           0.175     0.897    DB_i/target_moving_0/U0/delay_cnt_reg[8]
    SLICE_X36Y89         LUT3 (Prop_lut3_I0_O)        0.045     0.942 r  DB_i/target_moving_0/U0/delay_cnt[8]_i_5/O
                         net (fo=1, routed)           0.000     0.942    DB_i/target_moving_0/U0/delay_cnt[8]_i_5_n_0
    SLICE_X36Y89         CARRY4 (Prop_carry4_S[0]_O[0])
                                                      0.070     1.012 r  DB_i/target_moving_0/U0/delay_cnt_reg[8]_i_1/O[0]
                         net (fo=1, routed)           0.000     1.012    DB_i/target_moving_0/U0/delay_cnt_reg[8]_i_1_n_7
    SLICE_X36Y89         FDCE                                         r  DB_i/target_moving_0/U0/delay_cnt_reg[8]/D
  -------------------------------------------------------------------    -------------------

                         (clock clk_out1_DB_clk_wiz_0_0 rise edge)
                                                      0.000     0.000 r  
    BUFGCTRL_X0Y16       BUFG                         0.000     0.000 r  DB_i/processing_system7_0/inst/buffer_fclk_clk_0.FCLK_CLK_0_BUFG/O
                         net (fo=819, routed)         0.864     0.864    DB_i/clk_wiz_0/inst/clk_in1
    MMCME2_ADV_X1Y0      MMCME2_ADV (Prop_mmcme2_adv_CLKIN1_CLKOUT0)
                                                     -1.467    -0.603 r  DB_i/clk_wiz_0/inst/mmcm_adv_inst/CLKOUT0
                         net (fo=1, routed)           0.576    -0.027    DB_i/clk_wiz_0/inst/clk_out1_DB_clk_wiz_0_0
    BUFGCTRL_X0Y0        BUFG (Prop_bufg_I_O)         0.029     0.002 r  DB_i/clk_wiz_0/inst/clkout1_buf/O
                         net (fo=87, routed)          0.824     0.826    DB_i/target_moving_0/U0/clk
    SLICE_X36Y89         FDCE                                         r  DB_i/target_moving_0/U0/delay_cnt_reg[8]/C
                         clock pessimism             -0.268     0.558    
    SLICE_X36Y89         FDCE (Hold_fdce_C_D)         0.134     0.692    DB_i/target_moving_0/U0/delay_cnt_reg[8]
  -------------------------------------------------------------------
                         required time                         -0.692    
                         arrival time                           1.012    
  -------------------------------------------------------------------
                         slack                                  0.320    





Pulse Width Checks
--------------------------------------------------------------------------------------
Clock Name:         clk_out1_DB_clk_wiz_0_0
Waveform(ns):       { 0.000 1.250 }
Period(ns):         2.500
Sources:            { DB_i/clk_wiz_0/inst/mmcm_adv_inst/CLKOUT0 }

Check Type        Corner  Lib Pin             Reference Pin  Required(ns)  Actual(ns)  Slack(ns)  Location         Pin
Min Period        n/a     BUFG/I              n/a            2.155         2.500       0.345      BUFGCTRL_X0Y0    DB_i/clk_wiz_0/inst/clkout1_buf/I
Min Period        n/a     MMCME2_ADV/CLKOUT0  n/a            1.249         2.500       1.251      MMCME2_ADV_X1Y0  DB_i/clk_wiz_0/inst/mmcm_adv_inst/CLKOUT0
Min Period        n/a     FDCE/C              n/a            1.000         2.500       1.500      SLICE_X42Y92     DB_i/dongbo_0/U0/counter_reg[0]/C
Min Period        n/a     FDCE/C              n/a            1.000         2.500       1.500      SLICE_X42Y94     DB_i/dongbo_0/U0/counter_reg[10]/C
Min Period        n/a     FDCE/C              n/a            1.000         2.500       1.500      SLICE_X40Y94     DB_i/dongbo_0/U0/counter_reg[11]/C
Min Period        n/a     FDCE/C              n/a            1.000         2.500       1.500      SLICE_X42Y94     DB_i/dongbo_0/U0/counter_reg[12]/C
Min Period        n/a     FDCE/C              n/a            1.000         2.500       1.500      SLICE_X40Y95     DB_i/dongbo_0/U0/counter_reg[13]/C
Min Period        n/a     FDCE/C              n/a            1.000         2.500       1.500      SLICE_X42Y95     DB_i/dongbo_0/U0/counter_reg[14]/C
Min Period        n/a     FDCE/C              n/a            1.000         2.500       1.500      SLICE_X42Y95     DB_i/dongbo_0/U0/counter_reg[15]/C
Min Period        n/a     FDCE/C              n/a            1.000         2.500       1.500      SLICE_X42Y95     DB_i/dongbo_0/U0/counter_reg[16]/C
Max Period        n/a     MMCME2_ADV/CLKOUT0  n/a            213.360       2.500       210.860    MMCME2_ADV_X1Y0  DB_i/clk_wiz_0/inst/mmcm_adv_inst/CLKOUT0
Low Pulse Width   Slow    FDCE/C              n/a            0.500         1.250       0.750      SLICE_X42Y92     DB_i/dongbo_0/U0/counter_reg[0]/C
Low Pulse Width   Fast    FDCE/C              n/a            0.500         1.250       0.750      SLICE_X42Y92     DB_i/dongbo_0/U0/counter_reg[0]/C
Low Pulse Width   Slow    FDCE/C              n/a            0.500         1.250       0.750      SLICE_X42Y94     DB_i/dongbo_0/U0/counter_reg[10]/C
Low Pulse Width   Fast    FDCE/C              n/a            0.500         1.250       0.750      SLICE_X42Y94     DB_i/dongbo_0/U0/counter_reg[10]/C
Low Pulse Width   Slow    FDCE/C              n/a            0.500         1.250       0.750      SLICE_X40Y94     DB_i/dongbo_0/U0/counter_reg[11]/C
Low Pulse Width   Fast    FDCE/C              n/a            0.500         1.250       0.750      SLICE_X40Y94     DB_i/dongbo_0/U0/counter_reg[11]/C
Low Pulse Width   Slow    FDCE/C              n/a            0.500         1.250       0.750      SLICE_X42Y94     DB_i/dongbo_0/U0/counter_reg[12]/C
Low Pulse Width   Fast    FDCE/C              n/a            0.500         1.250       0.750      SLICE_X42Y94     DB_i/dongbo_0/U0/counter_reg[12]/C
Low Pulse Width   Slow    FDCE/C              n/a            0.500         1.250       0.750      SLICE_X40Y95     DB_i/dongbo_0/U0/counter_reg[13]/C
Low Pulse Width   Fast    FDCE/C              n/a            0.500         1.250       0.750      SLICE_X40Y95     DB_i/dongbo_0/U0/counter_reg[13]/C
High Pulse Width  Slow    FDCE/C              n/a            0.500         1.250       0.750      SLICE_X42Y92     DB_i/dongbo_0/U0/counter_reg[0]/C
High Pulse Width  Fast    FDCE/C              n/a            0.500         1.250       0.750      SLICE_X42Y92     DB_i/dongbo_0/U0/counter_reg[0]/C
High Pulse Width  Slow    FDCE/C              n/a            0.500         1.250       0.750      SLICE_X42Y94     DB_i/dongbo_0/U0/counter_reg[10]/C
High Pulse Width  Fast    FDCE/C              n/a            0.500         1.250       0.750      SLICE_X42Y94     DB_i/dongbo_0/U0/counter_reg[10]/C
High Pulse Width  Slow    FDCE/C              n/a            0.500         1.250       0.750      SLICE_X40Y94     DB_i/dongbo_0/U0/counter_reg[11]/C
High Pulse Width  Fast    FDCE/C              n/a            0.500         1.250       0.750      SLICE_X40Y94     DB_i/dongbo_0/U0/counter_reg[11]/C
High Pulse Width  Slow    FDCE/C              n/a            0.500         1.250       0.750      SLICE_X42Y94     DB_i/dongbo_0/U0/counter_reg[12]/C
High Pulse Width  Fast    FDCE/C              n/a            0.500         1.250       0.750      SLICE_X42Y94     DB_i/dongbo_0/U0/counter_reg[12]/C
High Pulse Width  Slow    FDCE/C              n/a            0.500         1.250       0.750      SLICE_X40Y95     DB_i/dongbo_0/U0/counter_reg[13]/C
High Pulse Width  Fast    FDCE/C              n/a            0.500         1.250       0.750      SLICE_X40Y95     DB_i/dongbo_0/U0/counter_reg[13]/C



---------------------------------------------------------------------------------------------------
From Clock:  clkfbout_DB_clk_wiz_0_0
  To Clock:  clkfbout_DB_clk_wiz_0_0

Setup :           NA  Failing Endpoints,  Worst Slack           NA  ,  Total Violation           NA
Hold  :           NA  Failing Endpoints,  Worst Slack           NA  ,  Total Violation           NA
PW    :            0  Failing Endpoints,  Worst Slack        1.845ns,  Total Violation        0.000ns
---------------------------------------------------------------------------------------------------


Pulse Width Checks
--------------------------------------------------------------------------------------
Clock Name:         clkfbout_DB_clk_wiz_0_0
Waveform(ns):       { 0.000 2.000 }
Period(ns):         4.000
Sources:            { DB_i/clk_wiz_0/inst/mmcm_adv_inst/CLKFBOUT }

Check Type  Corner  Lib Pin              Reference Pin  Required(ns)  Actual(ns)  Slack(ns)  Location         Pin
Min Period  n/a     BUFG/I               n/a            2.155         4.000       1.845      BUFGCTRL_X0Y1    DB_i/clk_wiz_0/inst/clkf_buf/I
Min Period  n/a     MMCME2_ADV/CLKFBOUT  n/a            1.249         4.000       2.751      MMCME2_ADV_X1Y0  DB_i/clk_wiz_0/inst/mmcm_adv_inst/CLKFBOUT
Min Period  n/a     MMCME2_ADV/CLKFBIN   n/a            1.249         4.000       2.751      MMCME2_ADV_X1Y0  DB_i/clk_wiz_0/inst/mmcm_adv_inst/CLKFBIN
Max Period  n/a     MMCME2_ADV/CLKFBIN   n/a            100.000       4.000       96.000     MMCME2_ADV_X1Y0  DB_i/clk_wiz_0/inst/mmcm_adv_inst/CLKFBIN
Max Period  n/a     MMCME2_ADV/CLKFBOUT  n/a            213.360       4.000       209.360    MMCME2_ADV_X1Y0  DB_i/clk_wiz_0/inst/mmcm_adv_inst/CLKFBOUT



---------------------------------------------------------------------------------------------------
From Clock:  clk_fpga_0
  To Clock:  clk_fpga_0

Setup :          429  Failing Endpoints,  Worst Slack       -1.664ns,  Total Violation     -236.968ns
Hold  :            0  Failing Endpoints,  Worst Slack        0.082ns,  Total Violation        0.000ns
PW    :            0  Failing Endpoints,  Worst Slack        1.020ns,  Total Violation        0.000ns
---------------------------------------------------------------------------------------------------


Max Delay Paths
--------------------------------------------------------------------------------------
Slack (VIOLATED) :        -1.664ns  (required time - arrival time)
  Source:                 DB_i/YK71_Tracker_AXI_0/U0/YK71_Tracker_AXI_slave_lite_v1_0_S00_AXI_inst/YK71_Core_Inst/cp3_limit_reg[3]/C
                            (rising edge-triggered cell FDRE clocked by clk_fpga_0  {rise@0.000ns fall@2.000ns period=4.000ns})
  Destination:            DB_i/YK71_Tracker_AXI_0/U0/YK71_Tracker_AXI_slave_lite_v1_0_S00_AXI_inst/YK71_Core_Inst/tail_cnt_reg[1]/R
                            (rising edge-triggered cell FDRE clocked by clk_fpga_0  {rise@0.000ns fall@2.000ns period=4.000ns})
  Path Group:             clk_fpga_0
  Path Type:              Setup (Max at Slow Process Corner)
  Requirement:            4.000ns  (clk_fpga_0 rise@4.000ns - clk_fpga_0 rise@0.000ns)
  Data Path Delay:        5.088ns  (logic 1.858ns (36.516%)  route 3.230ns (63.484%))
  Logic Levels:           7  (CARRY4=4 LUT2=1 LUT4=1 LUT6=1)
  Clock Path Skew:        0.018ns (DCD - SCD + CPR)
    Destination Clock Delay (DCD):    2.834ns = ( 6.834 - 4.000 ) 
    Source Clock Delay      (SCD):    2.945ns
    Clock Pessimism Removal (CPR):    0.129ns
  Clock Uncertainty:      0.070ns  ((TSJ^2 + TIJ^2)^1/2 + DJ) / 2 + PE
    Total System Jitter     (TSJ):    0.071ns
    Total Input Jitter      (TIJ):    0.120ns
    Discrete Jitter          (DJ):    0.000ns
    Phase Error              (PE):    0.000ns

    Location             Delay type                Incr(ns)  Path(ns)    Netlist Resource(s)
  -------------------------------------------------------------------    -------------------
                         (clock clk_fpga_0 rise edge)
                                                      0.000     0.000 r  
    PS7_X0Y0             PS7                          0.000     0.000 r  DB_i/processing_system7_0/inst/PS7_i/FCLKCLK[0]
                         net (fo=1, routed)           1.193     1.193    DB_i/processing_system7_0/inst/FCLK_CLK_unbuffered[0]
    BUFGCTRL_X0Y16       BUFG (Prop_bufg_I_O)         0.101     1.294 r  DB_i/processing_system7_0/inst/buffer_fclk_clk_0.FCLK_CLK_0_BUFG/O
                         net (fo=819, routed)         1.651     2.945    DB_i/YK71_Tracker_AXI_0/U0/YK71_Tracker_AXI_slave_lite_v1_0_S00_AXI_inst/YK71_Core_Inst/s00_axi_aclk
    SLICE_X33Y92         FDRE                                         r  DB_i/YK71_Tracker_AXI_0/U0/YK71_Tracker_AXI_slave_lite_v1_0_S00_AXI_inst/YK71_Core_Inst/cp3_limit_reg[3]/C
  -------------------------------------------------------------------    -------------------
    SLICE_X33Y92         FDRE (Prop_fdre_C_Q)         0.419     3.364 r  DB_i/YK71_Tracker_AXI_0/U0/YK71_Tracker_AXI_slave_lite_v1_0_S00_AXI_inst/YK71_Core_Inst/cp3_limit_reg[3]/Q
                         net (fo=2, routed)           0.943     4.307    DB_i/YK71_Tracker_AXI_0/U0/YK71_Tracker_AXI_slave_lite_v1_0_S00_AXI_inst/YK71_Core_Inst/cp3_limit[3]
    SLICE_X33Y93         LUT4 (Prop_lut4_I0_O)        0.299     4.606 r  DB_i/YK71_Tracker_AXI_0/U0/YK71_Tracker_AXI_slave_lite_v1_0_S00_AXI_inst/YK71_Core_Inst/cp3_state1_carry_i_7/O
                         net (fo=1, routed)           0.000     4.606    DB_i/YK71_Tracker_AXI_0/U0/YK71_Tracker_AXI_slave_lite_v1_0_S00_AXI_inst/YK71_Core_Inst/cp3_state1_carry_i_7_n_0
    SLICE_X33Y93         CARRY4 (Prop_carry4_S[1]_CO[3])
                                                      0.550     5.156 r  DB_i/YK71_Tracker_AXI_0/U0/YK71_Tracker_AXI_slave_lite_v1_0_S00_AXI_inst/YK71_Core_Inst/cp3_state1_carry/CO[3]
                         net (fo=1, routed)           0.000     5.156    DB_i/YK71_Tracker_AXI_0/U0/YK71_Tracker_AXI_slave_lite_v1_0_S00_AXI_inst/YK71_Core_Inst/cp3_state1_carry_n_0
    SLICE_X33Y94         CARRY4 (Prop_carry4_CI_CO[3])
                                                      0.114     5.270 r  DB_i/YK71_Tracker_AXI_0/U0/YK71_Tracker_AXI_slave_lite_v1_0_S00_AXI_inst/YK71_Core_Inst/cp3_state1_carry__0/CO[3]
                         net (fo=1, routed)           0.000     5.270    DB_i/YK71_Tracker_AXI_0/U0/YK71_Tracker_AXI_slave_lite_v1_0_S00_AXI_inst/YK71_Core_Inst/cp3_state1_carry__0_n_0
    SLICE_X33Y95         CARRY4 (Prop_carry4_CI_CO[3])
                                                      0.114     5.384 r  DB_i/YK71_Tracker_AXI_0/U0/YK71_Tracker_AXI_slave_lite_v1_0_S00_AXI_inst/YK71_Core_Inst/cp3_state1_carry__1/CO[3]
                         net (fo=1, routed)           0.000     5.384    DB_i/YK71_Tracker_AXI_0/U0/YK71_Tracker_AXI_slave_lite_v1_0_S00_AXI_inst/YK71_Core_Inst/cp3_state1_carry__1_n_0
    SLICE_X33Y96         CARRY4 (Prop_carry4_CI_CO[3])
                                                      0.114     5.498 r  DB_i/YK71_Tracker_AXI_0/U0/YK71_Tracker_AXI_slave_lite_v1_0_S00_AXI_inst/YK71_Core_Inst/cp3_state1_carry__2/CO[3]
                         net (fo=2, routed)           0.623     6.121    DB_i/YK71_Tracker_AXI_0/U0/YK71_Tracker_AXI_slave_lite_v1_0_S00_AXI_inst/YK71_Core_Inst/cp3_state1
    SLICE_X33Y97         LUT2 (Prop_lut2_I0_O)        0.124     6.245 r  DB_i/YK71_Tracker_AXI_0/U0/YK71_Tracker_AXI_slave_lite_v1_0_S00_AXI_inst/YK71_Core_Inst/tail_cnt[14]_i_5/O
                         net (fo=5, routed)           0.872     7.116    DB_i/YK71_Tracker_AXI_0/U0/YK71_Tracker_AXI_slave_lite_v1_0_S00_AXI_inst/YK71_Core_Inst/tail_cnt[14]_i_5_n_0
    SLICE_X35Y98         LUT6 (Prop_lut6_I2_O)        0.124     7.240 r  DB_i/YK71_Tracker_AXI_0/U0/YK71_Tracker_AXI_slave_lite_v1_0_S00_AXI_inst/YK71_Core_Inst/tail_cnt[14]_i_1_comp/O
                         net (fo=15, routed)          0.793     8.033    DB_i/YK71_Tracker_AXI_0/U0/YK71_Tracker_AXI_slave_lite_v1_0_S00_AXI_inst/YK71_Core_Inst/tail_cnt[14]_i_1_n_0
    SLICE_X34Y100        FDRE                                         r  DB_i/YK71_Tracker_AXI_0/U0/YK71_Tracker_AXI_slave_lite_v1_0_S00_AXI_inst/YK71_Core_Inst/tail_cnt_reg[1]/R
  -------------------------------------------------------------------    -------------------

                         (clock clk_fpga_0 rise edge)
                                                      4.000     4.000 r  
    PS7_X0Y0             PS7                          0.000     4.000 r  DB_i/processing_system7_0/inst/PS7_i/FCLKCLK[0]
                         net (fo=1, routed)           1.088     5.088    DB_i/processing_system7_0/inst/FCLK_CLK_unbuffered[0]
    BUFGCTRL_X0Y16       BUFG (Prop_bufg_I_O)         0.091     5.179 r  DB_i/processing_system7_0/inst/buffer_fclk_clk_0.FCLK_CLK_0_BUFG/O
                         net (fo=819, routed)         1.655     6.834    DB_i/YK71_Tracker_AXI_0/U0/YK71_Tracker_AXI_slave_lite_v1_0_S00_AXI_inst/YK71_Core_Inst/s00_axi_aclk
    SLICE_X34Y100        FDRE                                         r  DB_i/YK71_Tracker_AXI_0/U0/YK71_Tracker_AXI_slave_lite_v1_0_S00_AXI_inst/YK71_Core_Inst/tail_cnt_reg[1]/C
                         clock pessimism              0.129     6.963    
                         clock uncertainty           -0.070     6.893    
    SLICE_X34Y100        FDRE (Setup_fdre_C_R)       -0.524     6.369    DB_i/YK71_Tracker_AXI_0/U0/YK71_Tracker_AXI_slave_lite_v1_0_S00_AXI_inst/YK71_Core_Inst/tail_cnt_reg[1]
  -------------------------------------------------------------------
                         required time                          6.369    
                         arrival time                          -8.033    
  -------------------------------------------------------------------
                         slack                                 -1.664    

Slack (VIOLATED) :        -1.664ns  (required time - arrival time)
  Source:                 DB_i/YK71_Tracker_AXI_0/U0/YK71_Tracker_AXI_slave_lite_v1_0_S00_AXI_inst/YK71_Core_Inst/cp3_limit_reg[3]/C
                            (rising edge-triggered cell FDRE clocked by clk_fpga_0  {rise@0.000ns fall@2.000ns period=4.000ns})
  Destination:            DB_i/YK71_Tracker_AXI_0/U0/YK71_Tracker_AXI_slave_lite_v1_0_S00_AXI_inst/YK71_Core_Inst/tail_cnt_reg[2]/R
                            (rising edge-triggered cell FDRE clocked by clk_fpga_0  {rise@0.000ns fall@2.000ns period=4.000ns})
  Path Group:             clk_fpga_0
  Path Type:              Setup (Max at Slow Process Corner)
  Requirement:            4.000ns  (clk_fpga_0 rise@4.000ns - clk_fpga_0 rise@0.000ns)
  Data Path Delay:        5.088ns  (logic 1.858ns (36.516%)  route 3.230ns (63.484%))
  Logic Levels:           7  (CARRY4=4 LUT2=1 LUT4=1 LUT6=1)
  Clock Path Skew:        0.018ns (DCD - SCD + CPR)
    Destination Clock Delay (DCD):    2.834ns = ( 6.834 - 4.000 ) 
    Source Clock Delay      (SCD):    2.945ns
    Clock Pessimism Removal (CPR):    0.129ns
  Clock Uncertainty:      0.070ns  ((TSJ^2 + TIJ^2)^1/2 + DJ) / 2 + PE
    Total System Jitter     (TSJ):    0.071ns
    Total Input Jitter      (TIJ):    0.120ns
    Discrete Jitter          (DJ):    0.000ns
    Phase Error              (PE):    0.000ns

    Location             Delay type                Incr(ns)  Path(ns)    Netlist Resource(s)
  -------------------------------------------------------------------    -------------------
                         (clock clk_fpga_0 rise edge)
                                                      0.000     0.000 r  
    PS7_X0Y0             PS7                          0.000     0.000 r  DB_i/processing_system7_0/inst/PS7_i/FCLKCLK[0]
                         net (fo=1, routed)           1.193     1.193    DB_i/processing_system7_0/inst/FCLK_CLK_unbuffered[0]
    BUFGCTRL_X0Y16       BUFG (Prop_bufg_I_O)         0.101     1.294 r  DB_i/processing_system7_0/inst/buffer_fclk_clk_0.FCLK_CLK_0_BUFG/O
                         net (fo=819, routed)         1.651     2.945    DB_i/YK71_Tracker_AXI_0/U0/YK71_Tracker_AXI_slave_lite_v1_0_S00_AXI_inst/YK71_Core_Inst/s00_axi_aclk
    SLICE_X33Y92         FDRE                                         r  DB_i/YK71_Tracker_AXI_0/U0/YK71_Tracker_AXI_slave_lite_v1_0_S00_AXI_inst/YK71_Core_Inst/cp3_limit_reg[3]/C
  -------------------------------------------------------------------    -------------------
    SLICE_X33Y92         FDRE (Prop_fdre_C_Q)         0.419     3.364 r  DB_i/YK71_Tracker_AXI_0/U0/YK71_Tracker_AXI_slave_lite_v1_0_S00_AXI_inst/YK71_Core_Inst/cp3_limit_reg[3]/Q
                         net (fo=2, routed)           0.943     4.307    DB_i/YK71_Tracker_AXI_0/U0/YK71_Tracker_AXI_slave_lite_v1_0_S00_AXI_inst/YK71_Core_Inst/cp3_limit[3]
    SLICE_X33Y93         LUT4 (Prop_lut4_I0_O)        0.299     4.606 r  DB_i/YK71_Tracker_AXI_0/U0/YK71_Tracker_AXI_slave_lite_v1_0_S00_AXI_inst/YK71_Core_Inst/cp3_state1_carry_i_7/O
                         net (fo=1, routed)           0.000     4.606    DB_i/YK71_Tracker_AXI_0/U0/YK71_Tracker_AXI_slave_lite_v1_0_S00_AXI_inst/YK71_Core_Inst/cp3_state1_carry_i_7_n_0
    SLICE_X33Y93         CARRY4 (Prop_carry4_S[1]_CO[3])
                                                      0.550     5.156 r  DB_i/YK71_Tracker_AXI_0/U0/YK71_Tracker_AXI_slave_lite_v1_0_S00_AXI_inst/YK71_Core_Inst/cp3_state1_carry/CO[3]
                         net (fo=1, routed)           0.000     5.156    DB_i/YK71_Tracker_AXI_0/U0/YK71_Tracker_AXI_slave_lite_v1_0_S00_AXI_inst/YK71_Core_Inst/cp3_state1_carry_n_0
    SLICE_X33Y94         CARRY4 (Prop_carry4_CI_CO[3])
                                                      0.114     5.270 r  DB_i/YK71_Tracker_AXI_0/U0/YK71_Tracker_AXI_slave_lite_v1_0_S00_AXI_inst/YK71_Core_Inst/cp3_state1_carry__0/CO[3]
                         net (fo=1, routed)           0.000     5.270    DB_i/YK71_Tracker_AXI_0/U0/YK71_Tracker_AXI_slave_lite_v1_0_S00_AXI_inst/YK71_Core_Inst/cp3_state1_carry__0_n_0
    SLICE_X33Y95         CARRY4 (Prop_carry4_CI_CO[3])
                                                      0.114     5.384 r  DB_i/YK71_Tracker_AXI_0/U0/YK71_Tracker_AXI_slave_lite_v1_0_S00_AXI_inst/YK71_Core_Inst/cp3_state1_carry__1/CO[3]
                         net (fo=1, routed)           0.000     5.384    DB_i/YK71_Tracker_AXI_0/U0/YK71_Tracker_AXI_slave_lite_v1_0_S00_AXI_inst/YK71_Core_Inst/cp3_state1_carry__1_n_0
    SLICE_X33Y96         CARRY4 (Prop_carry4_CI_CO[3])
                                                      0.114     5.498 r  DB_i/YK71_Tracker_AXI_0/U0/YK71_Tracker_AXI_slave_lite_v1_0_S00_AXI_inst/YK71_Core_Inst/cp3_state1_carry__2/CO[3]
                         net (fo=2, routed)           0.623     6.121    DB_i/YK71_Tracker_AXI_0/U0/YK71_Tracker_AXI_slave_lite_v1_0_S00_AXI_inst/YK71_Core_Inst/cp3_state1
    SLICE_X33Y97         LUT2 (Prop_lut2_I0_O)        0.124     6.245 r  DB_i/YK71_Tracker_AXI_0/U0/YK71_Tracker_AXI_slave_lite_v1_0_S00_AXI_inst/YK71_Core_Inst/tail_cnt[14]_i_5/O
                         net (fo=5, routed)           0.872     7.116    DB_i/YK71_Tracker_AXI_0/U0/YK71_Tracker_AXI_slave_lite_v1_0_S00_AXI_inst/YK71_Core_Inst/tail_cnt[14]_i_5_n_0
    SLICE_X35Y98         LUT6 (Prop_lut6_I2_O)        0.124     7.240 r  DB_i/YK71_Tracker_AXI_0/U0/YK71_Tracker_AXI_slave_lite_v1_0_S00_AXI_inst/YK71_Core_Inst/tail_cnt[14]_i_1_comp/O
                         net (fo=15, routed)          0.793     8.033    DB_i/YK71_Tracker_AXI_0/U0/YK71_Tracker_AXI_slave_lite_v1_0_S00_AXI_inst/YK71_Core_Inst/tail_cnt[14]_i_1_n_0
    SLICE_X34Y100        FDRE                                         r  DB_i/YK71_Tracker_AXI_0/U0/YK71_Tracker_AXI_slave_lite_v1_0_S00_AXI_inst/YK71_Core_Inst/tail_cnt_reg[2]/R
  -------------------------------------------------------------------    -------------------

                         (clock clk_fpga_0 rise edge)
                                                      4.000     4.000 r  
    PS7_X0Y0             PS7                          0.000     4.000 r  DB_i/processing_system7_0/inst/PS7_i/FCLKCLK[0]
                         net (fo=1, routed)           1.088     5.088    DB_i/processing_system7_0/inst/FCLK_CLK_unbuffered[0]
    BUFGCTRL_X0Y16       BUFG (Prop_bufg_I_O)         0.091     5.179 r  DB_i/processing_system7_0/inst/buffer_fclk_clk_0.FCLK_CLK_0_BUFG/O
                         net (fo=819, routed)         1.655     6.834    DB_i/YK71_Tracker_AXI_0/U0/YK71_Tracker_AXI_slave_lite_v1_0_S00_AXI_inst/YK71_Core_Inst/s00_axi_aclk
    SLICE_X34Y100        FDRE                                         r  DB_i/YK71_Tracker_AXI_0/U0/YK71_Tracker_AXI_slave_lite_v1_0_S00_AXI_inst/YK71_Core_Inst/tail_cnt_reg[2]/C
                         clock pessimism              0.129     6.963    
                         clock uncertainty           -0.070     6.893    
    SLICE_X34Y100        FDRE (Setup_fdre_C_R)       -0.524     6.369    DB_i/YK71_Tracker_AXI_0/U0/YK71_Tracker_AXI_slave_lite_v1_0_S00_AXI_inst/YK71_Core_Inst/tail_cnt_reg[2]
  -------------------------------------------------------------------
                         required time                          6.369    
                         arrival time                          -8.033    
  -------------------------------------------------------------------
                         slack                                 -1.664    

Slack (VIOLATED) :        -1.664ns  (required time - arrival time)
  Source:                 DB_i/YK71_Tracker_AXI_0/U0/YK71_Tracker_AXI_slave_lite_v1_0_S00_AXI_inst/YK71_Core_Inst/cp3_limit_reg[3]/C
                            (rising edge-triggered cell FDRE clocked by clk_fpga_0  {rise@0.000ns fall@2.000ns period=4.000ns})
  Destination:            DB_i/YK71_Tracker_AXI_0/U0/YK71_Tracker_AXI_slave_lite_v1_0_S00_AXI_inst/YK71_Core_Inst/tail_cnt_reg[3]/R
                            (rising edge-triggered cell FDRE clocked by clk_fpga_0  {rise@0.000ns fall@2.000ns period=4.000ns})
  Path Group:             clk_fpga_0
  Path Type:              Setup (Max at Slow Process Corner)
  Requirement:            4.000ns  (clk_fpga_0 rise@4.000ns - clk_fpga_0 rise@0.000ns)
  Data Path Delay:        5.088ns  (logic 1.858ns (36.516%)  route 3.230ns (63.484%))
  Logic Levels:           7  (CARRY4=4 LUT2=1 LUT4=1 LUT6=1)
  Clock Path Skew:        0.018ns (DCD - SCD + CPR)
    Destination Clock Delay (DCD):    2.834ns = ( 6.834 - 4.000 ) 
    Source Clock Delay      (SCD):    2.945ns
    Clock Pessimism Removal (CPR):    0.129ns
  Clock Uncertainty:      0.070ns  ((TSJ^2 + TIJ^2)^1/2 + DJ) / 2 + PE
    Total System Jitter     (TSJ):    0.071ns
    Total Input Jitter      (TIJ):    0.120ns
    Discrete Jitter          (DJ):    0.000ns
    Phase Error              (PE):    0.000ns

    Location             Delay type                Incr(ns)  Path(ns)    Netlist Resource(s)
  -------------------------------------------------------------------    -------------------
                         (clock clk_fpga_0 rise edge)
                                                      0.000     0.000 r  
    PS7_X0Y0             PS7                          0.000     0.000 r  DB_i/processing_system7_0/inst/PS7_i/FCLKCLK[0]
                         net (fo=1, routed)           1.193     1.193    DB_i/processing_system7_0/inst/FCLK_CLK_unbuffered[0]
    BUFGCTRL_X0Y16       BUFG (Prop_bufg_I_O)         0.101     1.294 r  DB_i/processing_system7_0/inst/buffer_fclk_clk_0.FCLK_CLK_0_BUFG/O
                         net (fo=819, routed)         1.651     2.945    DB_i/YK71_Tracker_AXI_0/U0/YK71_Tracker_AXI_slave_lite_v1_0_S00_AXI_inst/YK71_Core_Inst/s00_axi_aclk
    SLICE_X33Y92         FDRE                                         r  DB_i/YK71_Tracker_AXI_0/U0/YK71_Tracker_AXI_slave_lite_v1_0_S00_AXI_inst/YK71_Core_Inst/cp3_limit_reg[3]/C
  -------------------------------------------------------------------    -------------------
    SLICE_X33Y92         FDRE (Prop_fdre_C_Q)         0.419     3.364 r  DB_i/YK71_Tracker_AXI_0/U0/YK71_Tracker_AXI_slave_lite_v1_0_S00_AXI_inst/YK71_Core_Inst/cp3_limit_reg[3]/Q
                         net (fo=2, routed)           0.943     4.307    DB_i/YK71_Tracker_AXI_0/U0/YK71_Tracker_AXI_slave_lite_v1_0_S00_AXI_inst/YK71_Core_Inst/cp3_limit[3]
    SLICE_X33Y93         LUT4 (Prop_lut4_I0_O)        0.299     4.606 r  DB_i/YK71_Tracker_AXI_0/U0/YK71_Tracker_AXI_slave_lite_v1_0_S00_AXI_inst/YK71_Core_Inst/cp3_state1_carry_i_7/O
                         net (fo=1, routed)           0.000     4.606    DB_i/YK71_Tracker_AXI_0/U0/YK71_Tracker_AXI_slave_lite_v1_0_S00_AXI_inst/YK71_Core_Inst/cp3_state1_carry_i_7_n_0
    SLICE_X33Y93         CARRY4 (Prop_carry4_S[1]_CO[3])
                                                      0.550     5.156 r  DB_i/YK71_Tracker_AXI_0/U0/YK71_Tracker_AXI_slave_lite_v1_0_S00_AXI_inst/YK71_Core_Inst/cp3_state1_carry/CO[3]
                         net (fo=1, routed)           0.000     5.156    DB_i/YK71_Tracker_AXI_0/U0/YK71_Tracker_AXI_slave_lite_v1_0_S00_AXI_inst/YK71_Core_Inst/cp3_state1_carry_n_0
    SLICE_X33Y94         CARRY4 (Prop_carry4_CI_CO[3])
                                                      0.114     5.270 r  DB_i/YK71_Tracker_AXI_0/U0/YK71_Tracker_AXI_slave_lite_v1_0_S00_AXI_inst/YK71_Core_Inst/cp3_state1_carry__0/CO[3]
                         net (fo=1, routed)           0.000     5.270    DB_i/YK71_Tracker_AXI_0/U0/YK71_Tracker_AXI_slave_lite_v1_0_S00_AXI_inst/YK71_Core_Inst/cp3_state1_carry__0_n_0
    SLICE_X33Y95         CARRY4 (Prop_carry4_CI_CO[3])
                                                      0.114     5.384 r  DB_i/YK71_Tracker_AXI_0/U0/YK71_Tracker_AXI_slave_lite_v1_0_S00_AXI_inst/YK71_Core_Inst/cp3_state1_carry__1/CO[3]
                         net (fo=1, routed)           0.000     5.384    DB_i/YK71_Tracker_AXI_0/U0/YK71_Tracker_AXI_slave_lite_v1_0_S00_AXI_inst/YK71_Core_Inst/cp3_state1_carry__1_n_0
    SLICE_X33Y96         CARRY4 (Prop_carry4_CI_CO[3])
                                                      0.114     5.498 r  DB_i/YK71_Tracker_AXI_0/U0/YK71_Tracker_AXI_slave_lite_v1_0_S00_AXI_inst/YK71_Core_Inst/cp3_state1_carry__2/CO[3]
                         net (fo=2, routed)           0.623     6.121    DB_i/YK71_Tracker_AXI_0/U0/YK71_Tracker_AXI_slave_lite_v1_0_S00_AXI_inst/YK71_Core_Inst/cp3_state1
    SLICE_X33Y97         LUT2 (Prop_lut2_I0_O)        0.124     6.245 r  DB_i/YK71_Tracker_AXI_0/U0/YK71_Tracker_AXI_slave_lite_v1_0_S00_AXI_inst/YK71_Core_Inst/tail_cnt[14]_i_5/O
                         net (fo=5, routed)           0.872     7.116    DB_i/YK71_Tracker_AXI_0/U0/YK71_Tracker_AXI_slave_lite_v1_0_S00_AXI_inst/YK71_Core_Inst/tail_cnt[14]_i_5_n_0
    SLICE_X35Y98         LUT6 (Prop_lut6_I2_O)        0.124     7.240 r  DB_i/YK71_Tracker_AXI_0/U0/YK71_Tracker_AXI_slave_lite_v1_0_S00_AXI_inst/YK71_Core_Inst/tail_cnt[14]_i_1_comp/O
                         net (fo=15, routed)          0.793     8.033    DB_i/YK71_Tracker_AXI_0/U0/YK71_Tracker_AXI_slave_lite_v1_0_S00_AXI_inst/YK71_Core_Inst/tail_cnt[14]_i_1_n_0
    SLICE_X34Y100        FDRE                                         r  DB_i/YK71_Tracker_AXI_0/U0/YK71_Tracker_AXI_slave_lite_v1_0_S00_AXI_inst/YK71_Core_Inst/tail_cnt_reg[3]/R
  -------------------------------------------------------------------    -------------------

                         (clock clk_fpga_0 rise edge)
                                                      4.000     4.000 r  
    PS7_X0Y0             PS7                          0.000     4.000 r  DB_i/processing_system7_0/inst/PS7_i/FCLKCLK[0]
                         net (fo=1, routed)           1.088     5.088    DB_i/processing_system7_0/inst/FCLK_CLK_unbuffered[0]
    BUFGCTRL_X0Y16       BUFG (Prop_bufg_I_O)         0.091     5.179 r  DB_i/processing_system7_0/inst/buffer_fclk_clk_0.FCLK_CLK_0_BUFG/O
                         net (fo=819, routed)         1.655     6.834    DB_i/YK71_Tracker_AXI_0/U0/YK71_Tracker_AXI_slave_lite_v1_0_S00_AXI_inst/YK71_Core_Inst/s00_axi_aclk
    SLICE_X34Y100        FDRE                                         r  DB_i/YK71_Tracker_AXI_0/U0/YK71_Tracker_AXI_slave_lite_v1_0_S00_AXI_inst/YK71_Core_Inst/tail_cnt_reg[3]/C
                         clock pessimism              0.129     6.963    
                         clock uncertainty           -0.070     6.893    
    SLICE_X34Y100        FDRE (Setup_fdre_C_R)       -0.524     6.369    DB_i/YK71_Tracker_AXI_0/U0/YK71_Tracker_AXI_slave_lite_v1_0_S00_AXI_inst/YK71_Core_Inst/tail_cnt_reg[3]
  -------------------------------------------------------------------
                         required time                          6.369    
                         arrival time                          -8.033    
  -------------------------------------------------------------------
                         slack                                 -1.664    

Slack (VIOLATED) :        -1.664ns  (required time - arrival time)
  Source:                 DB_i/YK71_Tracker_AXI_0/U0/YK71_Tracker_AXI_slave_lite_v1_0_S00_AXI_inst/YK71_Core_Inst/cp3_limit_reg[3]/C
                            (rising edge-triggered cell FDRE clocked by clk_fpga_0  {rise@0.000ns fall@2.000ns period=4.000ns})
  Destination:            DB_i/YK71_Tracker_AXI_0/U0/YK71_Tracker_AXI_slave_lite_v1_0_S00_AXI_inst/YK71_Core_Inst/tail_cnt_reg[4]/R
                            (rising edge-triggered cell FDRE clocked by clk_fpga_0  {rise@0.000ns fall@2.000ns period=4.000ns})
  Path Group:             clk_fpga_0
  Path Type:              Setup (Max at Slow Process Corner)
  Requirement:            4.000ns  (clk_fpga_0 rise@4.000ns - clk_fpga_0 rise@0.000ns)
  Data Path Delay:        5.088ns  (logic 1.858ns (36.516%)  route 3.230ns (63.484%))
  Logic Levels:           7  (CARRY4=4 LUT2=1 LUT4=1 LUT6=1)
  Clock Path Skew:        0.018ns (DCD - SCD + CPR)
    Destination Clock Delay (DCD):    2.834ns = ( 6.834 - 4.000 ) 
    Source Clock Delay      (SCD):    2.945ns
    Clock Pessimism Removal (CPR):    0.129ns
  Clock Uncertainty:      0.070ns  ((TSJ^2 + TIJ^2)^1/2 + DJ) / 2 + PE
    Total System Jitter     (TSJ):    0.071ns
    Total Input Jitter      (TIJ):    0.120ns
    Discrete Jitter          (DJ):    0.000ns
    Phase Error              (PE):    0.000ns

    Location             Delay type                Incr(ns)  Path(ns)    Netlist Resource(s)
  -------------------------------------------------------------------    -------------------
                         (clock clk_fpga_0 rise edge)
                                                      0.000     0.000 r  
    PS7_X0Y0             PS7                          0.000     0.000 r  DB_i/processing_system7_0/inst/PS7_i/FCLKCLK[0]
                         net (fo=1, routed)           1.193     1.193    DB_i/processing_system7_0/inst/FCLK_CLK_unbuffered[0]
    BUFGCTRL_X0Y16       BUFG (Prop_bufg_I_O)         0.101     1.294 r  DB_i/processing_system7_0/inst/buffer_fclk_clk_0.FCLK_CLK_0_BUFG/O
                         net (fo=819, routed)         1.651     2.945    DB_i/YK71_Tracker_AXI_0/U0/YK71_Tracker_AXI_slave_lite_v1_0_S00_AXI_inst/YK71_Core_Inst/s00_axi_aclk
    SLICE_X33Y92         FDRE                                         r  DB_i/YK71_Tracker_AXI_0/U0/YK71_Tracker_AXI_slave_lite_v1_0_S00_AXI_inst/YK71_Core_Inst/cp3_limit_reg[3]/C
  -------------------------------------------------------------------    -------------------
    SLICE_X33Y92         FDRE (Prop_fdre_C_Q)         0.419     3.364 r  DB_i/YK71_Tracker_AXI_0/U0/YK71_Tracker_AXI_slave_lite_v1_0_S00_AXI_inst/YK71_Core_Inst/cp3_limit_reg[3]/Q
                         net (fo=2, routed)           0.943     4.307    DB_i/YK71_Tracker_AXI_0/U0/YK71_Tracker_AXI_slave_lite_v1_0_S00_AXI_inst/YK71_Core_Inst/cp3_limit[3]
    SLICE_X33Y93         LUT4 (Prop_lut4_I0_O)        0.299     4.606 r  DB_i/YK71_Tracker_AXI_0/U0/YK71_Tracker_AXI_slave_lite_v1_0_S00_AXI_inst/YK71_Core_Inst/cp3_state1_carry_i_7/O
                         net (fo=1, routed)           0.000     4.606    DB_i/YK71_Tracker_AXI_0/U0/YK71_Tracker_AXI_slave_lite_v1_0_S00_AXI_inst/YK71_Core_Inst/cp3_state1_carry_i_7_n_0
    SLICE_X33Y93         CARRY4 (Prop_carry4_S[1]_CO[3])
                                                      0.550     5.156 r  DB_i/YK71_Tracker_AXI_0/U0/YK71_Tracker_AXI_slave_lite_v1_0_S00_AXI_inst/YK71_Core_Inst/cp3_state1_carry/CO[3]
                         net (fo=1, routed)           0.000     5.156    DB_i/YK71_Tracker_AXI_0/U0/YK71_Tracker_AXI_slave_lite_v1_0_S00_AXI_inst/YK71_Core_Inst/cp3_state1_carry_n_0
    SLICE_X33Y94         CARRY4 (Prop_carry4_CI_CO[3])
                                                      0.114     5.270 r  DB_i/YK71_Tracker_AXI_0/U0/YK71_Tracker_AXI_slave_lite_v1_0_S00_AXI_inst/YK71_Core_Inst/cp3_state1_carry__0/CO[3]
                         net (fo=1, routed)           0.000     5.270    DB_i/YK71_Tracker_AXI_0/U0/YK71_Tracker_AXI_slave_lite_v1_0_S00_AXI_inst/YK71_Core_Inst/cp3_state1_carry__0_n_0
    SLICE_X33Y95         CARRY4 (Prop_carry4_CI_CO[3])
                                                      0.114     5.384 r  DB_i/YK71_Tracker_AXI_0/U0/YK71_Tracker_AXI_slave_lite_v1_0_S00_AXI_inst/YK71_Core_Inst/cp3_state1_carry__1/CO[3]
                         net (fo=1, routed)           0.000     5.384    DB_i/YK71_Tracker_AXI_0/U0/YK71_Tracker_AXI_slave_lite_v1_0_S00_AXI_inst/YK71_Core_Inst/cp3_state1_carry__1_n_0
    SLICE_X33Y96         CARRY4 (Prop_carry4_CI_CO[3])
                                                      0.114     5.498 r  DB_i/YK71_Tracker_AXI_0/U0/YK71_Tracker_AXI_slave_lite_v1_0_S00_AXI_inst/YK71_Core_Inst/cp3_state1_carry__2/CO[3]
                         net (fo=2, routed)           0.623     6.121    DB_i/YK71_Tracker_AXI_0/U0/YK71_Tracker_AXI_slave_lite_v1_0_S00_AXI_inst/YK71_Core_Inst/cp3_state1
    SLICE_X33Y97         LUT2 (Prop_lut2_I0_O)        0.124     6.245 r  DB_i/YK71_Tracker_AXI_0/U0/YK71_Tracker_AXI_slave_lite_v1_0_S00_AXI_inst/YK71_Core_Inst/tail_cnt[14]_i_5/O
                         net (fo=5, routed)           0.872     7.116    DB_i/YK71_Tracker_AXI_0/U0/YK71_Tracker_AXI_slave_lite_v1_0_S00_AXI_inst/YK71_Core_Inst/tail_cnt[14]_i_5_n_0
    SLICE_X35Y98         LUT6 (Prop_lut6_I2_O)        0.124     7.240 r  DB_i/YK71_Tracker_AXI_0/U0/YK71_Tracker_AXI_slave_lite_v1_0_S00_AXI_inst/YK71_Core_Inst/tail_cnt[14]_i_1_comp/O
                         net (fo=15, routed)          0.793     8.033    DB_i/YK71_Tracker_AXI_0/U0/YK71_Tracker_AXI_slave_lite_v1_0_S00_AXI_inst/YK71_Core_Inst/tail_cnt[14]_i_1_n_0
    SLICE_X34Y100        FDRE                                         r  DB_i/YK71_Tracker_AXI_0/U0/YK71_Tracker_AXI_slave_lite_v1_0_S00_AXI_inst/YK71_Core_Inst/tail_cnt_reg[4]/R
  -------------------------------------------------------------------    -------------------

                         (clock clk_fpga_0 rise edge)
                                                      4.000     4.000 r  
    PS7_X0Y0             PS7                          0.000     4.000 r  DB_i/processing_system7_0/inst/PS7_i/FCLKCLK[0]
                         net (fo=1, routed)           1.088     5.088    DB_i/processing_system7_0/inst/FCLK_CLK_unbuffered[0]
    BUFGCTRL_X0Y16       BUFG (Prop_bufg_I_O)         0.091     5.179 r  DB_i/processing_system7_0/inst/buffer_fclk_clk_0.FCLK_CLK_0_BUFG/O
                         net (fo=819, routed)         1.655     6.834    DB_i/YK71_Tracker_AXI_0/U0/YK71_Tracker_AXI_slave_lite_v1_0_S00_AXI_inst/YK71_Core_Inst/s00_axi_aclk
    SLICE_X34Y100        FDRE                                         r  DB_i/YK71_Tracker_AXI_0/U0/YK71_Tracker_AXI_slave_lite_v1_0_S00_AXI_inst/YK71_Core_Inst/tail_cnt_reg[4]/C
                         clock pessimism              0.129     6.963    
                         clock uncertainty           -0.070     6.893    
    SLICE_X34Y100        FDRE (Setup_fdre_C_R)       -0.524     6.369    DB_i/YK71_Tracker_AXI_0/U0/YK71_Tracker_AXI_slave_lite_v1_0_S00_AXI_inst/YK71_Core_Inst/tail_cnt_reg[4]
  -------------------------------------------------------------------
                         required time                          6.369    
                         arrival time                          -8.033    
  -------------------------------------------------------------------
                         slack                                 -1.664    

Slack (VIOLATED) :        -1.664ns  (required time - arrival time)
  Source:                 DB_i/YK71_Tracker_AXI_0/U0/YK71_Tracker_AXI_slave_lite_v1_0_S00_AXI_inst/YK71_Core_Inst/cp3_limit_reg[3]/C
                            (rising edge-triggered cell FDRE clocked by clk_fpga_0  {rise@0.000ns fall@2.000ns period=4.000ns})
  Destination:            DB_i/YK71_Tracker_AXI_0/U0/YK71_Tracker_AXI_slave_lite_v1_0_S00_AXI_inst/YK71_Core_Inst/tail_cnt_reg[5]/R
                            (rising edge-triggered cell FDRE clocked by clk_fpga_0  {rise@0.000ns fall@2.000ns period=4.000ns})
  Path Group:             clk_fpga_0
  Path Type:              Setup (Max at Slow Process Corner)
  Requirement:            4.000ns  (clk_fpga_0 rise@4.000ns - clk_fpga_0 rise@0.000ns)
  Data Path Delay:        5.088ns  (logic 1.858ns (36.516%)  route 3.230ns (63.484%))
  Logic Levels:           7  (CARRY4=4 LUT2=1 LUT4=1 LUT6=1)
  Clock Path Skew:        0.018ns (DCD - SCD + CPR)
    Destination Clock Delay (DCD):    2.834ns = ( 6.834 - 4.000 ) 
    Source Clock Delay      (SCD):    2.945ns
    Clock Pessimism Removal (CPR):    0.129ns
  Clock Uncertainty:      0.070ns  ((TSJ^2 + TIJ^2)^1/2 + DJ) / 2 + PE
    Total System Jitter     (TSJ):    0.071ns
    Total Input Jitter      (TIJ):    0.120ns
    Discrete Jitter          (DJ):    0.000ns
    Phase Error              (PE):    0.000ns

    Location             Delay type                Incr(ns)  Path(ns)    Netlist Resource(s)
  -------------------------------------------------------------------    -------------------
                         (clock clk_fpga_0 rise edge)
                                                      0.000     0.000 r  
    PS7_X0Y0             PS7                          0.000     0.000 r  DB_i/processing_system7_0/inst/PS7_i/FCLKCLK[0]
                         net (fo=1, routed)           1.193     1.193    DB_i/processing_system7_0/inst/FCLK_CLK_unbuffered[0]
    BUFGCTRL_X0Y16       BUFG (Prop_bufg_I_O)         0.101     1.294 r  DB_i/processing_system7_0/inst/buffer_fclk_clk_0.FCLK_CLK_0_BUFG/O
                         net (fo=819, routed)         1.651     2.945    DB_i/YK71_Tracker_AXI_0/U0/YK71_Tracker_AXI_slave_lite_v1_0_S00_AXI_inst/YK71_Core_Inst/s00_axi_aclk
    SLICE_X33Y92         FDRE                                         r  DB_i/YK71_Tracker_AXI_0/U0/YK71_Tracker_AXI_slave_lite_v1_0_S00_AXI_inst/YK71_Core_Inst/cp3_limit_reg[3]/C
  -------------------------------------------------------------------    -------------------
    SLICE_X33Y92         FDRE (Prop_fdre_C_Q)         0.419     3.364 r  DB_i/YK71_Tracker_AXI_0/U0/YK71_Tracker_AXI_slave_lite_v1_0_S00_AXI_inst/YK71_Core_Inst/cp3_limit_reg[3]/Q
                         net (fo=2, routed)           0.943     4.307    DB_i/YK71_Tracker_AXI_0/U0/YK71_Tracker_AXI_slave_lite_v1_0_S00_AXI_inst/YK71_Core_Inst/cp3_limit[3]
    SLICE_X33Y93         LUT4 (Prop_lut4_I0_O)        0.299     4.606 r  DB_i/YK71_Tracker_AXI_0/U0/YK71_Tracker_AXI_slave_lite_v1_0_S00_AXI_inst/YK71_Core_Inst/cp3_state1_carry_i_7/O
                         net (fo=1, routed)           0.000     4.606    DB_i/YK71_Tracker_AXI_0/U0/YK71_Tracker_AXI_slave_lite_v1_0_S00_AXI_inst/YK71_Core_Inst/cp3_state1_carry_i_7_n_0
    SLICE_X33Y93         CARRY4 (Prop_carry4_S[1]_CO[3])
                                                      0.550     5.156 r  DB_i/YK71_Tracker_AXI_0/U0/YK71_Tracker_AXI_slave_lite_v1_0_S00_AXI_inst/YK71_Core_Inst/cp3_state1_carry/CO[3]
                         net (fo=1, routed)           0.000     5.156    DB_i/YK71_Tracker_AXI_0/U0/YK71_Tracker_AXI_slave_lite_v1_0_S00_AXI_inst/YK71_Core_Inst/cp3_state1_carry_n_0
    SLICE_X33Y94         CARRY4 (Prop_carry4_CI_CO[3])
                                                      0.114     5.270 r  DB_i/YK71_Tracker_AXI_0/U0/YK71_Tracker_AXI_slave_lite_v1_0_S00_AXI_inst/YK71_Core_Inst/cp3_state1_carry__0/CO[3]
                         net (fo=1, routed)           0.000     5.270    DB_i/YK71_Tracker_AXI_0/U0/YK71_Tracker_AXI_slave_lite_v1_0_S00_AXI_inst/YK71_Core_Inst/cp3_state1_carry__0_n_0
    SLICE_X33Y95         CARRY4 (Prop_carry4_CI_CO[3])
                                                      0.114     5.384 r  DB_i/YK71_Tracker_AXI_0/U0/YK71_Tracker_AXI_slave_lite_v1_0_S00_AXI_inst/YK71_Core_Inst/cp3_state1_carry__1/CO[3]
                         net (fo=1, routed)           0.000     5.384    DB_i/YK71_Tracker_AXI_0/U0/YK71_Tracker_AXI_slave_lite_v1_0_S00_AXI_inst/YK71_Core_Inst/cp3_state1_carry__1_n_0
    SLICE_X33Y96         CARRY4 (Prop_carry4_CI_CO[3])
                                                      0.114     5.498 r  DB_i/YK71_Tracker_AXI_0/U0/YK71_Tracker_AXI_slave_lite_v1_0_S00_AXI_inst/YK71_Core_Inst/cp3_state1_carry__2/CO[3]
                         net (fo=2, routed)           0.623     6.121    DB_i/YK71_Tracker_AXI_0/U0/YK71_Tracker_AXI_slave_lite_v1_0_S00_AXI_inst/YK71_Core_Inst/cp3_state1
    SLICE_X33Y97         LUT2 (Prop_lut2_I0_O)        0.124     6.245 r  DB_i/YK71_Tracker_AXI_0/U0/YK71_Tracker_AXI_slave_lite_v1_0_S00_AXI_inst/YK71_Core_Inst/tail_cnt[14]_i_5/O
                         net (fo=5, routed)           0.872     7.116    DB_i/YK71_Tracker_AXI_0/U0/YK71_Tracker_AXI_slave_lite_v1_0_S00_AXI_inst/YK71_Core_Inst/tail_cnt[14]_i_5_n_0
    SLICE_X35Y98         LUT6 (Prop_lut6_I2_O)        0.124     7.240 r  DB_i/YK71_Tracker_AXI_0/U0/YK71_Tracker_AXI_slave_lite_v1_0_S00_AXI_inst/YK71_Core_Inst/tail_cnt[14]_i_1_comp/O
                         net (fo=15, routed)          0.793     8.033    DB_i/YK71_Tracker_AXI_0/U0/YK71_Tracker_AXI_slave_lite_v1_0_S00_AXI_inst/YK71_Core_Inst/tail_cnt[14]_i_1_n_0
    SLICE_X34Y100        FDRE                                         r  DB_i/YK71_Tracker_AXI_0/U0/YK71_Tracker_AXI_slave_lite_v1_0_S00_AXI_inst/YK71_Core_Inst/tail_cnt_reg[5]/R
  -------------------------------------------------------------------    -------------------

                         (clock clk_fpga_0 rise edge)
                                                      4.000     4.000 r  
    PS7_X0Y0             PS7                          0.000     4.000 r  DB_i/processing_system7_0/inst/PS7_i/FCLKCLK[0]
                         net (fo=1, routed)           1.088     5.088    DB_i/processing_system7_0/inst/FCLK_CLK_unbuffered[0]
    BUFGCTRL_X0Y16       BUFG (Prop_bufg_I_O)         0.091     5.179 r  DB_i/processing_system7_0/inst/buffer_fclk_clk_0.FCLK_CLK_0_BUFG/O
                         net (fo=819, routed)         1.655     6.834    DB_i/YK71_Tracker_AXI_0/U0/YK71_Tracker_AXI_slave_lite_v1_0_S00_AXI_inst/YK71_Core_Inst/s00_axi_aclk
    SLICE_X34Y100        FDRE                                         r  DB_i/YK71_Tracker_AXI_0/U0/YK71_Tracker_AXI_slave_lite_v1_0_S00_AXI_inst/YK71_Core_Inst/tail_cnt_reg[5]/C
                         clock pessimism              0.129     6.963    
                         clock uncertainty           -0.070     6.893    
    SLICE_X34Y100        FDRE (Setup_fdre_C_R)       -0.524     6.369    DB_i/YK71_Tracker_AXI_0/U0/YK71_Tracker_AXI_slave_lite_v1_0_S00_AXI_inst/YK71_Core_Inst/tail_cnt_reg[5]
  -------------------------------------------------------------------
                         required time                          6.369    
                         arrival time                          -8.033    
  -------------------------------------------------------------------
                         slack                                 -1.664    

Slack (VIOLATED) :        -1.377ns  (required time - arrival time)
  Source:                 DB_i/YK71_Tracker_AXI_0/U0/YK71_Tracker_AXI_slave_lite_v1_0_S00_AXI_inst/YK71_Core_Inst/cp3_limit_reg[3]/C
                            (rising edge-triggered cell FDRE clocked by clk_fpga_0  {rise@0.000ns fall@2.000ns period=4.000ns})
  Destination:            DB_i/YK71_Tracker_AXI_0/U0/YK71_Tracker_AXI_slave_lite_v1_0_S00_AXI_inst/YK71_Core_Inst/tail_cnt_reg[0]/R
                            (rising edge-triggered cell FDRE clocked by clk_fpga_0  {rise@0.000ns fall@2.000ns period=4.000ns})
  Path Group:             clk_fpga_0
  Path Type:              Setup (Max at Slow Process Corner)
  Requirement:            4.000ns  (clk_fpga_0 rise@4.000ns - clk_fpga_0 rise@0.000ns)
  Data Path Delay:        4.823ns  (logic 1.858ns (38.527%)  route 2.965ns (61.473%))
  Logic Levels:           7  (CARRY4=4 LUT2=1 LUT4=1 LUT6=1)
  Clock Path Skew:        -0.056ns (DCD - SCD + CPR)
    Destination Clock Delay (DCD):    2.660ns = ( 6.660 - 4.000 ) 
    Source Clock Delay      (SCD):    2.945ns
    Clock Pessimism Removal (CPR):    0.229ns
  Clock Uncertainty:      0.070ns  ((TSJ^2 + TIJ^2)^1/2 + DJ) / 2 + PE
    Total System Jitter     (TSJ):    0.071ns
    Total Input Jitter      (TIJ):    0.120ns
    Discrete Jitter          (DJ):    0.000ns
    Phase Error              (PE):    0.000ns

    Location             Delay type                Incr(ns)  Path(ns)    Netlist Resource(s)
  -------------------------------------------------------------------    -------------------
                         (clock clk_fpga_0 rise edge)
                                                      0.000     0.000 r  
    PS7_X0Y0             PS7                          0.000     0.000 r  DB_i/processing_system7_0/inst/PS7_i/FCLKCLK[0]
                         net (fo=1, routed)           1.193     1.193    DB_i/processing_system7_0/inst/FCLK_CLK_unbuffered[0]
    BUFGCTRL_X0Y16       BUFG (Prop_bufg_I_O)         0.101     1.294 r  DB_i/processing_system7_0/inst/buffer_fclk_clk_0.FCLK_CLK_0_BUFG/O
                         net (fo=819, routed)         1.651     2.945    DB_i/YK71_Tracker_AXI_0/U0/YK71_Tracker_AXI_slave_lite_v1_0_S00_AXI_inst/YK71_Core_Inst/s00_axi_aclk
    SLICE_X33Y92         FDRE                                         r  DB_i/YK71_Tracker_AXI_0/U0/YK71_Tracker_AXI_slave_lite_v1_0_S00_AXI_inst/YK71_Core_Inst/cp3_limit_reg[3]/C
  -------------------------------------------------------------------    -------------------
    SLICE_X33Y92         FDRE (Prop_fdre_C_Q)         0.419     3.364 r  DB_i/YK71_Tracker_AXI_0/U0/YK71_Tracker_AXI_slave_lite_v1_0_S00_AXI_inst/YK71_Core_Inst/cp3_limit_reg[3]/Q
                         net (fo=2, routed)           0.943     4.307    DB_i/YK71_Tracker_AXI_0/U0/YK71_Tracker_AXI_slave_lite_v1_0_S00_AXI_inst/YK71_Core_Inst/cp3_limit[3]
    SLICE_X33Y93         LUT4 (Prop_lut4_I0_O)        0.299     4.606 r  DB_i/YK71_Tracker_AXI_0/U0/YK71_Tracker_AXI_slave_lite_v1_0_S00_AXI_inst/YK71_Core_Inst/cp3_state1_carry_i_7/O
                         net (fo=1, routed)           0.000     4.606    DB_i/YK71_Tracker_AXI_0/U0/YK71_Tracker_AXI_slave_lite_v1_0_S00_AXI_inst/YK71_Core_Inst/cp3_state1_carry_i_7_n_0
    SLICE_X33Y93         CARRY4 (Prop_carry4_S[1]_CO[3])
                                                      0.550     5.156 r  DB_i/YK71_Tracker_AXI_0/U0/YK71_Tracker_AXI_slave_lite_v1_0_S00_AXI_inst/YK71_Core_Inst/cp3_state1_carry/CO[3]
                         net (fo=1, routed)           0.000     5.156    DB_i/YK71_Tracker_AXI_0/U0/YK71_Tracker_AXI_slave_lite_v1_0_S00_AXI_inst/YK71_Core_Inst/cp3_state1_carry_n_0
    SLICE_X33Y94         CARRY4 (Prop_carry4_CI_CO[3])
                                                      0.114     5.270 r  DB_i/YK71_Tracker_AXI_0/U0/YK71_Tracker_AXI_slave_lite_v1_0_S00_AXI_inst/YK71_Core_Inst/cp3_state1_carry__0/CO[3]
                         net (fo=1, routed)           0.000     5.270    DB_i/YK71_Tracker_AXI_0/U0/YK71_Tracker_AXI_slave_lite_v1_0_S00_AXI_inst/YK71_Core_Inst/cp3_state1_carry__0_n_0
    SLICE_X33Y95         CARRY4 (Prop_carry4_CI_CO[3])
                                                      0.114     5.384 r  DB_i/YK71_Tracker_AXI_0/U0/YK71_Tracker_AXI_slave_lite_v1_0_S00_AXI_inst/YK71_Core_Inst/cp3_state1_carry__1/CO[3]
                         net (fo=1, routed)           0.000     5.384    DB_i/YK71_Tracker_AXI_0/U0/YK71_Tracker_AXI_slave_lite_v1_0_S00_AXI_inst/YK71_Core_Inst/cp3_state1_carry__1_n_0
    SLICE_X33Y96         CARRY4 (Prop_carry4_CI_CO[3])
                                                      0.114     5.498 r  DB_i/YK71_Tracker_AXI_0/U0/YK71_Tracker_AXI_slave_lite_v1_0_S00_AXI_inst/YK71_Core_Inst/cp3_state1_carry__2/CO[3]
                         net (fo=2, routed)           0.623     6.121    DB_i/YK71_Tracker_AXI_0/U0/YK71_Tracker_AXI_slave_lite_v1_0_S00_AXI_inst/YK71_Core_Inst/cp3_state1
    SLICE_X33Y97         LUT2 (Prop_lut2_I0_O)        0.124     6.245 r  DB_i/YK71_Tracker_AXI_0/U0/YK71_Tracker_AXI_slave_lite_v1_0_S00_AXI_inst/YK71_Core_Inst/tail_cnt[14]_i_5/O
                         net (fo=5, routed)           0.872     7.116    DB_i/YK71_Tracker_AXI_0/U0/YK71_Tracker_AXI_slave_lite_v1_0_S00_AXI_inst/YK71_Core_Inst/tail_cnt[14]_i_5_n_0
    SLICE_X35Y98         LUT6 (Prop_lut6_I2_O)        0.124     7.240 r  DB_i/YK71_Tracker_AXI_0/U0/YK71_Tracker_AXI_slave_lite_v1_0_S00_AXI_inst/YK71_Core_Inst/tail_cnt[14]_i_1_comp/O
                         net (fo=15, routed)          0.527     7.768    DB_i/YK71_Tracker_AXI_0/U0/YK71_Tracker_AXI_slave_lite_v1_0_S00_AXI_inst/YK71_Core_Inst/tail_cnt[14]_i_1_n_0
    SLICE_X35Y97         FDRE                                         r  DB_i/YK71_Tracker_AXI_0/U0/YK71_Tracker_AXI_slave_lite_v1_0_S00_AXI_inst/YK71_Core_Inst/tail_cnt_reg[0]/R
  -------------------------------------------------------------------    -------------------

                         (clock clk_fpga_0 rise edge)
                                                      4.000     4.000 r  
    PS7_X0Y0             PS7                          0.000     4.000 r  DB_i/processing_system7_0/inst/PS7_i/FCLKCLK[0]
                         net (fo=1, routed)           1.088     5.088    DB_i/processing_system7_0/inst/FCLK_CLK_unbuffered[0]
    BUFGCTRL_X0Y16       BUFG (Prop_bufg_I_O)         0.091     5.179 r  DB_i/processing_system7_0/inst/buffer_fclk_clk_0.FCLK_CLK_0_BUFG/O
                         net (fo=819, routed)         1.481     6.660    DB_i/YK71_Tracker_AXI_0/U0/YK71_Tracker_AXI_slave_lite_v1_0_S00_AXI_inst/YK71_Core_Inst/s00_axi_aclk
    SLICE_X35Y97         FDRE                                         r  DB_i/YK71_Tracker_AXI_0/U0/YK71_Tracker_AXI_slave_lite_v1_0_S00_AXI_inst/YK71_Core_Inst/tail_cnt_reg[0]/C
                         clock pessimism              0.229     6.889    
                         clock uncertainty           -0.070     6.819    
    SLICE_X35Y97         FDRE (Setup_fdre_C_R)       -0.429     6.390    DB_i/YK71_Tracker_AXI_0/U0/YK71_Tracker_AXI_slave_lite_v1_0_S00_AXI_inst/YK71_Core_Inst/tail_cnt_reg[0]
  -------------------------------------------------------------------
                         required time                          6.390    
                         arrival time                          -7.768    
  -------------------------------------------------------------------
                         slack                                 -1.377    

Slack (VIOLATED) :        -1.377ns  (required time - arrival time)
  Source:                 DB_i/YK71_Tracker_AXI_0/U0/YK71_Tracker_AXI_slave_lite_v1_0_S00_AXI_inst/YK71_Core_Inst/cp3_limit_reg[3]/C
                            (rising edge-triggered cell FDRE clocked by clk_fpga_0  {rise@0.000ns fall@2.000ns period=4.000ns})
  Destination:            DB_i/YK71_Tracker_AXI_0/U0/YK71_Tracker_AXI_slave_lite_v1_0_S00_AXI_inst/YK71_Core_Inst/tail_cnt_reg[13]/R
                            (rising edge-triggered cell FDRE clocked by clk_fpga_0  {rise@0.000ns fall@2.000ns period=4.000ns})
  Path Group:             clk_fpga_0
  Path Type:              Setup (Max at Slow Process Corner)
  Requirement:            4.000ns  (clk_fpga_0 rise@4.000ns - clk_fpga_0 rise@0.000ns)
  Data Path Delay:        4.823ns  (logic 1.858ns (38.527%)  route 2.965ns (61.473%))
  Logic Levels:           7  (CARRY4=4 LUT2=1 LUT4=1 LUT6=1)
  Clock Path Skew:        -0.056ns (DCD - SCD + CPR)
    Destination Clock Delay (DCD):    2.660ns = ( 6.660 - 4.000 ) 
    Source Clock Delay      (SCD):    2.945ns
    Clock Pessimism Removal (CPR):    0.229ns
  Clock Uncertainty:      0.070ns  ((TSJ^2 + TIJ^2)^1/2 + DJ) / 2 + PE
    Total System Jitter     (TSJ):    0.071ns
    Total Input Jitter      (TIJ):    0.120ns
    Discrete Jitter          (DJ):    0.000ns
    Phase Error              (PE):    0.000ns

    Location             Delay type                Incr(ns)  Path(ns)    Netlist Resource(s)
  -------------------------------------------------------------------    -------------------
                         (clock clk_fpga_0 rise edge)
                                                      0.000     0.000 r  
    PS7_X0Y0             PS7                          0.000     0.000 r  DB_i/processing_system7_0/inst/PS7_i/FCLKCLK[0]
                         net (fo=1, routed)           1.193     1.193    DB_i/processing_system7_0/inst/FCLK_CLK_unbuffered[0]
    BUFGCTRL_X0Y16       BUFG (Prop_bufg_I_O)         0.101     1.294 r  DB_i/processing_system7_0/inst/buffer_fclk_clk_0.FCLK_CLK_0_BUFG/O
                         net (fo=819, routed)         1.651     2.945    DB_i/YK71_Tracker_AXI_0/U0/YK71_Tracker_AXI_slave_lite_v1_0_S00_AXI_inst/YK71_Core_Inst/s00_axi_aclk
    SLICE_X33Y92         FDRE                                         r  DB_i/YK71_Tracker_AXI_0/U0/YK71_Tracker_AXI_slave_lite_v1_0_S00_AXI_inst/YK71_Core_Inst/cp3_limit_reg[3]/C
  -------------------------------------------------------------------    -------------------
    SLICE_X33Y92         FDRE (Prop_fdre_C_Q)         0.419     3.364 r  DB_i/YK71_Tracker_AXI_0/U0/YK71_Tracker_AXI_slave_lite_v1_0_S00_AXI_inst/YK71_Core_Inst/cp3_limit_reg[3]/Q
                         net (fo=2, routed)           0.943     4.307    DB_i/YK71_Tracker_AXI_0/U0/YK71_Tracker_AXI_slave_lite_v1_0_S00_AXI_inst/YK71_Core_Inst/cp3_limit[3]
    SLICE_X33Y93         LUT4 (Prop_lut4_I0_O)        0.299     4.606 r  DB_i/YK71_Tracker_AXI_0/U0/YK71_Tracker_AXI_slave_lite_v1_0_S00_AXI_inst/YK71_Core_Inst/cp3_state1_carry_i_7/O
                         net (fo=1, routed)           0.000     4.606    DB_i/YK71_Tracker_AXI_0/U0/YK71_Tracker_AXI_slave_lite_v1_0_S00_AXI_inst/YK71_Core_Inst/cp3_state1_carry_i_7_n_0
    SLICE_X33Y93         CARRY4 (Prop_carry4_S[1]_CO[3])
                                                      0.550     5.156 r  DB_i/YK71_Tracker_AXI_0/U0/YK71_Tracker_AXI_slave_lite_v1_0_S00_AXI_inst/YK71_Core_Inst/cp3_state1_carry/CO[3]
                         net (fo=1, routed)           0.000     5.156    DB_i/YK71_Tracker_AXI_0/U0/YK71_Tracker_AXI_slave_lite_v1_0_S00_AXI_inst/YK71_Core_Inst/cp3_state1_carry_n_0
    SLICE_X33Y94         CARRY4 (Prop_carry4_CI_CO[3])
                                                      0.114     5.270 r  DB_i/YK71_Tracker_AXI_0/U0/YK71_Tracker_AXI_slave_lite_v1_0_S00_AXI_inst/YK71_Core_Inst/cp3_state1_carry__0/CO[3]
                         net (fo=1, routed)           0.000     5.270    DB_i/YK71_Tracker_AXI_0/U0/YK71_Tracker_AXI_slave_lite_v1_0_S00_AXI_inst/YK71_Core_Inst/cp3_state1_carry__0_n_0
    SLICE_X33Y95         CARRY4 (Prop_carry4_CI_CO[3])
                                                      0.114     5.384 r  DB_i/YK71_Tracker_AXI_0/U0/YK71_Tracker_AXI_slave_lite_v1_0_S00_AXI_inst/YK71_Core_Inst/cp3_state1_carry__1/CO[3]
                         net (fo=1, routed)           0.000     5.384    DB_i/YK71_Tracker_AXI_0/U0/YK71_Tracker_AXI_slave_lite_v1_0_S00_AXI_inst/YK71_Core_Inst/cp3_state1_carry__1_n_0
    SLICE_X33Y96         CARRY4 (Prop_carry4_CI_CO[3])
                                                      0.114     5.498 r  DB_i/YK71_Tracker_AXI_0/U0/YK71_Tracker_AXI_slave_lite_v1_0_S00_AXI_inst/YK71_Core_Inst/cp3_state1_carry__2/CO[3]
                         net (fo=2, routed)           0.623     6.121    DB_i/YK71_Tracker_AXI_0/U0/YK71_Tracker_AXI_slave_lite_v1_0_S00_AXI_inst/YK71_Core_Inst/cp3_state1
    SLICE_X33Y97         LUT2 (Prop_lut2_I0_O)        0.124     6.245 r  DB_i/YK71_Tracker_AXI_0/U0/YK71_Tracker_AXI_slave_lite_v1_0_S00_AXI_inst/YK71_Core_Inst/tail_cnt[14]_i_5/O
                         net (fo=5, routed)           0.872     7.116    DB_i/YK71_Tracker_AXI_0/U0/YK71_Tracker_AXI_slave_lite_v1_0_S00_AXI_inst/YK71_Core_Inst/tail_cnt[14]_i_5_n_0
    SLICE_X35Y98         LUT6 (Prop_lut6_I2_O)        0.124     7.240 r  DB_i/YK71_Tracker_AXI_0/U0/YK71_Tracker_AXI_slave_lite_v1_0_S00_AXI_inst/YK71_Core_Inst/tail_cnt[14]_i_1_comp/O
                         net (fo=15, routed)          0.527     7.768    DB_i/YK71_Tracker_AXI_0/U0/YK71_Tracker_AXI_slave_lite_v1_0_S00_AXI_inst/YK71_Core_Inst/tail_cnt[14]_i_1_n_0
    SLICE_X35Y97         FDRE                                         r  DB_i/YK71_Tracker_AXI_0/U0/YK71_Tracker_AXI_slave_lite_v1_0_S00_AXI_inst/YK71_Core_Inst/tail_cnt_reg[13]/R
  -------------------------------------------------------------------    -------------------

                         (clock clk_fpga_0 rise edge)
                                                      4.000     4.000 r  
    PS7_X0Y0             PS7                          0.000     4.000 r  DB_i/processing_system7_0/inst/PS7_i/FCLKCLK[0]
                         net (fo=1, routed)           1.088     5.088    DB_i/processing_system7_0/inst/FCLK_CLK_unbuffered[0]
    BUFGCTRL_X0Y16       BUFG (Prop_bufg_I_O)         0.091     5.179 r  DB_i/processing_system7_0/inst/buffer_fclk_clk_0.FCLK_CLK_0_BUFG/O
                         net (fo=819, routed)         1.481     6.660    DB_i/YK71_Tracker_AXI_0/U0/YK71_Tracker_AXI_slave_lite_v1_0_S00_AXI_inst/YK71_Core_Inst/s00_axi_aclk
    SLICE_X35Y97         FDRE                                         r  DB_i/YK71_Tracker_AXI_0/U0/YK71_Tracker_AXI_slave_lite_v1_0_S00_AXI_inst/YK71_Core_Inst/tail_cnt_reg[13]/C
                         clock pessimism              0.229     6.889    
                         clock uncertainty           -0.070     6.819    
    SLICE_X35Y97         FDRE (Setup_fdre_C_R)       -0.429     6.390    DB_i/YK71_Tracker_AXI_0/U0/YK71_Tracker_AXI_slave_lite_v1_0_S00_AXI_inst/YK71_Core_Inst/tail_cnt_reg[13]
  -------------------------------------------------------------------
                         required time                          6.390    
                         arrival time                          -7.768    
  -------------------------------------------------------------------
                         slack                                 -1.377    

Slack (VIOLATED) :        -1.377ns  (required time - arrival time)
  Source:                 DB_i/YK71_Tracker_AXI_0/U0/YK71_Tracker_AXI_slave_lite_v1_0_S00_AXI_inst/YK71_Core_Inst/cp3_limit_reg[3]/C
                            (rising edge-triggered cell FDRE clocked by clk_fpga_0  {rise@0.000ns fall@2.000ns period=4.000ns})
  Destination:            DB_i/YK71_Tracker_AXI_0/U0/YK71_Tracker_AXI_slave_lite_v1_0_S00_AXI_inst/YK71_Core_Inst/tail_cnt_reg[14]/R
                            (rising edge-triggered cell FDRE clocked by clk_fpga_0  {rise@0.000ns fall@2.000ns period=4.000ns})
  Path Group:             clk_fpga_0
  Path Type:              Setup (Max at Slow Process Corner)
  Requirement:            4.000ns  (clk_fpga_0 rise@4.000ns - clk_fpga_0 rise@0.000ns)
  Data Path Delay:        4.823ns  (logic 1.858ns (38.527%)  route 2.965ns (61.473%))
  Logic Levels:           7  (CARRY4=4 LUT2=1 LUT4=1 LUT6=1)
  Clock Path Skew:        -0.056ns (DCD - SCD + CPR)
    Destination Clock Delay (DCD):    2.660ns = ( 6.660 - 4.000 ) 
    Source Clock Delay      (SCD):    2.945ns
    Clock Pessimism Removal (CPR):    0.229ns
  Clock Uncertainty:      0.070ns  ((TSJ^2 + TIJ^2)^1/2 + DJ) / 2 + PE
    Total System Jitter     (TSJ):    0.071ns
    Total Input Jitter      (TIJ):    0.120ns
    Discrete Jitter          (DJ):    0.000ns
    Phase Error              (PE):    0.000ns

    Location             Delay type                Incr(ns)  Path(ns)    Netlist Resource(s)
  -------------------------------------------------------------------    -------------------
                         (clock clk_fpga_0 rise edge)
                                                      0.000     0.000 r  
    PS7_X0Y0             PS7                          0.000     0.000 r  DB_i/processing_system7_0/inst/PS7_i/FCLKCLK[0]
                         net (fo=1, routed)           1.193     1.193    DB_i/processing_system7_0/inst/FCLK_CLK_unbuffered[0]
    BUFGCTRL_X0Y16       BUFG (Prop_bufg_I_O)         0.101     1.294 r  DB_i/processing_system7_0/inst/buffer_fclk_clk_0.FCLK_CLK_0_BUFG/O
                         net (fo=819, routed)         1.651     2.945    DB_i/YK71_Tracker_AXI_0/U0/YK71_Tracker_AXI_slave_lite_v1_0_S00_AXI_inst/YK71_Core_Inst/s00_axi_aclk
    SLICE_X33Y92         FDRE                                         r  DB_i/YK71_Tracker_AXI_0/U0/YK71_Tracker_AXI_slave_lite_v1_0_S00_AXI_inst/YK71_Core_Inst/cp3_limit_reg[3]/C
  -------------------------------------------------------------------    -------------------
    SLICE_X33Y92         FDRE (Prop_fdre_C_Q)         0.419     3.364 r  DB_i/YK71_Tracker_AXI_0/U0/YK71_Tracker_AXI_slave_lite_v1_0_S00_AXI_inst/YK71_Core_Inst/cp3_limit_reg[3]/Q
                         net (fo=2, routed)           0.943     4.307    DB_i/YK71_Tracker_AXI_0/U0/YK71_Tracker_AXI_slave_lite_v1_0_S00_AXI_inst/YK71_Core_Inst/cp3_limit[3]
    SLICE_X33Y93         LUT4 (Prop_lut4_I0_O)        0.299     4.606 r  DB_i/YK71_Tracker_AXI_0/U0/YK71_Tracker_AXI_slave_lite_v1_0_S00_AXI_inst/YK71_Core_Inst/cp3_state1_carry_i_7/O
                         net (fo=1, routed)           0.000     4.606    DB_i/YK71_Tracker_AXI_0/U0/YK71_Tracker_AXI_slave_lite_v1_0_S00_AXI_inst/YK71_Core_Inst/cp3_state1_carry_i_7_n_0
    SLICE_X33Y93         CARRY4 (Prop_carry4_S[1]_CO[3])
                                                      0.550     5.156 r  DB_i/YK71_Tracker_AXI_0/U0/YK71_Tracker_AXI_slave_lite_v1_0_S00_AXI_inst/YK71_Core_Inst/cp3_state1_carry/CO[3]
                         net (fo=1, routed)           0.000     5.156    DB_i/YK71_Tracker_AXI_0/U0/YK71_Tracker_AXI_slave_lite_v1_0_S00_AXI_inst/YK71_Core_Inst/cp3_state1_carry_n_0
    SLICE_X33Y94         CARRY4 (Prop_carry4_CI_CO[3])
                                                      0.114     5.270 r  DB_i/YK71_Tracker_AXI_0/U0/YK71_Tracker_AXI_slave_lite_v1_0_S00_AXI_inst/YK71_Core_Inst/cp3_state1_carry__0/CO[3]
                         net (fo=1, routed)           0.000     5.270    DB_i/YK71_Tracker_AXI_0/U0/YK71_Tracker_AXI_slave_lite_v1_0_S00_AXI_inst/YK71_Core_Inst/cp3_state1_carry__0_n_0
    SLICE_X33Y95         CARRY4 (Prop_carry4_CI_CO[3])
                                                      0.114     5.384 r  DB_i/YK71_Tracker_AXI_0/U0/YK71_Tracker_AXI_slave_lite_v1_0_S00_AXI_inst/YK71_Core_Inst/cp3_state1_carry__1/CO[3]
                         net (fo=1, routed)           0.000     5.384    DB_i/YK71_Tracker_AXI_0/U0/YK71_Tracker_AXI_slave_lite_v1_0_S00_AXI_inst/YK71_Core_Inst/cp3_state1_carry__1_n_0
    SLICE_X33Y96         CARRY4 (Prop_carry4_CI_CO[3])
                                                      0.114     5.498 r  DB_i/YK71_Tracker_AXI_0/U0/YK71_Tracker_AXI_slave_lite_v1_0_S00_AXI_inst/YK71_Core_Inst/cp3_state1_carry__2/CO[3]
                         net (fo=2, routed)           0.623     6.121    DB_i/YK71_Tracker_AXI_0/U0/YK71_Tracker_AXI_slave_lite_v1_0_S00_AXI_inst/YK71_Core_Inst/cp3_state1
    SLICE_X33Y97         LUT2 (Prop_lut2_I0_O)        0.124     6.245 r  DB_i/YK71_Tracker_AXI_0/U0/YK71_Tracker_AXI_slave_lite_v1_0_S00_AXI_inst/YK71_Core_Inst/tail_cnt[14]_i_5/O
                         net (fo=5, routed)           0.872     7.116    DB_i/YK71_Tracker_AXI_0/U0/YK71_Tracker_AXI_slave_lite_v1_0_S00_AXI_inst/YK71_Core_Inst/tail_cnt[14]_i_5_n_0
    SLICE_X35Y98         LUT6 (Prop_lut6_I2_O)        0.124     7.240 r  DB_i/YK71_Tracker_AXI_0/U0/YK71_Tracker_AXI_slave_lite_v1_0_S00_AXI_inst/YK71_Core_Inst/tail_cnt[14]_i_1_comp/O
                         net (fo=15, routed)          0.527     7.768    DB_i/YK71_Tracker_AXI_0/U0/YK71_Tracker_AXI_slave_lite_v1_0_S00_AXI_inst/YK71_Core_Inst/tail_cnt[14]_i_1_n_0
    SLICE_X35Y97         FDRE                                         r  DB_i/YK71_Tracker_AXI_0/U0/YK71_Tracker_AXI_slave_lite_v1_0_S00_AXI_inst/YK71_Core_Inst/tail_cnt_reg[14]/R
  -------------------------------------------------------------------    -------------------

                         (clock clk_fpga_0 rise edge)
                                                      4.000     4.000 r  
    PS7_X0Y0             PS7                          0.000     4.000 r  DB_i/processing_system7_0/inst/PS7_i/FCLKCLK[0]
                         net (fo=1, routed)           1.088     5.088    DB_i/processing_system7_0/inst/FCLK_CLK_unbuffered[0]
    BUFGCTRL_X0Y16       BUFG (Prop_bufg_I_O)         0.091     5.179 r  DB_i/processing_system7_0/inst/buffer_fclk_clk_0.FCLK_CLK_0_BUFG/O
                         net (fo=819, routed)         1.481     6.660    DB_i/YK71_Tracker_AXI_0/U0/YK71_Tracker_AXI_slave_lite_v1_0_S00_AXI_inst/YK71_Core_Inst/s00_axi_aclk
    SLICE_X35Y97         FDRE                                         r  DB_i/YK71_Tracker_AXI_0/U0/YK71_Tracker_AXI_slave_lite_v1_0_S00_AXI_inst/YK71_Core_Inst/tail_cnt_reg[14]/C
                         clock pessimism              0.229     6.889    
                         clock uncertainty           -0.070     6.819    
    SLICE_X35Y97         FDRE (Setup_fdre_C_R)       -0.429     6.390    DB_i/YK71_Tracker_AXI_0/U0/YK71_Tracker_AXI_slave_lite_v1_0_S00_AXI_inst/YK71_Core_Inst/tail_cnt_reg[14]
  -------------------------------------------------------------------
                         required time                          6.390    
                         arrival time                          -7.768    
  -------------------------------------------------------------------
                         slack                                 -1.377    

Slack (VIOLATED) :        -1.364ns  (required time - arrival time)
  Source:                 DB_i/YK71_Tracker_AXI_0/U0/YK71_Tracker_AXI_slave_lite_v1_0_S00_AXI_inst/YK71_Core_Inst/cp3_limit_reg[3]/C
                            (rising edge-triggered cell FDRE clocked by clk_fpga_0  {rise@0.000ns fall@2.000ns period=4.000ns})
  Destination:            DB_i/YK71_Tracker_AXI_0/U0/YK71_Tracker_AXI_slave_lite_v1_0_S00_AXI_inst/YK71_Core_Inst/tail_cnt_reg[10]/R
                            (rising edge-triggered cell FDRE clocked by clk_fpga_0  {rise@0.000ns fall@2.000ns period=4.000ns})
  Path Group:             clk_fpga_0
  Path Type:              Setup (Max at Slow Process Corner)
  Requirement:            4.000ns  (clk_fpga_0 rise@4.000ns - clk_fpga_0 rise@0.000ns)
  Data Path Delay:        4.809ns  (logic 1.858ns (38.638%)  route 2.951ns (61.362%))
  Logic Levels:           7  (CARRY4=4 LUT2=1 LUT4=1 LUT6=1)
  Clock Path Skew:        -0.057ns (DCD - SCD + CPR)
    Destination Clock Delay (DCD):    2.659ns = ( 6.659 - 4.000 ) 
    Source Clock Delay      (SCD):    2.945ns
    Clock Pessimism Removal (CPR):    0.229ns
  Clock Uncertainty:      0.070ns  ((TSJ^2 + TIJ^2)^1/2 + DJ) / 2 + PE
    Total System Jitter     (TSJ):    0.071ns
    Total Input Jitter      (TIJ):    0.120ns
    Discrete Jitter          (DJ):    0.000ns
    Phase Error              (PE):    0.000ns

    Location             Delay type                Incr(ns)  Path(ns)    Netlist Resource(s)
  -------------------------------------------------------------------    -------------------
                         (clock clk_fpga_0 rise edge)
                                                      0.000     0.000 r  
    PS7_X0Y0             PS7                          0.000     0.000 r  DB_i/processing_system7_0/inst/PS7_i/FCLKCLK[0]
                         net (fo=1, routed)           1.193     1.193    DB_i/processing_system7_0/inst/FCLK_CLK_unbuffered[0]
    BUFGCTRL_X0Y16       BUFG (Prop_bufg_I_O)         0.101     1.294 r  DB_i/processing_system7_0/inst/buffer_fclk_clk_0.FCLK_CLK_0_BUFG/O
                         net (fo=819, routed)         1.651     2.945    DB_i/YK71_Tracker_AXI_0/U0/YK71_Tracker_AXI_slave_lite_v1_0_S00_AXI_inst/YK71_Core_Inst/s00_axi_aclk
    SLICE_X33Y92         FDRE                                         r  DB_i/YK71_Tracker_AXI_0/U0/YK71_Tracker_AXI_slave_lite_v1_0_S00_AXI_inst/YK71_Core_Inst/cp3_limit_reg[3]/C
  -------------------------------------------------------------------    -------------------
    SLICE_X33Y92         FDRE (Prop_fdre_C_Q)         0.419     3.364 r  DB_i/YK71_Tracker_AXI_0/U0/YK71_Tracker_AXI_slave_lite_v1_0_S00_AXI_inst/YK71_Core_Inst/cp3_limit_reg[3]/Q
                         net (fo=2, routed)           0.943     4.307    DB_i/YK71_Tracker_AXI_0/U0/YK71_Tracker_AXI_slave_lite_v1_0_S00_AXI_inst/YK71_Core_Inst/cp3_limit[3]
    SLICE_X33Y93         LUT4 (Prop_lut4_I0_O)        0.299     4.606 r  DB_i/YK71_Tracker_AXI_0/U0/YK71_Tracker_AXI_slave_lite_v1_0_S00_AXI_inst/YK71_Core_Inst/cp3_state1_carry_i_7/O
                         net (fo=1, routed)           0.000     4.606    DB_i/YK71_Tracker_AXI_0/U0/YK71_Tracker_AXI_slave_lite_v1_0_S00_AXI_inst/YK71_Core_Inst/cp3_state1_carry_i_7_n_0
    SLICE_X33Y93         CARRY4 (Prop_carry4_S[1]_CO[3])
                                                      0.550     5.156 r  DB_i/YK71_Tracker_AXI_0/U0/YK71_Tracker_AXI_slave_lite_v1_0_S00_AXI_inst/YK71_Core_Inst/cp3_state1_carry/CO[3]
                         net (fo=1, routed)           0.000     5.156    DB_i/YK71_Tracker_AXI_0/U0/YK71_Tracker_AXI_slave_lite_v1_0_S00_AXI_inst/YK71_Core_Inst/cp3_state1_carry_n_0
    SLICE_X33Y94         CARRY4 (Prop_carry4_CI_CO[3])
                                                      0.114     5.270 r  DB_i/YK71_Tracker_AXI_0/U0/YK71_Tracker_AXI_slave_lite_v1_0_S00_AXI_inst/YK71_Core_Inst/cp3_state1_carry__0/CO[3]
                         net (fo=1, routed)           0.000     5.270    DB_i/YK71_Tracker_AXI_0/U0/YK71_Tracker_AXI_slave_lite_v1_0_S00_AXI_inst/YK71_Core_Inst/cp3_state1_carry__0_n_0
    SLICE_X33Y95         CARRY4 (Prop_carry4_CI_CO[3])
                                                      0.114     5.384 r  DB_i/YK71_Tracker_AXI_0/U0/YK71_Tracker_AXI_slave_lite_v1_0_S00_AXI_inst/YK71_Core_Inst/cp3_state1_carry__1/CO[3]
                         net (fo=1, routed)           0.000     5.384    DB_i/YK71_Tracker_AXI_0/U0/YK71_Tracker_AXI_slave_lite_v1_0_S00_AXI_inst/YK71_Core_Inst/cp3_state1_carry__1_n_0
    SLICE_X33Y96         CARRY4 (Prop_carry4_CI_CO[3])
                                                      0.114     5.498 r  DB_i/YK71_Tracker_AXI_0/U0/YK71_Tracker_AXI_slave_lite_v1_0_S00_AXI_inst/YK71_Core_Inst/cp3_state1_carry__2/CO[3]
                         net (fo=2, routed)           0.623     6.121    DB_i/YK71_Tracker_AXI_0/U0/YK71_Tracker_AXI_slave_lite_v1_0_S00_AXI_inst/YK71_Core_Inst/cp3_state1
    SLICE_X33Y97         LUT2 (Prop_lut2_I0_O)        0.124     6.245 r  DB_i/YK71_Tracker_AXI_0/U0/YK71_Tracker_AXI_slave_lite_v1_0_S00_AXI_inst/YK71_Core_Inst/tail_cnt[14]_i_5/O
                         net (fo=5, routed)           0.872     7.116    DB_i/YK71_Tracker_AXI_0/U0/YK71_Tracker_AXI_slave_lite_v1_0_S00_AXI_inst/YK71_Core_Inst/tail_cnt[14]_i_5_n_0
    SLICE_X35Y98         LUT6 (Prop_lut6_I2_O)        0.124     7.240 r  DB_i/YK71_Tracker_AXI_0/U0/YK71_Tracker_AXI_slave_lite_v1_0_S00_AXI_inst/YK71_Core_Inst/tail_cnt[14]_i_1_comp/O
                         net (fo=15, routed)          0.513     7.754    DB_i/YK71_Tracker_AXI_0/U0/YK71_Tracker_AXI_slave_lite_v1_0_S00_AXI_inst/YK71_Core_Inst/tail_cnt[14]_i_1_n_0
    SLICE_X35Y96         FDRE                                         r  DB_i/YK71_Tracker_AXI_0/U0/YK71_Tracker_AXI_slave_lite_v1_0_S00_AXI_inst/YK71_Core_Inst/tail_cnt_reg[10]/R
  -------------------------------------------------------------------    -------------------

                         (clock clk_fpga_0 rise edge)
                                                      4.000     4.000 r  
    PS7_X0Y0             PS7                          0.000     4.000 r  DB_i/processing_system7_0/inst/PS7_i/FCLKCLK[0]
                         net (fo=1, routed)           1.088     5.088    DB_i/processing_system7_0/inst/FCLK_CLK_unbuffered[0]
    BUFGCTRL_X0Y16       BUFG (Prop_bufg_I_O)         0.091     5.179 r  DB_i/processing_system7_0/inst/buffer_fclk_clk_0.FCLK_CLK_0_BUFG/O
                         net (fo=819, routed)         1.480     6.659    DB_i/YK71_Tracker_AXI_0/U0/YK71_Tracker_AXI_slave_lite_v1_0_S00_AXI_inst/YK71_Core_Inst/s00_axi_aclk
    SLICE_X35Y96         FDRE                                         r  DB_i/YK71_Tracker_AXI_0/U0/YK71_Tracker_AXI_slave_lite_v1_0_S00_AXI_inst/YK71_Core_Inst/tail_cnt_reg[10]/C
                         clock pessimism              0.229     6.888    
                         clock uncertainty           -0.070     6.818    
    SLICE_X35Y96         FDRE (Setup_fdre_C_R)       -0.429     6.389    DB_i/YK71_Tracker_AXI_0/U0/YK71_Tracker_AXI_slave_lite_v1_0_S00_AXI_inst/YK71_Core_Inst/tail_cnt_reg[10]
  -------------------------------------------------------------------
                         required time                          6.389    
                         arrival time                          -7.754    
  -------------------------------------------------------------------
                         slack                                 -1.364    

Slack (VIOLATED) :        -1.364ns  (required time - arrival time)
  Source:                 DB_i/YK71_Tracker_AXI_0/U0/YK71_Tracker_AXI_slave_lite_v1_0_S00_AXI_inst/YK71_Core_Inst/cp3_limit_reg[3]/C
                            (rising edge-triggered cell FDRE clocked by clk_fpga_0  {rise@0.000ns fall@2.000ns period=4.000ns})
  Destination:            DB_i/YK71_Tracker_AXI_0/U0/YK71_Tracker_AXI_slave_lite_v1_0_S00_AXI_inst/YK71_Core_Inst/tail_cnt_reg[11]/R
                            (rising edge-triggered cell FDRE clocked by clk_fpga_0  {rise@0.000ns fall@2.000ns period=4.000ns})
  Path Group:             clk_fpga_0
  Path Type:              Setup (Max at Slow Process Corner)
  Requirement:            4.000ns  (clk_fpga_0 rise@4.000ns - clk_fpga_0 rise@0.000ns)
  Data Path Delay:        4.809ns  (logic 1.858ns (38.638%)  route 2.951ns (61.362%))
  Logic Levels:           7  (CARRY4=4 LUT2=1 LUT4=1 LUT6=1)
  Clock Path Skew:        -0.057ns (DCD - SCD + CPR)
    Destination Clock Delay (DCD):    2.659ns = ( 6.659 - 4.000 ) 
    Source Clock Delay      (SCD):    2.945ns
    Clock Pessimism Removal (CPR):    0.229ns
  Clock Uncertainty:      0.070ns  ((TSJ^2 + TIJ^2)^1/2 + DJ) / 2 + PE
    Total System Jitter     (TSJ):    0.071ns
    Total Input Jitter      (TIJ):    0.120ns
    Discrete Jitter          (DJ):    0.000ns
    Phase Error              (PE):    0.000ns

    Location             Delay type                Incr(ns)  Path(ns)    Netlist Resource(s)
  -------------------------------------------------------------------    -------------------
                         (clock clk_fpga_0 rise edge)
                                                      0.000     0.000 r  
    PS7_X0Y0             PS7                          0.000     0.000 r  DB_i/processing_system7_0/inst/PS7_i/FCLKCLK[0]
                         net (fo=1, routed)           1.193     1.193    DB_i/processing_system7_0/inst/FCLK_CLK_unbuffered[0]
    BUFGCTRL_X0Y16       BUFG (Prop_bufg_I_O)         0.101     1.294 r  DB_i/processing_system7_0/inst/buffer_fclk_clk_0.FCLK_CLK_0_BUFG/O
                         net (fo=819, routed)         1.651     2.945    DB_i/YK71_Tracker_AXI_0/U0/YK71_Tracker_AXI_slave_lite_v1_0_S00_AXI_inst/YK71_Core_Inst/s00_axi_aclk
    SLICE_X33Y92         FDRE                                         r  DB_i/YK71_Tracker_AXI_0/U0/YK71_Tracker_AXI_slave_lite_v1_0_S00_AXI_inst/YK71_Core_Inst/cp3_limit_reg[3]/C
  -------------------------------------------------------------------    -------------------
    SLICE_X33Y92         FDRE (Prop_fdre_C_Q)         0.419     3.364 r  DB_i/YK71_Tracker_AXI_0/U0/YK71_Tracker_AXI_slave_lite_v1_0_S00_AXI_inst/YK71_Core_Inst/cp3_limit_reg[3]/Q
                         net (fo=2, routed)           0.943     4.307    DB_i/YK71_Tracker_AXI_0/U0/YK71_Tracker_AXI_slave_lite_v1_0_S00_AXI_inst/YK71_Core_Inst/cp3_limit[3]
    SLICE_X33Y93         LUT4 (Prop_lut4_I0_O)        0.299     4.606 r  DB_i/YK71_Tracker_AXI_0/U0/YK71_Tracker_AXI_slave_lite_v1_0_S00_AXI_inst/YK71_Core_Inst/cp3_state1_carry_i_7/O
                         net (fo=1, routed)           0.000     4.606    DB_i/YK71_Tracker_AXI_0/U0/YK71_Tracker_AXI_slave_lite_v1_0_S00_AXI_inst/YK71_Core_Inst/cp3_state1_carry_i_7_n_0
    SLICE_X33Y93         CARRY4 (Prop_carry4_S[1]_CO[3])
                                                      0.550     5.156 r  DB_i/YK71_Tracker_AXI_0/U0/YK71_Tracker_AXI_slave_lite_v1_0_S00_AXI_inst/YK71_Core_Inst/cp3_state1_carry/CO[3]
                         net (fo=1, routed)           0.000     5.156    DB_i/YK71_Tracker_AXI_0/U0/YK71_Tracker_AXI_slave_lite_v1_0_S00_AXI_inst/YK71_Core_Inst/cp3_state1_carry_n_0
    SLICE_X33Y94         CARRY4 (Prop_carry4_CI_CO[3])
                                                      0.114     5.270 r  DB_i/YK71_Tracker_AXI_0/U0/YK71_Tracker_AXI_slave_lite_v1_0_S00_AXI_inst/YK71_Core_Inst/cp3_state1_carry__0/CO[3]
                         net (fo=1, routed)           0.000     5.270    DB_i/YK71_Tracker_AXI_0/U0/YK71_Tracker_AXI_slave_lite_v1_0_S00_AXI_inst/YK71_Core_Inst/cp3_state1_carry__0_n_0
    SLICE_X33Y95         CARRY4 (Prop_carry4_CI_CO[3])
                                                      0.114     5.384 r  DB_i/YK71_Tracker_AXI_0/U0/YK71_Tracker_AXI_slave_lite_v1_0_S00_AXI_inst/YK71_Core_Inst/cp3_state1_carry__1/CO[3]
                         net (fo=1, routed)           0.000     5.384    DB_i/YK71_Tracker_AXI_0/U0/YK71_Tracker_AXI_slave_lite_v1_0_S00_AXI_inst/YK71_Core_Inst/cp3_state1_carry__1_n_0
    SLICE_X33Y96         CARRY4 (Prop_carry4_CI_CO[3])
                                                      0.114     5.498 r  DB_i/YK71_Tracker_AXI_0/U0/YK71_Tracker_AXI_slave_lite_v1_0_S00_AXI_inst/YK71_Core_Inst/cp3_state1_carry__2/CO[3]
                         net (fo=2, routed)           0.623     6.121    DB_i/YK71_Tracker_AXI_0/U0/YK71_Tracker_AXI_slave_lite_v1_0_S00_AXI_inst/YK71_Core_Inst/cp3_state1
    SLICE_X33Y97         LUT2 (Prop_lut2_I0_O)        0.124     6.245 r  DB_i/YK71_Tracker_AXI_0/U0/YK71_Tracker_AXI_slave_lite_v1_0_S00_AXI_inst/YK71_Core_Inst/tail_cnt[14]_i_5/O
                         net (fo=5, routed)           0.872     7.116    DB_i/YK71_Tracker_AXI_0/U0/YK71_Tracker_AXI_slave_lite_v1_0_S00_AXI_inst/YK71_Core_Inst/tail_cnt[14]_i_5_n_0
    SLICE_X35Y98         LUT6 (Prop_lut6_I2_O)        0.124     7.240 r  DB_i/YK71_Tracker_AXI_0/U0/YK71_Tracker_AXI_slave_lite_v1_0_S00_AXI_inst/YK71_Core_Inst/tail_cnt[14]_i_1_comp/O
                         net (fo=15, routed)          0.513     7.754    DB_i/YK71_Tracker_AXI_0/U0/YK71_Tracker_AXI_slave_lite_v1_0_S00_AXI_inst/YK71_Core_Inst/tail_cnt[14]_i_1_n_0
    SLICE_X35Y96         FDRE                                         r  DB_i/YK71_Tracker_AXI_0/U0/YK71_Tracker_AXI_slave_lite_v1_0_S00_AXI_inst/YK71_Core_Inst/tail_cnt_reg[11]/R
  -------------------------------------------------------------------    -------------------

                         (clock clk_fpga_0 rise edge)
                                                      4.000     4.000 r  
    PS7_X0Y0             PS7                          0.000     4.000 r  DB_i/processing_system7_0/inst/PS7_i/FCLKCLK[0]
                         net (fo=1, routed)           1.088     5.088    DB_i/processing_system7_0/inst/FCLK_CLK_unbuffered[0]
    BUFGCTRL_X0Y16       BUFG (Prop_bufg_I_O)         0.091     5.179 r  DB_i/processing_system7_0/inst/buffer_fclk_clk_0.FCLK_CLK_0_BUFG/O
                         net (fo=819, routed)         1.480     6.659    DB_i/YK71_Tracker_AXI_0/U0/YK71_Tracker_AXI_slave_lite_v1_0_S00_AXI_inst/YK71_Core_Inst/s00_axi_aclk
    SLICE_X35Y96         FDRE                                         r  DB_i/YK71_Tracker_AXI_0/U0/YK71_Tracker_AXI_slave_lite_v1_0_S00_AXI_inst/YK71_Core_Inst/tail_cnt_reg[11]/C
                         clock pessimism              0.229     6.888    
                         clock uncertainty           -0.070     6.818    
    SLICE_X35Y96         FDRE (Setup_fdre_C_R)       -0.429     6.389    DB_i/YK71_Tracker_AXI_0/U0/YK71_Tracker_AXI_slave_lite_v1_0_S00_AXI_inst/YK71_Core_Inst/tail_cnt_reg[11]
  -------------------------------------------------------------------
                         required time                          6.389    
                         arrival time                          -7.754    
  -------------------------------------------------------------------
                         slack                                 -1.364    





Min Delay Paths
--------------------------------------------------------------------------------------
Slack (MET) :             0.082ns  (arrival time - required time)
  Source:                 <hidden>
                            (rising edge-triggered cell FDRE clocked by clk_fpga_0  {rise@0.000ns fall@2.000ns period=4.000ns})
  Destination:            DB_i/YK71_Tracker_AXI_0/U0/YK71_Tracker_AXI_slave_lite_v1_0_S00_AXI_inst/slv_reg0_reg[20]/D
                            (rising edge-triggered cell FDRE clocked by clk_fpga_0  {rise@0.000ns fall@2.000ns period=4.000ns})
  Path Group:             clk_fpga_0
  Path Type:              Hold (Min at Fast Process Corner)
  Requirement:            0.000ns  (clk_fpga_0 rise@0.000ns - clk_fpga_0 rise@0.000ns)
  Data Path Delay:        0.487ns  (logic 0.164ns (33.708%)  route 0.323ns (66.292%))
  Logic Levels:           0  
  Clock Path Skew:        0.329ns (DCD - SCD - CPR)
    Destination Clock Delay (DCD):    1.277ns
    Source Clock Delay      (SCD):    0.913ns
    Clock Pessimism Removal (CPR):    0.035ns

    Location             Delay type                Incr(ns)  Path(ns)    Netlist Resource(s)
  -------------------------------------------------------------------    -------------------
                         (clock clk_fpga_0 rise edge)
                                                      0.000     0.000 r  
    PS7_X0Y0             PS7                          0.000     0.000 r  DB_i/processing_system7_0/inst/PS7_i/FCLKCLK[0]
                         net (fo=1, routed)           0.310     0.310    DB_i/processing_system7_0/inst/FCLK_CLK_unbuffered[0]
    BUFGCTRL_X0Y16       BUFG (Prop_bufg_I_O)         0.026     0.336 r  DB_i/processing_system7_0/inst/buffer_fclk_clk_0.FCLK_CLK_0_BUFG/O
                         net (fo=819, routed)         0.577     0.913    <hidden>
    SLICE_X30Y98         FDRE                                         r  <hidden>
  -------------------------------------------------------------------    -------------------
    SLICE_X30Y98         FDRE (Prop_fdre_C_Q)         0.164     1.077 r  <hidden>
                         net (fo=1, routed)           0.323     1.399    DB_i/YK71_Tracker_AXI_0/U0/YK71_Tracker_AXI_slave_lite_v1_0_S00_AXI_inst/s00_axi_wdata[20]
    SLICE_X39Y100        FDRE                                         r  DB_i/YK71_Tracker_AXI_0/U0/YK71_Tracker_AXI_slave_lite_v1_0_S00_AXI_inst/slv_reg0_reg[20]/D
  -------------------------------------------------------------------    -------------------

                         (clock clk_fpga_0 rise edge)
                                                      0.000     0.000 r  
    PS7_X0Y0             PS7                          0.000     0.000 r  DB_i/processing_system7_0/inst/PS7_i/FCLKCLK[0]
                         net (fo=1, routed)           0.337     0.337    DB_i/processing_system7_0/inst/FCLK_CLK_unbuffered[0]
    BUFGCTRL_X0Y16       BUFG (Prop_bufg_I_O)         0.029     0.366 r  DB_i/processing_system7_0/inst/buffer_fclk_clk_0.FCLK_CLK_0_BUFG/O
                         net (fo=819, routed)         0.911     1.277    DB_i/YK71_Tracker_AXI_0/U0/YK71_Tracker_AXI_slave_lite_v1_0_S00_AXI_inst/s00_axi_aclk
    SLICE_X39Y100        FDRE                                         r  DB_i/YK71_Tracker_AXI_0/U0/YK71_Tracker_AXI_slave_lite_v1_0_S00_AXI_inst/slv_reg0_reg[20]/C
                         clock pessimism             -0.035     1.242    
    SLICE_X39Y100        FDRE (Hold_fdre_C_D)         0.075     1.317    DB_i/YK71_Tracker_AXI_0/U0/YK71_Tracker_AXI_slave_lite_v1_0_S00_AXI_inst/slv_reg0_reg[20]
  -------------------------------------------------------------------
                         required time                         -1.317    
                         arrival time                           1.399    
  -------------------------------------------------------------------
                         slack                                  0.082    

Slack (MET) :             0.084ns  (arrival time - required time)
  Source:                 <hidden>
                            (rising edge-triggered cell FDRE clocked by clk_fpga_0  {rise@0.000ns fall@2.000ns period=4.000ns})
  Destination:            DB_i/YK71_Tracker_AXI_0/U0/YK71_Tracker_AXI_slave_lite_v1_0_S00_AXI_inst/slv_reg0_reg[21]/D
                            (rising edge-triggered cell FDRE clocked by clk_fpga_0  {rise@0.000ns fall@2.000ns period=4.000ns})
  Path Group:             clk_fpga_0
  Path Type:              Hold (Min at Fast Process Corner)
  Requirement:            0.000ns  (clk_fpga_0 rise@0.000ns - clk_fpga_0 rise@0.000ns)
  Data Path Delay:        0.484ns  (logic 0.164ns (33.861%)  route 0.320ns (66.139%))
  Logic Levels:           0  
  Clock Path Skew:        0.329ns (DCD - SCD - CPR)
    Destination Clock Delay (DCD):    1.277ns
    Source Clock Delay      (SCD):    0.913ns
    Clock Pessimism Removal (CPR):    0.035ns

    Location             Delay type                Incr(ns)  Path(ns)    Netlist Resource(s)
  -------------------------------------------------------------------    -------------------
                         (clock clk_fpga_0 rise edge)
                                                      0.000     0.000 r  
    PS7_X0Y0             PS7                          0.000     0.000 r  DB_i/processing_system7_0/inst/PS7_i/FCLKCLK[0]
                         net (fo=1, routed)           0.310     0.310    DB_i/processing_system7_0/inst/FCLK_CLK_unbuffered[0]
    BUFGCTRL_X0Y16       BUFG (Prop_bufg_I_O)         0.026     0.336 r  DB_i/processing_system7_0/inst/buffer_fclk_clk_0.FCLK_CLK_0_BUFG/O
                         net (fo=819, routed)         0.577     0.913    <hidden>
    SLICE_X30Y99         FDRE                                         r  <hidden>
  -------------------------------------------------------------------    -------------------
    SLICE_X30Y99         FDRE (Prop_fdre_C_Q)         0.164     1.077 r  <hidden>
                         net (fo=1, routed)           0.320     1.397    DB_i/YK71_Tracker_AXI_0/U0/YK71_Tracker_AXI_slave_lite_v1_0_S00_AXI_inst/s00_axi_wdata[21]
    SLICE_X39Y100        FDRE                                         r  DB_i/YK71_Tracker_AXI_0/U0/YK71_Tracker_AXI_slave_lite_v1_0_S00_AXI_inst/slv_reg0_reg[21]/D
  -------------------------------------------------------------------    -------------------

                         (clock clk_fpga_0 rise edge)
                                                      0.000     0.000 r  
    PS7_X0Y0             PS7                          0.000     0.000 r  DB_i/processing_system7_0/inst/PS7_i/FCLKCLK[0]
                         net (fo=1, routed)           0.337     0.337    DB_i/processing_system7_0/inst/FCLK_CLK_unbuffered[0]
    BUFGCTRL_X0Y16       BUFG (Prop_bufg_I_O)         0.029     0.366 r  DB_i/processing_system7_0/inst/buffer_fclk_clk_0.FCLK_CLK_0_BUFG/O
                         net (fo=819, routed)         0.911     1.277    DB_i/YK71_Tracker_AXI_0/U0/YK71_Tracker_AXI_slave_lite_v1_0_S00_AXI_inst/s00_axi_aclk
    SLICE_X39Y100        FDRE                                         r  DB_i/YK71_Tracker_AXI_0/U0/YK71_Tracker_AXI_slave_lite_v1_0_S00_AXI_inst/slv_reg0_reg[21]/C
                         clock pessimism             -0.035     1.242    
    SLICE_X39Y100        FDRE (Hold_fdre_C_D)         0.071     1.313    DB_i/YK71_Tracker_AXI_0/U0/YK71_Tracker_AXI_slave_lite_v1_0_S00_AXI_inst/slv_reg0_reg[21]
  -------------------------------------------------------------------
                         required time                         -1.313    
                         arrival time                           1.397    
  -------------------------------------------------------------------
                         slack                                  0.084    

Slack (MET) :             0.122ns  (arrival time - required time)
  Source:                 DB_i/axi_smc/inst/clk_map/psr_aclk/U0/EXT_LPF/ACTIVE_LOW_AUX.ACT_LO_AUX/GENERATE_LEVEL_P_S_CDC.SINGLE_BIT.CROSS_PLEVEL_IN2SCNDRY_IN_cdc_to/C
                            (rising edge-triggered cell FDRE clocked by clk_fpga_0  {rise@0.000ns fall@2.000ns period=4.000ns})
  Destination:            DB_i/axi_smc/inst/clk_map/psr_aclk/U0/EXT_LPF/ACTIVE_LOW_AUX.ACT_LO_AUX/GENERATE_LEVEL_P_S_CDC.SINGLE_BIT.CROSS_PLEVEL_IN2SCNDRY_s_level_out_d2/D
                            (rising edge-triggered cell FDRE clocked by clk_fpga_0  {rise@0.000ns fall@2.000ns period=4.000ns})
  Path Group:             clk_fpga_0
  Path Type:              Hold (Min at Fast Process Corner)
  Requirement:            0.000ns  (clk_fpga_0 rise@0.000ns - clk_fpga_0 rise@0.000ns)
  Data Path Delay:        0.197ns  (logic 0.141ns (71.611%)  route 0.056ns (28.389%))
  Logic Levels:           0  
  Clock Path Skew:        0.000ns (DCD - SCD - CPR)
    Destination Clock Delay (DCD):    1.188ns
    Source Clock Delay      (SCD):    0.890ns
    Clock Pessimism Removal (CPR):    0.298ns

    Location             Delay type                Incr(ns)  Path(ns)    Netlist Resource(s)
  -------------------------------------------------------------------    -------------------
                         (clock clk_fpga_0 rise edge)
                                                      0.000     0.000 r  
    PS7_X0Y0             PS7                          0.000     0.000 r  DB_i/processing_system7_0/inst/PS7_i/FCLKCLK[0]
                         net (fo=1, routed)           0.310     0.310    DB_i/processing_system7_0/inst/FCLK_CLK_unbuffered[0]
    BUFGCTRL_X0Y16       BUFG (Prop_bufg_I_O)         0.026     0.336 r  DB_i/processing_system7_0/inst/buffer_fclk_clk_0.FCLK_CLK_0_BUFG/O
                         net (fo=819, routed)         0.554     0.890    DB_i/axi_smc/inst/clk_map/psr_aclk/U0/EXT_LPF/ACTIVE_LOW_AUX.ACT_LO_AUX/aclk
    SLICE_X37Y88         FDRE                                         r  DB_i/axi_smc/inst/clk_map/psr_aclk/U0/EXT_LPF/ACTIVE_LOW_AUX.ACT_LO_AUX/GENERATE_LEVEL_P_S_CDC.SINGLE_BIT.CROSS_PLEVEL_IN2SCNDRY_IN_cdc_to/C
  -------------------------------------------------------------------    -------------------
    SLICE_X37Y88         FDRE (Prop_fdre_C_Q)         0.141     1.031 r  DB_i/axi_smc/inst/clk_map/psr_aclk/U0/EXT_LPF/ACTIVE_LOW_AUX.ACT_LO_AUX/GENERATE_LEVEL_P_S_CDC.SINGLE_BIT.CROSS_PLEVEL_IN2SCNDRY_IN_cdc_to/Q
                         net (fo=1, routed)           0.056     1.086    DB_i/axi_smc/inst/clk_map/psr_aclk/U0/EXT_LPF/ACTIVE_LOW_AUX.ACT_LO_AUX/Q
    SLICE_X37Y88         FDRE                                         r  DB_i/axi_smc/inst/clk_map/psr_aclk/U0/EXT_LPF/ACTIVE_LOW_AUX.ACT_LO_AUX/GENERATE_LEVEL_P_S_CDC.SINGLE_BIT.CROSS_PLEVEL_IN2SCNDRY_s_level_out_d2/D
  -------------------------------------------------------------------    -------------------

                         (clock clk_fpga_0 rise edge)
                                                      0.000     0.000 r  
    PS7_X0Y0             PS7                          0.000     0.000 r  DB_i/processing_system7_0/inst/PS7_i/FCLKCLK[0]
                         net (fo=1, routed)           0.337     0.337    DB_i/processing_system7_0/inst/FCLK_CLK_unbuffered[0]
    BUFGCTRL_X0Y16       BUFG (Prop_bufg_I_O)         0.029     0.366 r  DB_i/processing_system7_0/inst/buffer_fclk_clk_0.FCLK_CLK_0_BUFG/O
                         net (fo=819, routed)         0.822     1.188    DB_i/axi_smc/inst/clk_map/psr_aclk/U0/EXT_LPF/ACTIVE_LOW_AUX.ACT_LO_AUX/aclk
    SLICE_X37Y88         FDRE                                         r  DB_i/axi_smc/inst/clk_map/psr_aclk/U0/EXT_LPF/ACTIVE_LOW_AUX.ACT_LO_AUX/GENERATE_LEVEL_P_S_CDC.SINGLE_BIT.CROSS_PLEVEL_IN2SCNDRY_s_level_out_d2/C
                         clock pessimism             -0.298     0.890    
    SLICE_X37Y88         FDRE (Hold_fdre_C_D)         0.075     0.965    DB_i/axi_smc/inst/clk_map/psr_aclk/U0/EXT_LPF/ACTIVE_LOW_AUX.ACT_LO_AUX/GENERATE_LEVEL_P_S_CDC.SINGLE_BIT.CROSS_PLEVEL_IN2SCNDRY_s_level_out_d2
  -------------------------------------------------------------------
                         required time                         -0.965    
                         arrival time                           1.086    
  -------------------------------------------------------------------
                         slack                                  0.122    

Slack (MET) :             0.122ns  (arrival time - required time)
  Source:                 <hidden>
                            (rising edge-triggered cell FDCE clocked by clk_fpga_0  {rise@0.000ns fall@2.000ns period=4.000ns})
  Destination:            <hidden>
                            (rising edge-triggered cell FDCE clocked by clk_fpga_0  {rise@0.000ns fall@2.000ns period=4.000ns})
  Path Group:             clk_fpga_0
  Path Type:              Hold (Min at Fast Process Corner)
  Requirement:            0.000ns  (clk_fpga_0 rise@0.000ns - clk_fpga_0 rise@0.000ns)
  Data Path Delay:        0.197ns  (logic 0.141ns (71.611%)  route 0.056ns (28.389%))
  Logic Levels:           0  
  Clock Path Skew:        0.000ns (DCD - SCD - CPR)
    Destination Clock Delay (DCD):    1.277ns
    Source Clock Delay      (SCD):    0.975ns
    Clock Pessimism Removal (CPR):    0.302ns

    Location             Delay type                Incr(ns)  Path(ns)    Netlist Resource(s)
  -------------------------------------------------------------------    -------------------
                         (clock clk_fpga_0 rise edge)
                                                      0.000     0.000 r  
    PS7_X0Y0             PS7                          0.000     0.000 r  DB_i/processing_system7_0/inst/PS7_i/FCLKCLK[0]
                         net (fo=1, routed)           0.310     0.310    DB_i/processing_system7_0/inst/FCLK_CLK_unbuffered[0]
    BUFGCTRL_X0Y16       BUFG (Prop_bufg_I_O)         0.026     0.336 r  DB_i/processing_system7_0/inst/buffer_fclk_clk_0.FCLK_CLK_0_BUFG/O
                         net (fo=819, routed)         0.639     0.975    <hidden>
    SLICE_X41Y102        FDCE                                         r  <hidden>
  -------------------------------------------------------------------    -------------------
    SLICE_X41Y102        FDCE (Prop_fdce_C_Q)         0.141     1.116 r  <hidden>
                         net (fo=1, routed)           0.056     1.172    <hidden>
    SLICE_X41Y102        FDCE                                         r  <hidden>
  -------------------------------------------------------------------    -------------------

                         (clock clk_fpga_0 rise edge)
                                                      0.000     0.000 r  
    PS7_X0Y0             PS7                          0.000     0.000 r  DB_i/processing_system7_0/inst/PS7_i/FCLKCLK[0]
                         net (fo=1, routed)           0.337     0.337    DB_i/processing_system7_0/inst/FCLK_CLK_unbuffered[0]
    BUFGCTRL_X0Y16       BUFG (Prop_bufg_I_O)         0.029     0.366 r  DB_i/processing_system7_0/inst/buffer_fclk_clk_0.FCLK_CLK_0_BUFG/O
                         net (fo=819, routed)         0.911     1.277    <hidden>
    SLICE_X41Y102        FDCE                                         r  <hidden>
                         clock pessimism             -0.302     0.975    
    SLICE_X41Y102        FDCE (Hold_fdce_C_D)         0.075     1.050    <hidden>
  -------------------------------------------------------------------
                         required time                         -1.050    
                         arrival time                           1.172    
  -------------------------------------------------------------------
                         slack                                  0.122    

Slack (MET) :             0.122ns  (arrival time - required time)
  Source:                 <hidden>
                            (rising edge-triggered cell FDCE clocked by clk_fpga_0  {rise@0.000ns fall@2.000ns period=4.000ns})
  Destination:            <hidden>
                            (rising edge-triggered cell FDCE clocked by clk_fpga_0  {rise@0.000ns fall@2.000ns period=4.000ns})
  Path Group:             clk_fpga_0
  Path Type:              Hold (Min at Fast Process Corner)
  Requirement:            0.000ns  (clk_fpga_0 rise@0.000ns - clk_fpga_0 rise@0.000ns)
  Data Path Delay:        0.197ns  (logic 0.141ns (71.611%)  route 0.056ns (28.389%))
  Logic Levels:           0  
  Clock Path Skew:        0.000ns (DCD - SCD - CPR)
    Destination Clock Delay (DCD):    1.276ns
    Source Clock Delay      (SCD):    0.974ns
    Clock Pessimism Removal (CPR):    0.302ns

    Location             Delay type                Incr(ns)  Path(ns)    Netlist Resource(s)
  -------------------------------------------------------------------    -------------------
                         (clock clk_fpga_0 rise edge)
                                                      0.000     0.000 r  
    PS7_X0Y0             PS7                          0.000     0.000 r  DB_i/processing_system7_0/inst/PS7_i/FCLKCLK[0]
                         net (fo=1, routed)           0.310     0.310    DB_i/processing_system7_0/inst/FCLK_CLK_unbuffered[0]
    BUFGCTRL_X0Y16       BUFG (Prop_bufg_I_O)         0.026     0.336 r  DB_i/processing_system7_0/inst/buffer_fclk_clk_0.FCLK_CLK_0_BUFG/O
                         net (fo=819, routed)         0.638     0.974    <hidden>
    SLICE_X37Y105        FDCE                                         r  <hidden>
  -------------------------------------------------------------------    -------------------
    SLICE_X37Y105        FDCE (Prop_fdce_C_Q)         0.141     1.115 r  <hidden>
                         net (fo=1, routed)           0.056     1.171    <hidden>
    SLICE_X37Y105        FDCE                                         r  <hidden>
  -------------------------------------------------------------------    -------------------

                         (clock clk_fpga_0 rise edge)
                                                      0.000     0.000 r  
    PS7_X0Y0             PS7                          0.000     0.000 r  DB_i/processing_system7_0/inst/PS7_i/FCLKCLK[0]
                         net (fo=1, routed)           0.337     0.337    DB_i/processing_system7_0/inst/FCLK_CLK_unbuffered[0]
    BUFGCTRL_X0Y16       BUFG (Prop_bufg_I_O)         0.029     0.366 r  DB_i/processing_system7_0/inst/buffer_fclk_clk_0.FCLK_CLK_0_BUFG/O
                         net (fo=819, routed)         0.910     1.276    <hidden>
    SLICE_X37Y105        FDCE                                         r  <hidden>
                         clock pessimism             -0.302     0.974    
    SLICE_X37Y105        FDCE (Hold_fdce_C_D)         0.075     1.049    <hidden>
  -------------------------------------------------------------------
                         required time                         -1.049    
                         arrival time                           1.171    
  -------------------------------------------------------------------
                         slack                                  0.122    

Slack (MET) :             0.122ns  (arrival time - required time)
  Source:                 <hidden>
                            (rising edge-triggered cell FDCE clocked by clk_fpga_0  {rise@0.000ns fall@2.000ns period=4.000ns})
  Destination:            <hidden>
                            (rising edge-triggered cell FDCE clocked by clk_fpga_0  {rise@0.000ns fall@2.000ns period=4.000ns})
  Path Group:             clk_fpga_0
  Path Type:              Hold (Min at Fast Process Corner)
  Requirement:            0.000ns  (clk_fpga_0 rise@0.000ns - clk_fpga_0 rise@0.000ns)
  Data Path Delay:        0.197ns  (logic 0.141ns (71.611%)  route 0.056ns (28.389%))
  Logic Levels:           0  
  Clock Path Skew:        0.000ns (DCD - SCD - CPR)
    Destination Clock Delay (DCD):    1.278ns
    Source Clock Delay      (SCD):    0.977ns
    Clock Pessimism Removal (CPR):    0.301ns

    Location             Delay type                Incr(ns)  Path(ns)    Netlist Resource(s)
  -------------------------------------------------------------------    -------------------
                         (clock clk_fpga_0 rise edge)
                                                      0.000     0.000 r  
    PS7_X0Y0             PS7                          0.000     0.000 r  DB_i/processing_system7_0/inst/PS7_i/FCLKCLK[0]
                         net (fo=1, routed)           0.310     0.310    DB_i/processing_system7_0/inst/FCLK_CLK_unbuffered[0]
    BUFGCTRL_X0Y16       BUFG (Prop_bufg_I_O)         0.026     0.336 r  DB_i/processing_system7_0/inst/buffer_fclk_clk_0.FCLK_CLK_0_BUFG/O
                         net (fo=819, routed)         0.641     0.977    <hidden>
    SLICE_X33Y102        FDCE                                         r  <hidden>
  -------------------------------------------------------------------    -------------------
    SLICE_X33Y102        FDCE (Prop_fdce_C_Q)         0.141     1.118 r  <hidden>
                         net (fo=1, routed)           0.056     1.174    <hidden>
    SLICE_X33Y102        FDCE                                         r  <hidden>
  -------------------------------------------------------------------    -------------------

                         (clock clk_fpga_0 rise edge)
                                                      0.000     0.000 r  
    PS7_X0Y0             PS7                          0.000     0.000 r  DB_i/processing_system7_0/inst/PS7_i/FCLKCLK[0]
                         net (fo=1, routed)           0.337     0.337    DB_i/processing_system7_0/inst/FCLK_CLK_unbuffered[0]
    BUFGCTRL_X0Y16       BUFG (Prop_bufg_I_O)         0.029     0.366 r  DB_i/processing_system7_0/inst/buffer_fclk_clk_0.FCLK_CLK_0_BUFG/O
                         net (fo=819, routed)         0.912     1.278    <hidden>
    SLICE_X33Y102        FDCE                                         r  <hidden>
                         clock pessimism             -0.301     0.977    
    SLICE_X33Y102        FDCE (Hold_fdce_C_D)         0.075     1.052    <hidden>
  -------------------------------------------------------------------
                         required time                         -1.052    
                         arrival time                           1.174    
  -------------------------------------------------------------------
                         slack                                  0.122    

Slack (MET) :             0.122ns  (arrival time - required time)
  Source:                 <hidden>
                            (rising edge-triggered cell FDCE clocked by clk_fpga_0  {rise@0.000ns fall@2.000ns period=4.000ns})
  Destination:            <hidden>
                            (rising edge-triggered cell FDCE clocked by clk_fpga_0  {rise@0.000ns fall@2.000ns period=4.000ns})
  Path Group:             clk_fpga_0
  Path Type:              Hold (Min at Fast Process Corner)
  Requirement:            0.000ns  (clk_fpga_0 rise@0.000ns - clk_fpga_0 rise@0.000ns)
  Data Path Delay:        0.197ns  (logic 0.141ns (71.611%)  route 0.056ns (28.389%))
  Logic Levels:           0  
  Clock Path Skew:        0.000ns (DCD - SCD - CPR)
    Destination Clock Delay (DCD):    1.276ns
    Source Clock Delay      (SCD):    0.974ns
    Clock Pessimism Removal (CPR):    0.302ns

    Location             Delay type                Incr(ns)  Path(ns)    Netlist Resource(s)
  -------------------------------------------------------------------    -------------------
                         (clock clk_fpga_0 rise edge)
                                                      0.000     0.000 r  
    PS7_X0Y0             PS7                          0.000     0.000 r  DB_i/processing_system7_0/inst/PS7_i/FCLKCLK[0]
                         net (fo=1, routed)           0.310     0.310    DB_i/processing_system7_0/inst/FCLK_CLK_unbuffered[0]
    BUFGCTRL_X0Y16       BUFG (Prop_bufg_I_O)         0.026     0.336 r  DB_i/processing_system7_0/inst/buffer_fclk_clk_0.FCLK_CLK_0_BUFG/O
                         net (fo=819, routed)         0.638     0.974    <hidden>
    SLICE_X39Y103        FDCE                                         r  <hidden>
  -------------------------------------------------------------------    -------------------
    SLICE_X39Y103        FDCE (Prop_fdce_C_Q)         0.141     1.115 r  <hidden>
                         net (fo=1, routed)           0.056     1.171    <hidden>
    SLICE_X39Y103        FDCE                                         r  <hidden>
  -------------------------------------------------------------------    -------------------

                         (clock clk_fpga_0 rise edge)
                                                      0.000     0.000 r  
    PS7_X0Y0             PS7                          0.000     0.000 r  DB_i/processing_system7_0/inst/PS7_i/FCLKCLK[0]
                         net (fo=1, routed)           0.337     0.337    DB_i/processing_system7_0/inst/FCLK_CLK_unbuffered[0]
    BUFGCTRL_X0Y16       BUFG (Prop_bufg_I_O)         0.029     0.366 r  DB_i/processing_system7_0/inst/buffer_fclk_clk_0.FCLK_CLK_0_BUFG/O
                         net (fo=819, routed)         0.910     1.276    <hidden>
    SLICE_X39Y103        FDCE                                         r  <hidden>
                         clock pessimism             -0.302     0.974    
    SLICE_X39Y103        FDCE (Hold_fdce_C_D)         0.075     1.049    <hidden>
  -------------------------------------------------------------------
                         required time                         -1.049    
                         arrival time                           1.171    
  -------------------------------------------------------------------
                         slack                                  0.122    

Slack (MET) :             0.122ns  (arrival time - required time)
  Source:                 DB_i/rst_ps7_0_250M/U0/EXT_LPF/ACTIVE_LOW_EXT.ACT_LO_EXT/GENERATE_LEVEL_P_S_CDC.SINGLE_BIT.CROSS_PLEVEL_IN2SCNDRY_IN_cdc_to/C
                            (rising edge-triggered cell FDRE clocked by clk_fpga_0  {rise@0.000ns fall@2.000ns period=4.000ns})
  Destination:            DB_i/rst_ps7_0_250M/U0/EXT_LPF/ACTIVE_LOW_EXT.ACT_LO_EXT/GENERATE_LEVEL_P_S_CDC.SINGLE_BIT.CROSS_PLEVEL_IN2SCNDRY_s_level_out_d2/D
                            (rising edge-triggered cell FDRE clocked by clk_fpga_0  {rise@0.000ns fall@2.000ns period=4.000ns})
  Path Group:             clk_fpga_0
  Path Type:              Hold (Min at Fast Process Corner)
  Requirement:            0.000ns  (clk_fpga_0 rise@0.000ns - clk_fpga_0 rise@0.000ns)
  Data Path Delay:        0.197ns  (logic 0.141ns (71.611%)  route 0.056ns (28.389%))
  Logic Levels:           0  
  Clock Path Skew:        0.000ns (DCD - SCD - CPR)
    Destination Clock Delay (DCD):    1.185ns
    Source Clock Delay      (SCD):    0.888ns
    Clock Pessimism Removal (CPR):    0.297ns

    Location             Delay type                Incr(ns)  Path(ns)    Netlist Resource(s)
  -------------------------------------------------------------------    -------------------
                         (clock clk_fpga_0 rise edge)
                                                      0.000     0.000 r  
    PS7_X0Y0             PS7                          0.000     0.000 r  DB_i/processing_system7_0/inst/PS7_i/FCLKCLK[0]
                         net (fo=1, routed)           0.310     0.310    DB_i/processing_system7_0/inst/FCLK_CLK_unbuffered[0]
    BUFGCTRL_X0Y16       BUFG (Prop_bufg_I_O)         0.026     0.336 r  DB_i/processing_system7_0/inst/buffer_fclk_clk_0.FCLK_CLK_0_BUFG/O
                         net (fo=819, routed)         0.552     0.888    DB_i/rst_ps7_0_250M/U0/EXT_LPF/ACTIVE_LOW_EXT.ACT_LO_EXT/slowest_sync_clk
    SLICE_X39Y86         FDRE                                         r  DB_i/rst_ps7_0_250M/U0/EXT_LPF/ACTIVE_LOW_EXT.ACT_LO_EXT/GENERATE_LEVEL_P_S_CDC.SINGLE_BIT.CROSS_PLEVEL_IN2SCNDRY_IN_cdc_to/C
  -------------------------------------------------------------------    -------------------
    SLICE_X39Y86         FDRE (Prop_fdre_C_Q)         0.141     1.029 r  DB_i/rst_ps7_0_250M/U0/EXT_LPF/ACTIVE_LOW_EXT.ACT_LO_EXT/GENERATE_LEVEL_P_S_CDC.SINGLE_BIT.CROSS_PLEVEL_IN2SCNDRY_IN_cdc_to/Q
                         net (fo=1, routed)           0.056     1.084    DB_i/rst_ps7_0_250M/U0/EXT_LPF/ACTIVE_LOW_EXT.ACT_LO_EXT/Q
    SLICE_X39Y86         FDRE                                         r  DB_i/rst_ps7_0_250M/U0/EXT_LPF/ACTIVE_LOW_EXT.ACT_LO_EXT/GENERATE_LEVEL_P_S_CDC.SINGLE_BIT.CROSS_PLEVEL_IN2SCNDRY_s_level_out_d2/D
  -------------------------------------------------------------------    -------------------

                         (clock clk_fpga_0 rise edge)
                                                      0.000     0.000 r  
    PS7_X0Y0             PS7                          0.000     0.000 r  DB_i/processing_system7_0/inst/PS7_i/FCLKCLK[0]
                         net (fo=1, routed)           0.337     0.337    DB_i/processing_system7_0/inst/FCLK_CLK_unbuffered[0]
    BUFGCTRL_X0Y16       BUFG (Prop_bufg_I_O)         0.029     0.366 r  DB_i/processing_system7_0/inst/buffer_fclk_clk_0.FCLK_CLK_0_BUFG/O
                         net (fo=819, routed)         0.819     1.185    DB_i/rst_ps7_0_250M/U0/EXT_LPF/ACTIVE_LOW_EXT.ACT_LO_EXT/slowest_sync_clk
    SLICE_X39Y86         FDRE                                         r  DB_i/rst_ps7_0_250M/U0/EXT_LPF/ACTIVE_LOW_EXT.ACT_LO_EXT/GENERATE_LEVEL_P_S_CDC.SINGLE_BIT.CROSS_PLEVEL_IN2SCNDRY_s_level_out_d2/C
                         clock pessimism             -0.297     0.888    
    SLICE_X39Y86         FDRE (Hold_fdre_C_D)         0.075     0.963    DB_i/rst_ps7_0_250M/U0/EXT_LPF/ACTIVE_LOW_EXT.ACT_LO_EXT/GENERATE_LEVEL_P_S_CDC.SINGLE_BIT.CROSS_PLEVEL_IN2SCNDRY_s_level_out_d2
  -------------------------------------------------------------------
                         required time                         -0.963    
                         arrival time                           1.084    
  -------------------------------------------------------------------
                         slack                                  0.122    

Slack (MET) :             0.122ns  (arrival time - required time)
  Source:                 <hidden>
                            (rising edge-triggered cell FDCE clocked by clk_fpga_0  {rise@0.000ns fall@2.000ns period=4.000ns})
  Destination:            <hidden>
                            (rising edge-triggered cell FDCE clocked by clk_fpga_0  {rise@0.000ns fall@2.000ns period=4.000ns})
  Path Group:             clk_fpga_0
  Path Type:              Hold (Min at Fast Process Corner)
  Requirement:            0.000ns  (clk_fpga_0 rise@0.000ns - clk_fpga_0 rise@0.000ns)
  Data Path Delay:        0.197ns  (logic 0.141ns (71.611%)  route 0.056ns (28.389%))
  Logic Levels:           0  
  Clock Path Skew:        0.000ns (DCD - SCD - CPR)
    Destination Clock Delay (DCD):    1.186ns
    Source Clock Delay      (SCD):    0.889ns
    Clock Pessimism Removal (CPR):    0.297ns

    Location             Delay type                Incr(ns)  Path(ns)    Netlist Resource(s)
  -------------------------------------------------------------------    -------------------
                         (clock clk_fpga_0 rise edge)
                                                      0.000     0.000 r  
    PS7_X0Y0             PS7                          0.000     0.000 r  DB_i/processing_system7_0/inst/PS7_i/FCLKCLK[0]
                         net (fo=1, routed)           0.310     0.310    DB_i/processing_system7_0/inst/FCLK_CLK_unbuffered[0]
    BUFGCTRL_X0Y16       BUFG (Prop_bufg_I_O)         0.026     0.336 r  DB_i/processing_system7_0/inst/buffer_fclk_clk_0.FCLK_CLK_0_BUFG/O
                         net (fo=819, routed)         0.553     0.889    <hidden>
    SLICE_X41Y87         FDCE                                         r  <hidden>
  -------------------------------------------------------------------    -------------------
    SLICE_X41Y87         FDCE (Prop_fdce_C_Q)         0.141     1.030 r  <hidden>
                         net (fo=1, routed)           0.056     1.085    <hidden>
    SLICE_X41Y87         FDCE                                         r  <hidden>
  -------------------------------------------------------------------    -------------------

                         (clock clk_fpga_0 rise edge)
                                                      0.000     0.000 r  
    PS7_X0Y0             PS7                          0.000     0.000 r  DB_i/processing_system7_0/inst/PS7_i/FCLKCLK[0]
                         net (fo=1, routed)           0.337     0.337    DB_i/processing_system7_0/inst/FCLK_CLK_unbuffered[0]
    BUFGCTRL_X0Y16       BUFG (Prop_bufg_I_O)         0.029     0.366 r  DB_i/processing_system7_0/inst/buffer_fclk_clk_0.FCLK_CLK_0_BUFG/O
                         net (fo=819, routed)         0.820     1.186    <hidden>
    SLICE_X41Y87         FDCE                                         r  <hidden>
                         clock pessimism             -0.297     0.889    
    SLICE_X41Y87         FDCE (Hold_fdce_C_D)         0.075     0.964    <hidden>
  -------------------------------------------------------------------
                         required time                         -0.964    
                         arrival time                           1.085    
  -------------------------------------------------------------------
                         slack                                  0.122    

Slack (MET) :             0.129ns  (arrival time - required time)
  Source:                 <hidden>
                            (rising edge-triggered cell FDRE clocked by clk_fpga_0  {rise@0.000ns fall@2.000ns period=4.000ns})
  Destination:            <hidden>
                            (rising edge-triggered cell FDRE clocked by clk_fpga_0  {rise@0.000ns fall@2.000ns period=4.000ns})
  Path Group:             clk_fpga_0
  Path Type:              Hold (Min at Fast Process Corner)
  Requirement:            0.000ns  (clk_fpga_0 rise@0.000ns - clk_fpga_0 rise@0.000ns)
  Data Path Delay:        0.324ns  (logic 0.128ns (39.492%)  route 0.196ns (60.508%))
  Logic Levels:           0  
  Clock Path Skew:        0.183ns (DCD - SCD - CPR)
    Destination Clock Delay (DCD):    1.210ns
    Source Clock Delay      (SCD):    0.992ns
    Clock Pessimism Removal (CPR):    0.035ns

    Location             Delay type                Incr(ns)  Path(ns)    Netlist Resource(s)
  -------------------------------------------------------------------    -------------------
                         (clock clk_fpga_0 rise edge)
                                                      0.000     0.000 r  
    PS7_X0Y0             PS7                          0.000     0.000 r  DB_i/processing_system7_0/inst/PS7_i/FCLKCLK[0]
                         net (fo=1, routed)           0.310     0.310    DB_i/processing_system7_0/inst/FCLK_CLK_unbuffered[0]
    BUFGCTRL_X0Y16       BUFG (Prop_bufg_I_O)         0.026     0.336 r  DB_i/processing_system7_0/inst/buffer_fclk_clk_0.FCLK_CLK_0_BUFG/O
                         net (fo=819, routed)         0.656     0.992    <hidden>
    SLICE_X27Y101        FDRE                                         r  <hidden>
  -------------------------------------------------------------------    -------------------
    SLICE_X27Y101        FDRE (Prop_fdre_C_Q)         0.128     1.120 r  <hidden>
                         net (fo=2, routed)           0.196     1.316    <hidden>
    SLICE_X27Y99         FDRE                                         r  <hidden>
  -------------------------------------------------------------------    -------------------

                         (clock clk_fpga_0 rise edge)
                                                      0.000     0.000 r  
    PS7_X0Y0             PS7                          0.000     0.000 r  DB_i/processing_system7_0/inst/PS7_i/FCLKCLK[0]
                         net (fo=1, routed)           0.337     0.337    DB_i/processing_system7_0/inst/FCLK_CLK_unbuffered[0]
    BUFGCTRL_X0Y16       BUFG (Prop_bufg_I_O)         0.029     0.366 r  DB_i/processing_system7_0/inst/buffer_fclk_clk_0.FCLK_CLK_0_BUFG/O
                         net (fo=819, routed)         0.844     1.210    <hidden>
    SLICE_X27Y99         FDRE                                         r  <hidden>
                         clock pessimism             -0.035     1.175    
    SLICE_X27Y99         FDRE (Hold_fdre_C_D)         0.012     1.187    <hidden>
  -------------------------------------------------------------------
                         required time                         -1.187    
                         arrival time                           1.316    
  -------------------------------------------------------------------
                         slack                                  0.129    





Pulse Width Checks
--------------------------------------------------------------------------------------
Clock Name:         clk_fpga_0
Waveform(ns):       { 0.000 2.000 }
Period(ns):         4.000
Sources:            { DB_i/processing_system7_0/inst/PS7_i/FCLKCLK[0] }

Check Type        Corner  Lib Pin     Reference Pin  Required(ns)  Actual(ns)  Slack(ns)  Location        Pin
Min Period        n/a     BUFG/I      n/a            2.155         4.000       1.845      BUFGCTRL_X0Y16  DB_i/processing_system7_0/inst/buffer_fclk_clk_0.FCLK_CLK_0_BUFG/I
Min Period        n/a     FDSE/C      n/a            1.000         4.000       3.000      SLICE_X39Y101   DB_i/YK71_Tracker_AXI_0/U0/YK71_Tracker_AXI_slave_lite_v1_0_S00_AXI_inst/FSM_onehot_state_write_reg[0]/C
Min Period        n/a     FDRE/C      n/a            1.000         4.000       3.000      SLICE_X39Y101   DB_i/YK71_Tracker_AXI_0/U0/YK71_Tracker_AXI_slave_lite_v1_0_S00_AXI_inst/FSM_onehot_state_write_reg[1]/C
Min Period        n/a     FDRE/C      n/a            1.000         4.000       3.000      SLICE_X39Y101   DB_i/YK71_Tracker_AXI_0/U0/YK71_Tracker_AXI_slave_lite_v1_0_S00_AXI_inst/FSM_onehot_state_write_reg[2]/C
Min Period        n/a     FDRE/C      n/a            1.000         4.000       3.000      SLICE_X38Y87    DB_i/YK71_Tracker_AXI_0/U0/YK71_Tracker_AXI_slave_lite_v1_0_S00_AXI_inst/FSM_sequential_state_read_reg[0]/C
Min Period        n/a     FDRE/C      n/a            1.000         4.000       3.000      SLICE_X38Y87    DB_i/YK71_Tracker_AXI_0/U0/YK71_Tracker_AXI_slave_lite_v1_0_S00_AXI_inst/FSM_sequential_state_read_reg[1]/C
Min Period        n/a     FDRE/C      n/a            1.000         4.000       3.000      SLICE_X37Y87    DB_i/YK71_Tracker_AXI_0/U0/YK71_Tracker_AXI_slave_lite_v1_0_S00_AXI_inst/axi_araddr_reg[2]/C
Min Period        n/a     FDRE/C      n/a            1.000         4.000       3.000      SLICE_X37Y87    DB_i/YK71_Tracker_AXI_0/U0/YK71_Tracker_AXI_slave_lite_v1_0_S00_AXI_inst/axi_araddr_reg[3]/C
Min Period        n/a     FDRE/C      n/a            1.000         4.000       3.000      SLICE_X38Y87    DB_i/YK71_Tracker_AXI_0/U0/YK71_Tracker_AXI_slave_lite_v1_0_S00_AXI_inst/axi_arready_reg/C
Min Period        n/a     FDRE/C      n/a            1.000         4.000       3.000      SLICE_X36Y101   DB_i/YK71_Tracker_AXI_0/U0/YK71_Tracker_AXI_slave_lite_v1_0_S00_AXI_inst/axi_awaddr_reg[2]/C
Low Pulse Width   Slow    SRL16E/CLK  n/a            0.980         2.000       1.020      SLICE_X38Y88    DB_i/axi_smc/inst/clk_map/psr_aclk/U0/EXT_LPF/POR_SRL_I/CLK
Low Pulse Width   Fast    SRL16E/CLK  n/a            0.980         2.000       1.020      SLICE_X38Y88    DB_i/axi_smc/inst/clk_map/psr_aclk/U0/EXT_LPF/POR_SRL_I/CLK
Low Pulse Width   Slow    SRL16E/CLK  n/a            0.980         2.000       1.020      SLICE_X38Y83    DB_i/rst_ps7_0_250M/U0/EXT_LPF/POR_SRL_I/CLK
Low Pulse Width   Fast    SRL16E/CLK  n/a            0.980         2.000       1.020      SLICE_X38Y83    DB_i/rst_ps7_0_250M/U0/EXT_LPF/POR_SRL_I/CLK
Low Pulse Width   Slow    FDSE/C      n/a            0.500         2.000       1.500      SLICE_X39Y101   DB_i/YK71_Tracker_AXI_0/U0/YK71_Tracker_AXI_slave_lite_v1_0_S00_AXI_inst/FSM_onehot_state_write_reg[0]/C
Low Pulse Width   Fast    FDSE/C      n/a            0.500         2.000       1.500      SLICE_X39Y101   DB_i/YK71_Tracker_AXI_0/U0/YK71_Tracker_AXI_slave_lite_v1_0_S00_AXI_inst/FSM_onehot_state_write_reg[0]/C
Low Pulse Width   Slow    FDRE/C      n/a            0.500         2.000       1.500      SLICE_X39Y101   DB_i/YK71_Tracker_AXI_0/U0/YK71_Tracker_AXI_slave_lite_v1_0_S00_AXI_inst/FSM_onehot_state_write_reg[1]/C
Low Pulse Width   Fast    FDRE/C      n/a            0.500         2.000       1.500      SLICE_X39Y101   DB_i/YK71_Tracker_AXI_0/U0/YK71_Tracker_AXI_slave_lite_v1_0_S00_AXI_inst/FSM_onehot_state_write_reg[1]/C
Low Pulse Width   Slow    FDRE/C      n/a            0.500         2.000       1.500      SLICE_X39Y101   DB_i/YK71_Tracker_AXI_0/U0/YK71_Tracker_AXI_slave_lite_v1_0_S00_AXI_inst/FSM_onehot_state_write_reg[2]/C
Low Pulse Width   Fast    FDRE/C      n/a            0.500         2.000       1.500      SLICE_X39Y101   DB_i/YK71_Tracker_AXI_0/U0/YK71_Tracker_AXI_slave_lite_v1_0_S00_AXI_inst/FSM_onehot_state_write_reg[2]/C
High Pulse Width  Slow    SRL16E/CLK  n/a            0.980         2.000       1.020      SLICE_X38Y88    DB_i/axi_smc/inst/clk_map/psr_aclk/U0/EXT_LPF/POR_SRL_I/CLK
High Pulse Width  Fast    SRL16E/CLK  n/a            0.980         2.000       1.020      SLICE_X38Y88    DB_i/axi_smc/inst/clk_map/psr_aclk/U0/EXT_LPF/POR_SRL_I/CLK
High Pulse Width  Slow    SRL16E/CLK  n/a            0.980         2.000       1.020      SLICE_X38Y83    DB_i/rst_ps7_0_250M/U0/EXT_LPF/POR_SRL_I/CLK
High Pulse Width  Fast    SRL16E/CLK  n/a            0.980         2.000       1.020      SLICE_X38Y83    DB_i/rst_ps7_0_250M/U0/EXT_LPF/POR_SRL_I/CLK
High Pulse Width  Slow    FDSE/C      n/a            0.500         2.000       1.500      SLICE_X39Y101   DB_i/YK71_Tracker_AXI_0/U0/YK71_Tracker_AXI_slave_lite_v1_0_S00_AXI_inst/FSM_onehot_state_write_reg[0]/C
High Pulse Width  Fast    FDSE/C      n/a            0.500         2.000       1.500      SLICE_X39Y101   DB_i/YK71_Tracker_AXI_0/U0/YK71_Tracker_AXI_slave_lite_v1_0_S00_AXI_inst/FSM_onehot_state_write_reg[0]/C
High Pulse Width  Slow    FDRE/C      n/a            0.500         2.000       1.500      SLICE_X39Y101   DB_i/YK71_Tracker_AXI_0/U0/YK71_Tracker_AXI_slave_lite_v1_0_S00_AXI_inst/FSM_onehot_state_write_reg[1]/C
High Pulse Width  Fast    FDRE/C      n/a            0.500         2.000       1.500      SLICE_X39Y101   DB_i/YK71_Tracker_AXI_0/U0/YK71_Tracker_AXI_slave_lite_v1_0_S00_AXI_inst/FSM_onehot_state_write_reg[1]/C
High Pulse Width  Slow    FDRE/C      n/a            0.500         2.000       1.500      SLICE_X39Y101   DB_i/YK71_Tracker_AXI_0/U0/YK71_Tracker_AXI_slave_lite_v1_0_S00_AXI_inst/FSM_onehot_state_write_reg[2]/C
High Pulse Width  Fast    FDRE/C      n/a            0.500         2.000       1.500      SLICE_X39Y101   DB_i/YK71_Tracker_AXI_0/U0/YK71_Tracker_AXI_slave_lite_v1_0_S00_AXI_inst/FSM_onehot_state_write_reg[2]/C



---------------------------------------------------------------------------------------------------
From Clock:  clk_out1_DB_clk_wiz_0_0
  To Clock:  clk_fpga_0

Setup :          257  Failing Endpoints,  Worst Slack       -2.410ns,  Total Violation     -508.038ns
Hold  :            0  Failing Endpoints,  Worst Slack        0.106ns,  Total Violation        0.000ns
---------------------------------------------------------------------------------------------------


Max Delay Paths
--------------------------------------------------------------------------------------
Slack (VIOLATED) :        -2.410ns  (required time - arrival time)
  Source:                 DB_i/dongbo_0/U0/sync_out_reg/C
                            (rising edge-triggered cell FDCE clocked by clk_out1_DB_clk_wiz_0_0  {rise@0.000ns fall@1.250ns period=2.500ns})
  Destination:            DB_i/YK71_Tracker_AXI_0/U0/YK71_Tracker_AXI_slave_lite_v1_0_S00_AXI_inst/YK71_Core_Inst/cycle_cnt_reg[12]/R
                            (rising edge-triggered cell FDRE clocked by clk_fpga_0  {rise@0.000ns fall@2.000ns period=4.000ns})
  Path Group:             clk_fpga_0
  Path Type:              Setup (Max at Slow Process Corner)
  Requirement:            0.500ns  (clk_fpga_0 rise@8.000ns - clk_out1_DB_clk_wiz_0_0 rise@7.500ns)
  Data Path Delay:        3.221ns  (logic 0.890ns (27.630%)  route 2.331ns (72.370%))
  Logic Levels:           3  (LUT5=2 LUT6=1)
  Clock Path Skew:        1.002ns (DCD - SCD + CPR)
    Destination Clock Delay (DCD):    2.659ns = ( 10.659 - 8.000 ) 
    Source Clock Delay      (SCD):    1.657ns = ( 9.157 - 7.500 ) 
    Clock Pessimism Removal (CPR):    0.000ns
  Clock Uncertainty:      0.167ns  ((TSJ^2 + TIJ^2 + DJ^2)^1/2) / 2 + PE
    Total System Jitter     (TSJ):    0.071ns
    Total Input Jitter      (TIJ):    0.120ns
    Discrete Jitter          (DJ):    0.082ns
    Phase Error              (PE):    0.086ns
  Clock Domain Crossing:  Inter clock paths are considered valid unless explicitly excluded by timing constraints such as set_clock_groups or set_false_path.

    Location             Delay type                Incr(ns)  Path(ns)    Netlist Resource(s)
  -------------------------------------------------------------------    -------------------
                         (clock clk_out1_DB_clk_wiz_0_0 rise edge)
                                                      7.500     7.500 r  
    BUFGCTRL_X0Y16       BUFG                         0.000     7.500 r  DB_i/processing_system7_0/inst/buffer_fclk_clk_0.FCLK_CLK_0_BUFG/O
                         net (fo=819, routed)         1.806     9.306    DB_i/clk_wiz_0/inst/clk_in1
    MMCME2_ADV_X1Y0      MMCME2_ADV (Prop_mmcme2_adv_CLKIN1_CLKOUT0)
                                                     -3.793     5.513 r  DB_i/clk_wiz_0/inst/mmcm_adv_inst/CLKOUT0
                         net (fo=1, routed)           1.889     7.402    DB_i/clk_wiz_0/inst/clk_out1_DB_clk_wiz_0_0
    BUFGCTRL_X0Y0        BUFG (Prop_bufg_I_O)         0.101     7.503 r  DB_i/clk_wiz_0/inst/clkout1_buf/O
                         net (fo=87, routed)          1.654     9.157    DB_i/dongbo_0/U0/clk
    SLICE_X34Y91         FDCE                                         r  DB_i/dongbo_0/U0/sync_out_reg/C
  -------------------------------------------------------------------    -------------------
    SLICE_X34Y91         FDCE (Prop_fdce_C_Q)         0.518     9.675 r  DB_i/dongbo_0/U0/sync_out_reg/Q
                         net (fo=24, routed)          0.758    10.433    DB_i/YK71_Tracker_AXI_0/U0/YK71_Tracker_AXI_slave_lite_v1_0_S00_AXI_inst/YK71_Core_Inst/cycle_sync
    SLICE_X35Y92         LUT5 (Prop_lut5_I0_O)        0.124    10.557 r  DB_i/YK71_Tracker_AXI_0/U0/YK71_Tracker_AXI_slave_lite_v1_0_S00_AXI_inst/YK71_Core_Inst/cp3_state_i_9/O
                         net (fo=4, routed)           0.588    11.145    DB_i/YK71_Tracker_AXI_0/U0/YK71_Tracker_AXI_slave_lite_v1_0_S00_AXI_inst/YK71_Core_Inst/cp3_state_i_9_n_0
    SLICE_X35Y93         LUT5 (Prop_lut5_I0_O)        0.124    11.269 r  DB_i/YK71_Tracker_AXI_0/U0/YK71_Tracker_AXI_slave_lite_v1_0_S00_AXI_inst/YK71_Core_Inst/cp3_state_i_6/O
                         net (fo=6, routed)           0.459    11.727    DB_i/YK71_Tracker_AXI_0/U0/YK71_Tracker_AXI_slave_lite_v1_0_S00_AXI_inst/YK71_Core_Inst/cp3_state_i_6_n_0
    SLICE_X35Y93         LUT6 (Prop_lut6_I4_O)        0.124    11.851 r  DB_i/YK71_Tracker_AXI_0/U0/YK71_Tracker_AXI_slave_lite_v1_0_S00_AXI_inst/YK71_Core_Inst/cycle_cnt[0]_i_1/O
                         net (fo=32, routed)          0.527    12.378    DB_i/YK71_Tracker_AXI_0/U0/YK71_Tracker_AXI_slave_lite_v1_0_S00_AXI_inst/YK71_Core_Inst/cycle_cnt[0]_i_1_n_0
    SLICE_X34Y94         FDRE                                         r  DB_i/YK71_Tracker_AXI_0/U0/YK71_Tracker_AXI_slave_lite_v1_0_S00_AXI_inst/YK71_Core_Inst/cycle_cnt_reg[12]/R
  -------------------------------------------------------------------    -------------------

                         (clock clk_fpga_0 rise edge)
                                                      8.000     8.000 r  
    PS7_X0Y0             PS7                          0.000     8.000 r  DB_i/processing_system7_0/inst/PS7_i/FCLKCLK[0]
                         net (fo=1, routed)           1.088     9.088    DB_i/processing_system7_0/inst/FCLK_CLK_unbuffered[0]
    BUFGCTRL_X0Y16       BUFG (Prop_bufg_I_O)         0.091     9.179 r  DB_i/processing_system7_0/inst/buffer_fclk_clk_0.FCLK_CLK_0_BUFG/O
                         net (fo=819, routed)         1.480    10.659    DB_i/YK71_Tracker_AXI_0/U0/YK71_Tracker_AXI_slave_lite_v1_0_S00_AXI_inst/YK71_Core_Inst/s00_axi_aclk
    SLICE_X34Y94         FDRE                                         r  DB_i/YK71_Tracker_AXI_0/U0/YK71_Tracker_AXI_slave_lite_v1_0_S00_AXI_inst/YK71_Core_Inst/cycle_cnt_reg[12]/C
                         clock pessimism              0.000    10.659    
                         clock uncertainty           -0.167    10.492    
    SLICE_X34Y94         FDRE (Setup_fdre_C_R)       -0.524     9.968    DB_i/YK71_Tracker_AXI_0/U0/YK71_Tracker_AXI_slave_lite_v1_0_S00_AXI_inst/YK71_Core_Inst/cycle_cnt_reg[12]
  -------------------------------------------------------------------
                         required time                          9.968    
                         arrival time                         -12.378    
  -------------------------------------------------------------------
                         slack                                 -2.410    

Slack (VIOLATED) :        -2.410ns  (required time - arrival time)
  Source:                 DB_i/dongbo_0/U0/sync_out_reg/C
                            (rising edge-triggered cell FDCE clocked by clk_out1_DB_clk_wiz_0_0  {rise@0.000ns fall@1.250ns period=2.500ns})
  Destination:            DB_i/YK71_Tracker_AXI_0/U0/YK71_Tracker_AXI_slave_lite_v1_0_S00_AXI_inst/YK71_Core_Inst/cycle_cnt_reg[13]/R
                            (rising edge-triggered cell FDRE clocked by clk_fpga_0  {rise@0.000ns fall@2.000ns period=4.000ns})
  Path Group:             clk_fpga_0
  Path Type:              Setup (Max at Slow Process Corner)
  Requirement:            0.500ns  (clk_fpga_0 rise@8.000ns - clk_out1_DB_clk_wiz_0_0 rise@7.500ns)
  Data Path Delay:        3.221ns  (logic 0.890ns (27.630%)  route 2.331ns (72.370%))
  Logic Levels:           3  (LUT5=2 LUT6=1)
  Clock Path Skew:        1.002ns (DCD - SCD + CPR)
    Destination Clock Delay (DCD):    2.659ns = ( 10.659 - 8.000 ) 
    Source Clock Delay      (SCD):    1.657ns = ( 9.157 - 7.500 ) 
    Clock Pessimism Removal (CPR):    0.000ns
  Clock Uncertainty:      0.167ns  ((TSJ^2 + TIJ^2 + DJ^2)^1/2) / 2 + PE
    Total System Jitter     (TSJ):    0.071ns
    Total Input Jitter      (TIJ):    0.120ns
    Discrete Jitter          (DJ):    0.082ns
    Phase Error              (PE):    0.086ns
  Clock Domain Crossing:  Inter clock paths are considered valid unless explicitly excluded by timing constraints such as set_clock_groups or set_false_path.

    Location             Delay type                Incr(ns)  Path(ns)    Netlist Resource(s)
  -------------------------------------------------------------------    -------------------
                         (clock clk_out1_DB_clk_wiz_0_0 rise edge)
                                                      7.500     7.500 r  
    BUFGCTRL_X0Y16       BUFG                         0.000     7.500 r  DB_i/processing_system7_0/inst/buffer_fclk_clk_0.FCLK_CLK_0_BUFG/O
                         net (fo=819, routed)         1.806     9.306    DB_i/clk_wiz_0/inst/clk_in1
    MMCME2_ADV_X1Y0      MMCME2_ADV (Prop_mmcme2_adv_CLKIN1_CLKOUT0)
                                                     -3.793     5.513 r  DB_i/clk_wiz_0/inst/mmcm_adv_inst/CLKOUT0
                         net (fo=1, routed)           1.889     7.402    DB_i/clk_wiz_0/inst/clk_out1_DB_clk_wiz_0_0
    BUFGCTRL_X0Y0        BUFG (Prop_bufg_I_O)         0.101     7.503 r  DB_i/clk_wiz_0/inst/clkout1_buf/O
                         net (fo=87, routed)          1.654     9.157    DB_i/dongbo_0/U0/clk
    SLICE_X34Y91         FDCE                                         r  DB_i/dongbo_0/U0/sync_out_reg/C
  -------------------------------------------------------------------    -------------------
    SLICE_X34Y91         FDCE (Prop_fdce_C_Q)         0.518     9.675 r  DB_i/dongbo_0/U0/sync_out_reg/Q
                         net (fo=24, routed)          0.758    10.433    DB_i/YK71_Tracker_AXI_0/U0/YK71_Tracker_AXI_slave_lite_v1_0_S00_AXI_inst/YK71_Core_Inst/cycle_sync
    SLICE_X35Y92         LUT5 (Prop_lut5_I0_O)        0.124    10.557 r  DB_i/YK71_Tracker_AXI_0/U0/YK71_Tracker_AXI_slave_lite_v1_0_S00_AXI_inst/YK71_Core_Inst/cp3_state_i_9/O
                         net (fo=4, routed)           0.588    11.145    DB_i/YK71_Tracker_AXI_0/U0/YK71_Tracker_AXI_slave_lite_v1_0_S00_AXI_inst/YK71_Core_Inst/cp3_state_i_9_n_0
    SLICE_X35Y93         LUT5 (Prop_lut5_I0_O)        0.124    11.269 r  DB_i/YK71_Tracker_AXI_0/U0/YK71_Tracker_AXI_slave_lite_v1_0_S00_AXI_inst/YK71_Core_Inst/cp3_state_i_6/O
                         net (fo=6, routed)           0.459    11.727    DB_i/YK71_Tracker_AXI_0/U0/YK71_Tracker_AXI_slave_lite_v1_0_S00_AXI_inst/YK71_Core_Inst/cp3_state_i_6_n_0
    SLICE_X35Y93         LUT6 (Prop_lut6_I4_O)        0.124    11.851 r  DB_i/YK71_Tracker_AXI_0/U0/YK71_Tracker_AXI_slave_lite_v1_0_S00_AXI_inst/YK71_Core_Inst/cycle_cnt[0]_i_1/O
                         net (fo=32, routed)          0.527    12.378    DB_i/YK71_Tracker_AXI_0/U0/YK71_Tracker_AXI_slave_lite_v1_0_S00_AXI_inst/YK71_Core_Inst/cycle_cnt[0]_i_1_n_0
    SLICE_X34Y94         FDRE                                         r  DB_i/YK71_Tracker_AXI_0/U0/YK71_Tracker_AXI_slave_lite_v1_0_S00_AXI_inst/YK71_Core_Inst/cycle_cnt_reg[13]/R
  -------------------------------------------------------------------    -------------------

                         (clock clk_fpga_0 rise edge)
                                                      8.000     8.000 r  
    PS7_X0Y0             PS7                          0.000     8.000 r  DB_i/processing_system7_0/inst/PS7_i/FCLKCLK[0]
                         net (fo=1, routed)           1.088     9.088    DB_i/processing_system7_0/inst/FCLK_CLK_unbuffered[0]
    BUFGCTRL_X0Y16       BUFG (Prop_bufg_I_O)         0.091     9.179 r  DB_i/processing_system7_0/inst/buffer_fclk_clk_0.FCLK_CLK_0_BUFG/O
                         net (fo=819, routed)         1.480    10.659    DB_i/YK71_Tracker_AXI_0/U0/YK71_Tracker_AXI_slave_lite_v1_0_S00_AXI_inst/YK71_Core_Inst/s00_axi_aclk
    SLICE_X34Y94         FDRE                                         r  DB_i/YK71_Tracker_AXI_0/U0/YK71_Tracker_AXI_slave_lite_v1_0_S00_AXI_inst/YK71_Core_Inst/cycle_cnt_reg[13]/C
                         clock pessimism              0.000    10.659    
                         clock uncertainty           -0.167    10.492    
    SLICE_X34Y94         FDRE (Setup_fdre_C_R)       -0.524     9.968    DB_i/YK71_Tracker_AXI_0/U0/YK71_Tracker_AXI_slave_lite_v1_0_S00_AXI_inst/YK71_Core_Inst/cycle_cnt_reg[13]
  -------------------------------------------------------------------
                         required time                          9.968    
                         arrival time                         -12.378    
  -------------------------------------------------------------------
                         slack                                 -2.410    

Slack (VIOLATED) :        -2.410ns  (required time - arrival time)
  Source:                 DB_i/dongbo_0/U0/sync_out_reg/C
                            (rising edge-triggered cell FDCE clocked by clk_out1_DB_clk_wiz_0_0  {rise@0.000ns fall@1.250ns period=2.500ns})
  Destination:            DB_i/YK71_Tracker_AXI_0/U0/YK71_Tracker_AXI_slave_lite_v1_0_S00_AXI_inst/YK71_Core_Inst/cycle_cnt_reg[14]/R
                            (rising edge-triggered cell FDRE clocked by clk_fpga_0  {rise@0.000ns fall@2.000ns period=4.000ns})
  Path Group:             clk_fpga_0
  Path Type:              Setup (Max at Slow Process Corner)
  Requirement:            0.500ns  (clk_fpga_0 rise@8.000ns - clk_out1_DB_clk_wiz_0_0 rise@7.500ns)
  Data Path Delay:        3.221ns  (logic 0.890ns (27.630%)  route 2.331ns (72.370%))
  Logic Levels:           3  (LUT5=2 LUT6=1)
  Clock Path Skew:        1.002ns (DCD - SCD + CPR)
    Destination Clock Delay (DCD):    2.659ns = ( 10.659 - 8.000 ) 
    Source Clock Delay      (SCD):    1.657ns = ( 9.157 - 7.500 ) 
    Clock Pessimism Removal (CPR):    0.000ns
  Clock Uncertainty:      0.167ns  ((TSJ^2 + TIJ^2 + DJ^2)^1/2) / 2 + PE
    Total System Jitter     (TSJ):    0.071ns
    Total Input Jitter      (TIJ):    0.120ns
    Discrete Jitter          (DJ):    0.082ns
    Phase Error              (PE):    0.086ns
  Clock Domain Crossing:  Inter clock paths are considered valid unless explicitly excluded by timing constraints such as set_clock_groups or set_false_path.

    Location             Delay type                Incr(ns)  Path(ns)    Netlist Resource(s)
  -------------------------------------------------------------------    -------------------
                         (clock clk_out1_DB_clk_wiz_0_0 rise edge)
                                                      7.500     7.500 r  
    BUFGCTRL_X0Y16       BUFG                         0.000     7.500 r  DB_i/processing_system7_0/inst/buffer_fclk_clk_0.FCLK_CLK_0_BUFG/O
                         net (fo=819, routed)         1.806     9.306    DB_i/clk_wiz_0/inst/clk_in1
    MMCME2_ADV_X1Y0      MMCME2_ADV (Prop_mmcme2_adv_CLKIN1_CLKOUT0)
                                                     -3.793     5.513 r  DB_i/clk_wiz_0/inst/mmcm_adv_inst/CLKOUT0
                         net (fo=1, routed)           1.889     7.402    DB_i/clk_wiz_0/inst/clk_out1_DB_clk_wiz_0_0
    BUFGCTRL_X0Y0        BUFG (Prop_bufg_I_O)         0.101     7.503 r  DB_i/clk_wiz_0/inst/clkout1_buf/O
                         net (fo=87, routed)          1.654     9.157    DB_i/dongbo_0/U0/clk
    SLICE_X34Y91         FDCE                                         r  DB_i/dongbo_0/U0/sync_out_reg/C
  -------------------------------------------------------------------    -------------------
    SLICE_X34Y91         FDCE (Prop_fdce_C_Q)         0.518     9.675 r  DB_i/dongbo_0/U0/sync_out_reg/Q
                         net (fo=24, routed)          0.758    10.433    DB_i/YK71_Tracker_AXI_0/U0/YK71_Tracker_AXI_slave_lite_v1_0_S00_AXI_inst/YK71_Core_Inst/cycle_sync
    SLICE_X35Y92         LUT5 (Prop_lut5_I0_O)        0.124    10.557 r  DB_i/YK71_Tracker_AXI_0/U0/YK71_Tracker_AXI_slave_lite_v1_0_S00_AXI_inst/YK71_Core_Inst/cp3_state_i_9/O
                         net (fo=4, routed)           0.588    11.145    DB_i/YK71_Tracker_AXI_0/U0/YK71_Tracker_AXI_slave_lite_v1_0_S00_AXI_inst/YK71_Core_Inst/cp3_state_i_9_n_0
    SLICE_X35Y93         LUT5 (Prop_lut5_I0_O)        0.124    11.269 r  DB_i/YK71_Tracker_AXI_0/U0/YK71_Tracker_AXI_slave_lite_v1_0_S00_AXI_inst/YK71_Core_Inst/cp3_state_i_6/O
                         net (fo=6, routed)           0.459    11.727    DB_i/YK71_Tracker_AXI_0/U0/YK71_Tracker_AXI_slave_lite_v1_0_S00_AXI_inst/YK71_Core_Inst/cp3_state_i_6_n_0
    SLICE_X35Y93         LUT6 (Prop_lut6_I4_O)        0.124    11.851 r  DB_i/YK71_Tracker_AXI_0/U0/YK71_Tracker_AXI_slave_lite_v1_0_S00_AXI_inst/YK71_Core_Inst/cycle_cnt[0]_i_1/O
                         net (fo=32, routed)          0.527    12.378    DB_i/YK71_Tracker_AXI_0/U0/YK71_Tracker_AXI_slave_lite_v1_0_S00_AXI_inst/YK71_Core_Inst/cycle_cnt[0]_i_1_n_0
    SLICE_X34Y94         FDRE                                         r  DB_i/YK71_Tracker_AXI_0/U0/YK71_Tracker_AXI_slave_lite_v1_0_S00_AXI_inst/YK71_Core_Inst/cycle_cnt_reg[14]/R
  -------------------------------------------------------------------    -------------------

                         (clock clk_fpga_0 rise edge)
                                                      8.000     8.000 r  
    PS7_X0Y0             PS7                          0.000     8.000 r  DB_i/processing_system7_0/inst/PS7_i/FCLKCLK[0]
                         net (fo=1, routed)           1.088     9.088    DB_i/processing_system7_0/inst/FCLK_CLK_unbuffered[0]
    BUFGCTRL_X0Y16       BUFG (Prop_bufg_I_O)         0.091     9.179 r  DB_i/processing_system7_0/inst/buffer_fclk_clk_0.FCLK_CLK_0_BUFG/O
                         net (fo=819, routed)         1.480    10.659    DB_i/YK71_Tracker_AXI_0/U0/YK71_Tracker_AXI_slave_lite_v1_0_S00_AXI_inst/YK71_Core_Inst/s00_axi_aclk
    SLICE_X34Y94         FDRE                                         r  DB_i/YK71_Tracker_AXI_0/U0/YK71_Tracker_AXI_slave_lite_v1_0_S00_AXI_inst/YK71_Core_Inst/cycle_cnt_reg[14]/C
                         clock pessimism              0.000    10.659    
                         clock uncertainty           -0.167    10.492    
    SLICE_X34Y94         FDRE (Setup_fdre_C_R)       -0.524     9.968    DB_i/YK71_Tracker_AXI_0/U0/YK71_Tracker_AXI_slave_lite_v1_0_S00_AXI_inst/YK71_Core_Inst/cycle_cnt_reg[14]
  -------------------------------------------------------------------
                         required time                          9.968    
                         arrival time                         -12.378    
  -------------------------------------------------------------------
                         slack                                 -2.410    

Slack (VIOLATED) :        -2.410ns  (required time - arrival time)
  Source:                 DB_i/dongbo_0/U0/sync_out_reg/C
                            (rising edge-triggered cell FDCE clocked by clk_out1_DB_clk_wiz_0_0  {rise@0.000ns fall@1.250ns period=2.500ns})
  Destination:            DB_i/YK71_Tracker_AXI_0/U0/YK71_Tracker_AXI_slave_lite_v1_0_S00_AXI_inst/YK71_Core_Inst/cycle_cnt_reg[15]/R
                            (rising edge-triggered cell FDRE clocked by clk_fpga_0  {rise@0.000ns fall@2.000ns period=4.000ns})
  Path Group:             clk_fpga_0
  Path Type:              Setup (Max at Slow Process Corner)
  Requirement:            0.500ns  (clk_fpga_0 rise@8.000ns - clk_out1_DB_clk_wiz_0_0 rise@7.500ns)
  Data Path Delay:        3.221ns  (logic 0.890ns (27.630%)  route 2.331ns (72.370%))
  Logic Levels:           3  (LUT5=2 LUT6=1)
  Clock Path Skew:        1.002ns (DCD - SCD + CPR)
    Destination Clock Delay (DCD):    2.659ns = ( 10.659 - 8.000 ) 
    Source Clock Delay      (SCD):    1.657ns = ( 9.157 - 7.500 ) 
    Clock Pessimism Removal (CPR):    0.000ns
  Clock Uncertainty:      0.167ns  ((TSJ^2 + TIJ^2 + DJ^2)^1/2) / 2 + PE
    Total System Jitter     (TSJ):    0.071ns
    Total Input Jitter      (TIJ):    0.120ns
    Discrete Jitter          (DJ):    0.082ns
    Phase Error              (PE):    0.086ns
  Clock Domain Crossing:  Inter clock paths are considered valid unless explicitly excluded by timing constraints such as set_clock_groups or set_false_path.

    Location             Delay type                Incr(ns)  Path(ns)    Netlist Resource(s)
  -------------------------------------------------------------------    -------------------
                         (clock clk_out1_DB_clk_wiz_0_0 rise edge)
                                                      7.500     7.500 r  
    BUFGCTRL_X0Y16       BUFG                         0.000     7.500 r  DB_i/processing_system7_0/inst/buffer_fclk_clk_0.FCLK_CLK_0_BUFG/O
                         net (fo=819, routed)         1.806     9.306    DB_i/clk_wiz_0/inst/clk_in1
    MMCME2_ADV_X1Y0      MMCME2_ADV (Prop_mmcme2_adv_CLKIN1_CLKOUT0)
                                                     -3.793     5.513 r  DB_i/clk_wiz_0/inst/mmcm_adv_inst/CLKOUT0
                         net (fo=1, routed)           1.889     7.402    DB_i/clk_wiz_0/inst/clk_out1_DB_clk_wiz_0_0
    BUFGCTRL_X0Y0        BUFG (Prop_bufg_I_O)         0.101     7.503 r  DB_i/clk_wiz_0/inst/clkout1_buf/O
                         net (fo=87, routed)          1.654     9.157    DB_i/dongbo_0/U0/clk
    SLICE_X34Y91         FDCE                                         r  DB_i/dongbo_0/U0/sync_out_reg/C
  -------------------------------------------------------------------    -------------------
    SLICE_X34Y91         FDCE (Prop_fdce_C_Q)         0.518     9.675 r  DB_i/dongbo_0/U0/sync_out_reg/Q
                         net (fo=24, routed)          0.758    10.433    DB_i/YK71_Tracker_AXI_0/U0/YK71_Tracker_AXI_slave_lite_v1_0_S00_AXI_inst/YK71_Core_Inst/cycle_sync
    SLICE_X35Y92         LUT5 (Prop_lut5_I0_O)        0.124    10.557 r  DB_i/YK71_Tracker_AXI_0/U0/YK71_Tracker_AXI_slave_lite_v1_0_S00_AXI_inst/YK71_Core_Inst/cp3_state_i_9/O
                         net (fo=4, routed)           0.588    11.145    DB_i/YK71_Tracker_AXI_0/U0/YK71_Tracker_AXI_slave_lite_v1_0_S00_AXI_inst/YK71_Core_Inst/cp3_state_i_9_n_0
    SLICE_X35Y93         LUT5 (Prop_lut5_I0_O)        0.124    11.269 r  DB_i/YK71_Tracker_AXI_0/U0/YK71_Tracker_AXI_slave_lite_v1_0_S00_AXI_inst/YK71_Core_Inst/cp3_state_i_6/O
                         net (fo=6, routed)           0.459    11.727    DB_i/YK71_Tracker_AXI_0/U0/YK71_Tracker_AXI_slave_lite_v1_0_S00_AXI_inst/YK71_Core_Inst/cp3_state_i_6_n_0
    SLICE_X35Y93         LUT6 (Prop_lut6_I4_O)        0.124    11.851 r  DB_i/YK71_Tracker_AXI_0/U0/YK71_Tracker_AXI_slave_lite_v1_0_S00_AXI_inst/YK71_Core_Inst/cycle_cnt[0]_i_1/O
                         net (fo=32, routed)          0.527    12.378    DB_i/YK71_Tracker_AXI_0/U0/YK71_Tracker_AXI_slave_lite_v1_0_S00_AXI_inst/YK71_Core_Inst/cycle_cnt[0]_i_1_n_0
    SLICE_X34Y94         FDRE                                         r  DB_i/YK71_Tracker_AXI_0/U0/YK71_Tracker_AXI_slave_lite_v1_0_S00_AXI_inst/YK71_Core_Inst/cycle_cnt_reg[15]/R
  -------------------------------------------------------------------    -------------------

                         (clock clk_fpga_0 rise edge)
                                                      8.000     8.000 r  
    PS7_X0Y0             PS7                          0.000     8.000 r  DB_i/processing_system7_0/inst/PS7_i/FCLKCLK[0]
                         net (fo=1, routed)           1.088     9.088    DB_i/processing_system7_0/inst/FCLK_CLK_unbuffered[0]
    BUFGCTRL_X0Y16       BUFG (Prop_bufg_I_O)         0.091     9.179 r  DB_i/processing_system7_0/inst/buffer_fclk_clk_0.FCLK_CLK_0_BUFG/O
                         net (fo=819, routed)         1.480    10.659    DB_i/YK71_Tracker_AXI_0/U0/YK71_Tracker_AXI_slave_lite_v1_0_S00_AXI_inst/YK71_Core_Inst/s00_axi_aclk
    SLICE_X34Y94         FDRE                                         r  DB_i/YK71_Tracker_AXI_0/U0/YK71_Tracker_AXI_slave_lite_v1_0_S00_AXI_inst/YK71_Core_Inst/cycle_cnt_reg[15]/C
                         clock pessimism              0.000    10.659    
                         clock uncertainty           -0.167    10.492    
    SLICE_X34Y94         FDRE (Setup_fdre_C_R)       -0.524     9.968    DB_i/YK71_Tracker_AXI_0/U0/YK71_Tracker_AXI_slave_lite_v1_0_S00_AXI_inst/YK71_Core_Inst/cycle_cnt_reg[15]
  -------------------------------------------------------------------
                         required time                          9.968    
                         arrival time                         -12.378    
  -------------------------------------------------------------------
                         slack                                 -2.410    

Slack (VIOLATED) :        -2.410ns  (required time - arrival time)
  Source:                 DB_i/dongbo_0/U0/sync_out_reg/C
                            (rising edge-triggered cell FDCE clocked by clk_out1_DB_clk_wiz_0_0  {rise@0.000ns fall@1.250ns period=2.500ns})
  Destination:            DB_i/YK71_Tracker_AXI_0/U0/YK71_Tracker_AXI_slave_lite_v1_0_S00_AXI_inst/YK71_Core_Inst/cycle_cnt_reg[24]/R
                            (rising edge-triggered cell FDRE clocked by clk_fpga_0  {rise@0.000ns fall@2.000ns period=4.000ns})
  Path Group:             clk_fpga_0
  Path Type:              Setup (Max at Slow Process Corner)
  Requirement:            0.500ns  (clk_fpga_0 rise@8.000ns - clk_out1_DB_clk_wiz_0_0 rise@7.500ns)
  Data Path Delay:        3.221ns  (logic 0.890ns (27.630%)  route 2.331ns (72.370%))
  Logic Levels:           3  (LUT5=2 LUT6=1)
  Clock Path Skew:        1.002ns (DCD - SCD + CPR)
    Destination Clock Delay (DCD):    2.659ns = ( 10.659 - 8.000 ) 
    Source Clock Delay      (SCD):    1.657ns = ( 9.157 - 7.500 ) 
    Clock Pessimism Removal (CPR):    0.000ns
  Clock Uncertainty:      0.167ns  ((TSJ^2 + TIJ^2 + DJ^2)^1/2) / 2 + PE
    Total System Jitter     (TSJ):    0.071ns
    Total Input Jitter      (TIJ):    0.120ns
    Discrete Jitter          (DJ):    0.082ns
    Phase Error              (PE):    0.086ns
  Clock Domain Crossing:  Inter clock paths are considered valid unless explicitly excluded by timing constraints such as set_clock_groups or set_false_path.

    Location             Delay type                Incr(ns)  Path(ns)    Netlist Resource(s)
  -------------------------------------------------------------------    -------------------
                         (clock clk_out1_DB_clk_wiz_0_0 rise edge)
                                                      7.500     7.500 r  
    BUFGCTRL_X0Y16       BUFG                         0.000     7.500 r  DB_i/processing_system7_0/inst/buffer_fclk_clk_0.FCLK_CLK_0_BUFG/O
                         net (fo=819, routed)         1.806     9.306    DB_i/clk_wiz_0/inst/clk_in1
    MMCME2_ADV_X1Y0      MMCME2_ADV (Prop_mmcme2_adv_CLKIN1_CLKOUT0)
                                                     -3.793     5.513 r  DB_i/clk_wiz_0/inst/mmcm_adv_inst/CLKOUT0
                         net (fo=1, routed)           1.889     7.402    DB_i/clk_wiz_0/inst/clk_out1_DB_clk_wiz_0_0
    BUFGCTRL_X0Y0        BUFG (Prop_bufg_I_O)         0.101     7.503 r  DB_i/clk_wiz_0/inst/clkout1_buf/O
                         net (fo=87, routed)          1.654     9.157    DB_i/dongbo_0/U0/clk
    SLICE_X34Y91         FDCE                                         r  DB_i/dongbo_0/U0/sync_out_reg/C
  -------------------------------------------------------------------    -------------------
    SLICE_X34Y91         FDCE (Prop_fdce_C_Q)         0.518     9.675 r  DB_i/dongbo_0/U0/sync_out_reg/Q
                         net (fo=24, routed)          0.758    10.433    DB_i/YK71_Tracker_AXI_0/U0/YK71_Tracker_AXI_slave_lite_v1_0_S00_AXI_inst/YK71_Core_Inst/cycle_sync
    SLICE_X35Y92         LUT5 (Prop_lut5_I0_O)        0.124    10.557 r  DB_i/YK71_Tracker_AXI_0/U0/YK71_Tracker_AXI_slave_lite_v1_0_S00_AXI_inst/YK71_Core_Inst/cp3_state_i_9/O
                         net (fo=4, routed)           0.588    11.145    DB_i/YK71_Tracker_AXI_0/U0/YK71_Tracker_AXI_slave_lite_v1_0_S00_AXI_inst/YK71_Core_Inst/cp3_state_i_9_n_0
    SLICE_X35Y93         LUT5 (Prop_lut5_I0_O)        0.124    11.269 r  DB_i/YK71_Tracker_AXI_0/U0/YK71_Tracker_AXI_slave_lite_v1_0_S00_AXI_inst/YK71_Core_Inst/cp3_state_i_6/O
                         net (fo=6, routed)           0.459    11.727    DB_i/YK71_Tracker_AXI_0/U0/YK71_Tracker_AXI_slave_lite_v1_0_S00_AXI_inst/YK71_Core_Inst/cp3_state_i_6_n_0
    SLICE_X35Y93         LUT6 (Prop_lut6_I4_O)        0.124    11.851 r  DB_i/YK71_Tracker_AXI_0/U0/YK71_Tracker_AXI_slave_lite_v1_0_S00_AXI_inst/YK71_Core_Inst/cycle_cnt[0]_i_1/O
                         net (fo=32, routed)          0.527    12.378    DB_i/YK71_Tracker_AXI_0/U0/YK71_Tracker_AXI_slave_lite_v1_0_S00_AXI_inst/YK71_Core_Inst/cycle_cnt[0]_i_1_n_0
    SLICE_X34Y94         FDRE                                         r  DB_i/YK71_Tracker_AXI_0/U0/YK71_Tracker_AXI_slave_lite_v1_0_S00_AXI_inst/YK71_Core_Inst/cycle_cnt_reg[24]/R
  -------------------------------------------------------------------    -------------------

                         (clock clk_fpga_0 rise edge)
                                                      8.000     8.000 r  
    PS7_X0Y0             PS7                          0.000     8.000 r  DB_i/processing_system7_0/inst/PS7_i/FCLKCLK[0]
                         net (fo=1, routed)           1.088     9.088    DB_i/processing_system7_0/inst/FCLK_CLK_unbuffered[0]
    BUFGCTRL_X0Y16       BUFG (Prop_bufg_I_O)         0.091     9.179 r  DB_i/processing_system7_0/inst/buffer_fclk_clk_0.FCLK_CLK_0_BUFG/O
                         net (fo=819, routed)         1.480    10.659    DB_i/YK71_Tracker_AXI_0/U0/YK71_Tracker_AXI_slave_lite_v1_0_S00_AXI_inst/YK71_Core_Inst/s00_axi_aclk
    SLICE_X34Y94         FDRE                                         r  DB_i/YK71_Tracker_AXI_0/U0/YK71_Tracker_AXI_slave_lite_v1_0_S00_AXI_inst/YK71_Core_Inst/cycle_cnt_reg[24]/C
                         clock pessimism              0.000    10.659    
                         clock uncertainty           -0.167    10.492    
    SLICE_X34Y94         FDRE (Setup_fdre_C_R)       -0.524     9.968    DB_i/YK71_Tracker_AXI_0/U0/YK71_Tracker_AXI_slave_lite_v1_0_S00_AXI_inst/YK71_Core_Inst/cycle_cnt_reg[24]
  -------------------------------------------------------------------
                         required time                          9.968    
                         arrival time                         -12.378    
  -------------------------------------------------------------------
                         slack                                 -2.410    

Slack (VIOLATED) :        -2.410ns  (required time - arrival time)
  Source:                 DB_i/dongbo_0/U0/sync_out_reg/C
                            (rising edge-triggered cell FDCE clocked by clk_out1_DB_clk_wiz_0_0  {rise@0.000ns fall@1.250ns period=2.500ns})
  Destination:            DB_i/YK71_Tracker_AXI_0/U0/YK71_Tracker_AXI_slave_lite_v1_0_S00_AXI_inst/YK71_Core_Inst/cycle_cnt_reg[25]/R
                            (rising edge-triggered cell FDRE clocked by clk_fpga_0  {rise@0.000ns fall@2.000ns period=4.000ns})
  Path Group:             clk_fpga_0
  Path Type:              Setup (Max at Slow Process Corner)
  Requirement:            0.500ns  (clk_fpga_0 rise@8.000ns - clk_out1_DB_clk_wiz_0_0 rise@7.500ns)
  Data Path Delay:        3.221ns  (logic 0.890ns (27.630%)  route 2.331ns (72.370%))
  Logic Levels:           3  (LUT5=2 LUT6=1)
  Clock Path Skew:        1.002ns (DCD - SCD + CPR)
    Destination Clock Delay (DCD):    2.659ns = ( 10.659 - 8.000 ) 
    Source Clock Delay      (SCD):    1.657ns = ( 9.157 - 7.500 ) 
    Clock Pessimism Removal (CPR):    0.000ns
  Clock Uncertainty:      0.167ns  ((TSJ^2 + TIJ^2 + DJ^2)^1/2) / 2 + PE
    Total System Jitter     (TSJ):    0.071ns
    Total Input Jitter      (TIJ):    0.120ns
    Discrete Jitter          (DJ):    0.082ns
    Phase Error              (PE):    0.086ns
  Clock Domain Crossing:  Inter clock paths are considered valid unless explicitly excluded by timing constraints such as set_clock_groups or set_false_path.

    Location             Delay type                Incr(ns)  Path(ns)    Netlist Resource(s)
  -------------------------------------------------------------------    -------------------
                         (clock clk_out1_DB_clk_wiz_0_0 rise edge)
                                                      7.500     7.500 r  
    BUFGCTRL_X0Y16       BUFG                         0.000     7.500 r  DB_i/processing_system7_0/inst/buffer_fclk_clk_0.FCLK_CLK_0_BUFG/O
                         net (fo=819, routed)         1.806     9.306    DB_i/clk_wiz_0/inst/clk_in1
    MMCME2_ADV_X1Y0      MMCME2_ADV (Prop_mmcme2_adv_CLKIN1_CLKOUT0)
                                                     -3.793     5.513 r  DB_i/clk_wiz_0/inst/mmcm_adv_inst/CLKOUT0
                         net (fo=1, routed)           1.889     7.402    DB_i/clk_wiz_0/inst/clk_out1_DB_clk_wiz_0_0
    BUFGCTRL_X0Y0        BUFG (Prop_bufg_I_O)         0.101     7.503 r  DB_i/clk_wiz_0/inst/clkout1_buf/O
                         net (fo=87, routed)          1.654     9.157    DB_i/dongbo_0/U0/clk
    SLICE_X34Y91         FDCE                                         r  DB_i/dongbo_0/U0/sync_out_reg/C
  -------------------------------------------------------------------    -------------------
    SLICE_X34Y91         FDCE (Prop_fdce_C_Q)         0.518     9.675 r  DB_i/dongbo_0/U0/sync_out_reg/Q
                         net (fo=24, routed)          0.758    10.433    DB_i/YK71_Tracker_AXI_0/U0/YK71_Tracker_AXI_slave_lite_v1_0_S00_AXI_inst/YK71_Core_Inst/cycle_sync
    SLICE_X35Y92         LUT5 (Prop_lut5_I0_O)        0.124    10.557 r  DB_i/YK71_Tracker_AXI_0/U0/YK71_Tracker_AXI_slave_lite_v1_0_S00_AXI_inst/YK71_Core_Inst/cp3_state_i_9/O
                         net (fo=4, routed)           0.588    11.145    DB_i/YK71_Tracker_AXI_0/U0/YK71_Tracker_AXI_slave_lite_v1_0_S00_AXI_inst/YK71_Core_Inst/cp3_state_i_9_n_0
    SLICE_X35Y93         LUT5 (Prop_lut5_I0_O)        0.124    11.269 r  DB_i/YK71_Tracker_AXI_0/U0/YK71_Tracker_AXI_slave_lite_v1_0_S00_AXI_inst/YK71_Core_Inst/cp3_state_i_6/O
                         net (fo=6, routed)           0.459    11.727    DB_i/YK71_Tracker_AXI_0/U0/YK71_Tracker_AXI_slave_lite_v1_0_S00_AXI_inst/YK71_Core_Inst/cp3_state_i_6_n_0
    SLICE_X35Y93         LUT6 (Prop_lut6_I4_O)        0.124    11.851 r  DB_i/YK71_Tracker_AXI_0/U0/YK71_Tracker_AXI_slave_lite_v1_0_S00_AXI_inst/YK71_Core_Inst/cycle_cnt[0]_i_1/O
                         net (fo=32, routed)          0.527    12.378    DB_i/YK71_Tracker_AXI_0/U0/YK71_Tracker_AXI_slave_lite_v1_0_S00_AXI_inst/YK71_Core_Inst/cycle_cnt[0]_i_1_n_0
    SLICE_X34Y94         FDRE                                         r  DB_i/YK71_Tracker_AXI_0/U0/YK71_Tracker_AXI_slave_lite_v1_0_S00_AXI_inst/YK71_Core_Inst/cycle_cnt_reg[25]/R
  -------------------------------------------------------------------    -------------------

                         (clock clk_fpga_0 rise edge)
                                                      8.000     8.000 r  
    PS7_X0Y0             PS7                          0.000     8.000 r  DB_i/processing_system7_0/inst/PS7_i/FCLKCLK[0]
                         net (fo=1, routed)           1.088     9.088    DB_i/processing_system7_0/inst/FCLK_CLK_unbuffered[0]
    BUFGCTRL_X0Y16       BUFG (Prop_bufg_I_O)         0.091     9.179 r  DB_i/processing_system7_0/inst/buffer_fclk_clk_0.FCLK_CLK_0_BUFG/O
                         net (fo=819, routed)         1.480    10.659    DB_i/YK71_Tracker_AXI_0/U0/YK71_Tracker_AXI_slave_lite_v1_0_S00_AXI_inst/YK71_Core_Inst/s00_axi_aclk
    SLICE_X34Y94         FDRE                                         r  DB_i/YK71_Tracker_AXI_0/U0/YK71_Tracker_AXI_slave_lite_v1_0_S00_AXI_inst/YK71_Core_Inst/cycle_cnt_reg[25]/C
                         clock pessimism              0.000    10.659    
                         clock uncertainty           -0.167    10.492    
    SLICE_X34Y94         FDRE (Setup_fdre_C_R)       -0.524     9.968    DB_i/YK71_Tracker_AXI_0/U0/YK71_Tracker_AXI_slave_lite_v1_0_S00_AXI_inst/YK71_Core_Inst/cycle_cnt_reg[25]
  -------------------------------------------------------------------
                         required time                          9.968    
                         arrival time                         -12.378    
  -------------------------------------------------------------------
                         slack                                 -2.410    

Slack (VIOLATED) :        -2.410ns  (required time - arrival time)
  Source:                 DB_i/dongbo_0/U0/sync_out_reg/C
                            (rising edge-triggered cell FDCE clocked by clk_out1_DB_clk_wiz_0_0  {rise@0.000ns fall@1.250ns period=2.500ns})
  Destination:            DB_i/YK71_Tracker_AXI_0/U0/YK71_Tracker_AXI_slave_lite_v1_0_S00_AXI_inst/YK71_Core_Inst/cycle_cnt_reg[26]/R
                            (rising edge-triggered cell FDRE clocked by clk_fpga_0  {rise@0.000ns fall@2.000ns period=4.000ns})
  Path Group:             clk_fpga_0
  Path Type:              Setup (Max at Slow Process Corner)
  Requirement:            0.500ns  (clk_fpga_0 rise@8.000ns - clk_out1_DB_clk_wiz_0_0 rise@7.500ns)
  Data Path Delay:        3.221ns  (logic 0.890ns (27.630%)  route 2.331ns (72.370%))
  Logic Levels:           3  (LUT5=2 LUT6=1)
  Clock Path Skew:        1.002ns (DCD - SCD + CPR)
    Destination Clock Delay (DCD):    2.659ns = ( 10.659 - 8.000 ) 
    Source Clock Delay      (SCD):    1.657ns = ( 9.157 - 7.500 ) 
    Clock Pessimism Removal (CPR):    0.000ns
  Clock Uncertainty:      0.167ns  ((TSJ^2 + TIJ^2 + DJ^2)^1/2) / 2 + PE
    Total System Jitter     (TSJ):    0.071ns
    Total Input Jitter      (TIJ):    0.120ns
    Discrete Jitter          (DJ):    0.082ns
    Phase Error              (PE):    0.086ns
  Clock Domain Crossing:  Inter clock paths are considered valid unless explicitly excluded by timing constraints such as set_clock_groups or set_false_path.

    Location             Delay type                Incr(ns)  Path(ns)    Netlist Resource(s)
  -------------------------------------------------------------------    -------------------
                         (clock clk_out1_DB_clk_wiz_0_0 rise edge)
                                                      7.500     7.500 r  
    BUFGCTRL_X0Y16       BUFG                         0.000     7.500 r  DB_i/processing_system7_0/inst/buffer_fclk_clk_0.FCLK_CLK_0_BUFG/O
                         net (fo=819, routed)         1.806     9.306    DB_i/clk_wiz_0/inst/clk_in1
    MMCME2_ADV_X1Y0      MMCME2_ADV (Prop_mmcme2_adv_CLKIN1_CLKOUT0)
                                                     -3.793     5.513 r  DB_i/clk_wiz_0/inst/mmcm_adv_inst/CLKOUT0
                         net (fo=1, routed)           1.889     7.402    DB_i/clk_wiz_0/inst/clk_out1_DB_clk_wiz_0_0
    BUFGCTRL_X0Y0        BUFG (Prop_bufg_I_O)         0.101     7.503 r  DB_i/clk_wiz_0/inst/clkout1_buf/O
                         net (fo=87, routed)          1.654     9.157    DB_i/dongbo_0/U0/clk
    SLICE_X34Y91         FDCE                                         r  DB_i/dongbo_0/U0/sync_out_reg/C
  -------------------------------------------------------------------    -------------------
    SLICE_X34Y91         FDCE (Prop_fdce_C_Q)         0.518     9.675 r  DB_i/dongbo_0/U0/sync_out_reg/Q
                         net (fo=24, routed)          0.758    10.433    DB_i/YK71_Tracker_AXI_0/U0/YK71_Tracker_AXI_slave_lite_v1_0_S00_AXI_inst/YK71_Core_Inst/cycle_sync
    SLICE_X35Y92         LUT5 (Prop_lut5_I0_O)        0.124    10.557 r  DB_i/YK71_Tracker_AXI_0/U0/YK71_Tracker_AXI_slave_lite_v1_0_S00_AXI_inst/YK71_Core_Inst/cp3_state_i_9/O
                         net (fo=4, routed)           0.588    11.145    DB_i/YK71_Tracker_AXI_0/U0/YK71_Tracker_AXI_slave_lite_v1_0_S00_AXI_inst/YK71_Core_Inst/cp3_state_i_9_n_0
    SLICE_X35Y93         LUT5 (Prop_lut5_I0_O)        0.124    11.269 r  DB_i/YK71_Tracker_AXI_0/U0/YK71_Tracker_AXI_slave_lite_v1_0_S00_AXI_inst/YK71_Core_Inst/cp3_state_i_6/O
                         net (fo=6, routed)           0.459    11.727    DB_i/YK71_Tracker_AXI_0/U0/YK71_Tracker_AXI_slave_lite_v1_0_S00_AXI_inst/YK71_Core_Inst/cp3_state_i_6_n_0
    SLICE_X35Y93         LUT6 (Prop_lut6_I4_O)        0.124    11.851 r  DB_i/YK71_Tracker_AXI_0/U0/YK71_Tracker_AXI_slave_lite_v1_0_S00_AXI_inst/YK71_Core_Inst/cycle_cnt[0]_i_1/O
                         net (fo=32, routed)          0.527    12.378    DB_i/YK71_Tracker_AXI_0/U0/YK71_Tracker_AXI_slave_lite_v1_0_S00_AXI_inst/YK71_Core_Inst/cycle_cnt[0]_i_1_n_0
    SLICE_X34Y94         FDRE                                         r  DB_i/YK71_Tracker_AXI_0/U0/YK71_Tracker_AXI_slave_lite_v1_0_S00_AXI_inst/YK71_Core_Inst/cycle_cnt_reg[26]/R
  -------------------------------------------------------------------    -------------------

                         (clock clk_fpga_0 rise edge)
                                                      8.000     8.000 r  
    PS7_X0Y0             PS7                          0.000     8.000 r  DB_i/processing_system7_0/inst/PS7_i/FCLKCLK[0]
                         net (fo=1, routed)           1.088     9.088    DB_i/processing_system7_0/inst/FCLK_CLK_unbuffered[0]
    BUFGCTRL_X0Y16       BUFG (Prop_bufg_I_O)         0.091     9.179 r  DB_i/processing_system7_0/inst/buffer_fclk_clk_0.FCLK_CLK_0_BUFG/O
                         net (fo=819, routed)         1.480    10.659    DB_i/YK71_Tracker_AXI_0/U0/YK71_Tracker_AXI_slave_lite_v1_0_S00_AXI_inst/YK71_Core_Inst/s00_axi_aclk
    SLICE_X34Y94         FDRE                                         r  DB_i/YK71_Tracker_AXI_0/U0/YK71_Tracker_AXI_slave_lite_v1_0_S00_AXI_inst/YK71_Core_Inst/cycle_cnt_reg[26]/C
                         clock pessimism              0.000    10.659    
                         clock uncertainty           -0.167    10.492    
    SLICE_X34Y94         FDRE (Setup_fdre_C_R)       -0.524     9.968    DB_i/YK71_Tracker_AXI_0/U0/YK71_Tracker_AXI_slave_lite_v1_0_S00_AXI_inst/YK71_Core_Inst/cycle_cnt_reg[26]
  -------------------------------------------------------------------
                         required time                          9.968    
                         arrival time                         -12.378    
  -------------------------------------------------------------------
                         slack                                 -2.410    

Slack (VIOLATED) :        -2.410ns  (required time - arrival time)
  Source:                 DB_i/dongbo_0/U0/sync_out_reg/C
                            (rising edge-triggered cell FDCE clocked by clk_out1_DB_clk_wiz_0_0  {rise@0.000ns fall@1.250ns period=2.500ns})
  Destination:            DB_i/YK71_Tracker_AXI_0/U0/YK71_Tracker_AXI_slave_lite_v1_0_S00_AXI_inst/YK71_Core_Inst/cycle_cnt_reg[27]/R
                            (rising edge-triggered cell FDRE clocked by clk_fpga_0  {rise@0.000ns fall@2.000ns period=4.000ns})
  Path Group:             clk_fpga_0
  Path Type:              Setup (Max at Slow Process Corner)
  Requirement:            0.500ns  (clk_fpga_0 rise@8.000ns - clk_out1_DB_clk_wiz_0_0 rise@7.500ns)
  Data Path Delay:        3.221ns  (logic 0.890ns (27.630%)  route 2.331ns (72.370%))
  Logic Levels:           3  (LUT5=2 LUT6=1)
  Clock Path Skew:        1.002ns (DCD - SCD + CPR)
    Destination Clock Delay (DCD):    2.659ns = ( 10.659 - 8.000 ) 
    Source Clock Delay      (SCD):    1.657ns = ( 9.157 - 7.500 ) 
    Clock Pessimism Removal (CPR):    0.000ns
  Clock Uncertainty:      0.167ns  ((TSJ^2 + TIJ^2 + DJ^2)^1/2) / 2 + PE
    Total System Jitter     (TSJ):    0.071ns
    Total Input Jitter      (TIJ):    0.120ns
    Discrete Jitter          (DJ):    0.082ns
    Phase Error              (PE):    0.086ns
  Clock Domain Crossing:  Inter clock paths are considered valid unless explicitly excluded by timing constraints such as set_clock_groups or set_false_path.

    Location             Delay type                Incr(ns)  Path(ns)    Netlist Resource(s)
  -------------------------------------------------------------------    -------------------
                         (clock clk_out1_DB_clk_wiz_0_0 rise edge)
                                                      7.500     7.500 r  
    BUFGCTRL_X0Y16       BUFG                         0.000     7.500 r  DB_i/processing_system7_0/inst/buffer_fclk_clk_0.FCLK_CLK_0_BUFG/O
                         net (fo=819, routed)         1.806     9.306    DB_i/clk_wiz_0/inst/clk_in1
    MMCME2_ADV_X1Y0      MMCME2_ADV (Prop_mmcme2_adv_CLKIN1_CLKOUT0)
                                                     -3.793     5.513 r  DB_i/clk_wiz_0/inst/mmcm_adv_inst/CLKOUT0
                         net (fo=1, routed)           1.889     7.402    DB_i/clk_wiz_0/inst/clk_out1_DB_clk_wiz_0_0
    BUFGCTRL_X0Y0        BUFG (Prop_bufg_I_O)         0.101     7.503 r  DB_i/clk_wiz_0/inst/clkout1_buf/O
                         net (fo=87, routed)          1.654     9.157    DB_i/dongbo_0/U0/clk
    SLICE_X34Y91         FDCE                                         r  DB_i/dongbo_0/U0/sync_out_reg/C
  -------------------------------------------------------------------    -------------------
    SLICE_X34Y91         FDCE (Prop_fdce_C_Q)         0.518     9.675 r  DB_i/dongbo_0/U0/sync_out_reg/Q
                         net (fo=24, routed)          0.758    10.433    DB_i/YK71_Tracker_AXI_0/U0/YK71_Tracker_AXI_slave_lite_v1_0_S00_AXI_inst/YK71_Core_Inst/cycle_sync
    SLICE_X35Y92         LUT5 (Prop_lut5_I0_O)        0.124    10.557 r  DB_i/YK71_Tracker_AXI_0/U0/YK71_Tracker_AXI_slave_lite_v1_0_S00_AXI_inst/YK71_Core_Inst/cp3_state_i_9/O
                         net (fo=4, routed)           0.588    11.145    DB_i/YK71_Tracker_AXI_0/U0/YK71_Tracker_AXI_slave_lite_v1_0_S00_AXI_inst/YK71_Core_Inst/cp3_state_i_9_n_0
    SLICE_X35Y93         LUT5 (Prop_lut5_I0_O)        0.124    11.269 r  DB_i/YK71_Tracker_AXI_0/U0/YK71_Tracker_AXI_slave_lite_v1_0_S00_AXI_inst/YK71_Core_Inst/cp3_state_i_6/O
                         net (fo=6, routed)           0.459    11.727    DB_i/YK71_Tracker_AXI_0/U0/YK71_Tracker_AXI_slave_lite_v1_0_S00_AXI_inst/YK71_Core_Inst/cp3_state_i_6_n_0
    SLICE_X35Y93         LUT6 (Prop_lut6_I4_O)        0.124    11.851 r  DB_i/YK71_Tracker_AXI_0/U0/YK71_Tracker_AXI_slave_lite_v1_0_S00_AXI_inst/YK71_Core_Inst/cycle_cnt[0]_i_1/O
                         net (fo=32, routed)          0.527    12.378    DB_i/YK71_Tracker_AXI_0/U0/YK71_Tracker_AXI_slave_lite_v1_0_S00_AXI_inst/YK71_Core_Inst/cycle_cnt[0]_i_1_n_0
    SLICE_X34Y94         FDRE                                         r  DB_i/YK71_Tracker_AXI_0/U0/YK71_Tracker_AXI_slave_lite_v1_0_S00_AXI_inst/YK71_Core_Inst/cycle_cnt_reg[27]/R
  -------------------------------------------------------------------    -------------------

                         (clock clk_fpga_0 rise edge)
                                                      8.000     8.000 r  
    PS7_X0Y0             PS7                          0.000     8.000 r  DB_i/processing_system7_0/inst/PS7_i/FCLKCLK[0]
                         net (fo=1, routed)           1.088     9.088    DB_i/processing_system7_0/inst/FCLK_CLK_unbuffered[0]
    BUFGCTRL_X0Y16       BUFG (Prop_bufg_I_O)         0.091     9.179 r  DB_i/processing_system7_0/inst/buffer_fclk_clk_0.FCLK_CLK_0_BUFG/O
                         net (fo=819, routed)         1.480    10.659    DB_i/YK71_Tracker_AXI_0/U0/YK71_Tracker_AXI_slave_lite_v1_0_S00_AXI_inst/YK71_Core_Inst/s00_axi_aclk
    SLICE_X34Y94         FDRE                                         r  DB_i/YK71_Tracker_AXI_0/U0/YK71_Tracker_AXI_slave_lite_v1_0_S00_AXI_inst/YK71_Core_Inst/cycle_cnt_reg[27]/C
                         clock pessimism              0.000    10.659    
                         clock uncertainty           -0.167    10.492    
    SLICE_X34Y94         FDRE (Setup_fdre_C_R)       -0.524     9.968    DB_i/YK71_Tracker_AXI_0/U0/YK71_Tracker_AXI_slave_lite_v1_0_S00_AXI_inst/YK71_Core_Inst/cycle_cnt_reg[27]
  -------------------------------------------------------------------
                         required time                          9.968    
                         arrival time                         -12.378    
  -------------------------------------------------------------------
                         slack                                 -2.410    

Slack (VIOLATED) :        -2.401ns  (required time - arrival time)
  Source:                 DB_i/dongbo_0/U0/sync_out_reg/C
                            (rising edge-triggered cell FDCE clocked by clk_out1_DB_clk_wiz_0_0  {rise@0.000ns fall@1.250ns period=2.500ns})
  Destination:            DB_i/YK71_Tracker_AXI_0/U0/YK71_Tracker_AXI_slave_lite_v1_0_S00_AXI_inst/YK71_Core_Inst/cycle_cnt_reg[0]/R
                            (rising edge-triggered cell FDRE clocked by clk_fpga_0  {rise@0.000ns fall@2.000ns period=4.000ns})
  Path Group:             clk_fpga_0
  Path Type:              Setup (Max at Slow Process Corner)
  Requirement:            0.500ns  (clk_fpga_0 rise@8.000ns - clk_out1_DB_clk_wiz_0_0 rise@7.500ns)
  Data Path Delay:        3.212ns  (logic 0.890ns (27.708%)  route 2.322ns (72.292%))
  Logic Levels:           3  (LUT5=2 LUT6=1)
  Clock Path Skew:        1.002ns (DCD - SCD + CPR)
    Destination Clock Delay (DCD):    2.659ns = ( 10.659 - 8.000 ) 
    Source Clock Delay      (SCD):    1.657ns = ( 9.157 - 7.500 ) 
    Clock Pessimism Removal (CPR):    0.000ns
  Clock Uncertainty:      0.167ns  ((TSJ^2 + TIJ^2 + DJ^2)^1/2) / 2 + PE
    Total System Jitter     (TSJ):    0.071ns
    Total Input Jitter      (TIJ):    0.120ns
    Discrete Jitter          (DJ):    0.082ns
    Phase Error              (PE):    0.086ns
  Clock Domain Crossing:  Inter clock paths are considered valid unless explicitly excluded by timing constraints such as set_clock_groups or set_false_path.

    Location             Delay type                Incr(ns)  Path(ns)    Netlist Resource(s)
  -------------------------------------------------------------------    -------------------
                         (clock clk_out1_DB_clk_wiz_0_0 rise edge)
                                                      7.500     7.500 r  
    BUFGCTRL_X0Y16       BUFG                         0.000     7.500 r  DB_i/processing_system7_0/inst/buffer_fclk_clk_0.FCLK_CLK_0_BUFG/O
                         net (fo=819, routed)         1.806     9.306    DB_i/clk_wiz_0/inst/clk_in1
    MMCME2_ADV_X1Y0      MMCME2_ADV (Prop_mmcme2_adv_CLKIN1_CLKOUT0)
                                                     -3.793     5.513 r  DB_i/clk_wiz_0/inst/mmcm_adv_inst/CLKOUT0
                         net (fo=1, routed)           1.889     7.402    DB_i/clk_wiz_0/inst/clk_out1_DB_clk_wiz_0_0
    BUFGCTRL_X0Y0        BUFG (Prop_bufg_I_O)         0.101     7.503 r  DB_i/clk_wiz_0/inst/clkout1_buf/O
                         net (fo=87, routed)          1.654     9.157    DB_i/dongbo_0/U0/clk
    SLICE_X34Y91         FDCE                                         r  DB_i/dongbo_0/U0/sync_out_reg/C
  -------------------------------------------------------------------    -------------------
    SLICE_X34Y91         FDCE (Prop_fdce_C_Q)         0.518     9.675 r  DB_i/dongbo_0/U0/sync_out_reg/Q
                         net (fo=24, routed)          0.758    10.433    DB_i/YK71_Tracker_AXI_0/U0/YK71_Tracker_AXI_slave_lite_v1_0_S00_AXI_inst/YK71_Core_Inst/cycle_sync
    SLICE_X35Y92         LUT5 (Prop_lut5_I0_O)        0.124    10.557 r  DB_i/YK71_Tracker_AXI_0/U0/YK71_Tracker_AXI_slave_lite_v1_0_S00_AXI_inst/YK71_Core_Inst/cp3_state_i_9/O
                         net (fo=4, routed)           0.588    11.145    DB_i/YK71_Tracker_AXI_0/U0/YK71_Tracker_AXI_slave_lite_v1_0_S00_AXI_inst/YK71_Core_Inst/cp3_state_i_9_n_0
    SLICE_X35Y93         LUT5 (Prop_lut5_I0_O)        0.124    11.269 r  DB_i/YK71_Tracker_AXI_0/U0/YK71_Tracker_AXI_slave_lite_v1_0_S00_AXI_inst/YK71_Core_Inst/cp3_state_i_6/O
                         net (fo=6, routed)           0.459    11.727    DB_i/YK71_Tracker_AXI_0/U0/YK71_Tracker_AXI_slave_lite_v1_0_S00_AXI_inst/YK71_Core_Inst/cp3_state_i_6_n_0
    SLICE_X35Y93         LUT6 (Prop_lut6_I4_O)        0.124    11.851 r  DB_i/YK71_Tracker_AXI_0/U0/YK71_Tracker_AXI_slave_lite_v1_0_S00_AXI_inst/YK71_Core_Inst/cycle_cnt[0]_i_1/O
                         net (fo=32, routed)          0.518    12.369    DB_i/YK71_Tracker_AXI_0/U0/YK71_Tracker_AXI_slave_lite_v1_0_S00_AXI_inst/YK71_Core_Inst/cycle_cnt[0]_i_1_n_0
    SLICE_X34Y96         FDRE                                         r  DB_i/YK71_Tracker_AXI_0/U0/YK71_Tracker_AXI_slave_lite_v1_0_S00_AXI_inst/YK71_Core_Inst/cycle_cnt_reg[0]/R
  -------------------------------------------------------------------    -------------------

                         (clock clk_fpga_0 rise edge)
                                                      8.000     8.000 r  
    PS7_X0Y0             PS7                          0.000     8.000 r  DB_i/processing_system7_0/inst/PS7_i/FCLKCLK[0]
                         net (fo=1, routed)           1.088     9.088    DB_i/processing_system7_0/inst/FCLK_CLK_unbuffered[0]
    BUFGCTRL_X0Y16       BUFG (Prop_bufg_I_O)         0.091     9.179 r  DB_i/processing_system7_0/inst/buffer_fclk_clk_0.FCLK_CLK_0_BUFG/O
                         net (fo=819, routed)         1.480    10.659    DB_i/YK71_Tracker_AXI_0/U0/YK71_Tracker_AXI_slave_lite_v1_0_S00_AXI_inst/YK71_Core_Inst/s00_axi_aclk
    SLICE_X34Y96         FDRE                                         r  DB_i/YK71_Tracker_AXI_0/U0/YK71_Tracker_AXI_slave_lite_v1_0_S00_AXI_inst/YK71_Core_Inst/cycle_cnt_reg[0]/C
                         clock pessimism              0.000    10.659    
                         clock uncertainty           -0.167    10.492    
    SLICE_X34Y96         FDRE (Setup_fdre_C_R)       -0.524     9.968    DB_i/YK71_Tracker_AXI_0/U0/YK71_Tracker_AXI_slave_lite_v1_0_S00_AXI_inst/YK71_Core_Inst/cycle_cnt_reg[0]
  -------------------------------------------------------------------
                         required time                          9.968    
                         arrival time                         -12.369    
  -------------------------------------------------------------------
                         slack                                 -2.401    

Slack (VIOLATED) :        -2.401ns  (required time - arrival time)
  Source:                 DB_i/dongbo_0/U0/sync_out_reg/C
                            (rising edge-triggered cell FDCE clocked by clk_out1_DB_clk_wiz_0_0  {rise@0.000ns fall@1.250ns period=2.500ns})
  Destination:            DB_i/YK71_Tracker_AXI_0/U0/YK71_Tracker_AXI_slave_lite_v1_0_S00_AXI_inst/YK71_Core_Inst/cycle_cnt_reg[1]/R
                            (rising edge-triggered cell FDRE clocked by clk_fpga_0  {rise@0.000ns fall@2.000ns period=4.000ns})
  Path Group:             clk_fpga_0
  Path Type:              Setup (Max at Slow Process Corner)
  Requirement:            0.500ns  (clk_fpga_0 rise@8.000ns - clk_out1_DB_clk_wiz_0_0 rise@7.500ns)
  Data Path Delay:        3.212ns  (logic 0.890ns (27.708%)  route 2.322ns (72.292%))
  Logic Levels:           3  (LUT5=2 LUT6=1)
  Clock Path Skew:        1.002ns (DCD - SCD + CPR)
    Destination Clock Delay (DCD):    2.659ns = ( 10.659 - 8.000 ) 
    Source Clock Delay      (SCD):    1.657ns = ( 9.157 - 7.500 ) 
    Clock Pessimism Removal (CPR):    0.000ns
  Clock Uncertainty:      0.167ns  ((TSJ^2 + TIJ^2 + DJ^2)^1/2) / 2 + PE
    Total System Jitter     (TSJ):    0.071ns
    Total Input Jitter      (TIJ):    0.120ns
    Discrete Jitter          (DJ):    0.082ns
    Phase Error              (PE):    0.086ns
  Clock Domain Crossing:  Inter clock paths are considered valid unless explicitly excluded by timing constraints such as set_clock_groups or set_false_path.

    Location             Delay type                Incr(ns)  Path(ns)    Netlist Resource(s)
  -------------------------------------------------------------------    -------------------
                         (clock clk_out1_DB_clk_wiz_0_0 rise edge)
                                                      7.500     7.500 r  
    BUFGCTRL_X0Y16       BUFG                         0.000     7.500 r  DB_i/processing_system7_0/inst/buffer_fclk_clk_0.FCLK_CLK_0_BUFG/O
                         net (fo=819, routed)         1.806     9.306    DB_i/clk_wiz_0/inst/clk_in1
    MMCME2_ADV_X1Y0      MMCME2_ADV (Prop_mmcme2_adv_CLKIN1_CLKOUT0)
                                                     -3.793     5.513 r  DB_i/clk_wiz_0/inst/mmcm_adv_inst/CLKOUT0
                         net (fo=1, routed)           1.889     7.402    DB_i/clk_wiz_0/inst/clk_out1_DB_clk_wiz_0_0
    BUFGCTRL_X0Y0        BUFG (Prop_bufg_I_O)         0.101     7.503 r  DB_i/clk_wiz_0/inst/clkout1_buf/O
                         net (fo=87, routed)          1.654     9.157    DB_i/dongbo_0/U0/clk
    SLICE_X34Y91         FDCE                                         r  DB_i/dongbo_0/U0/sync_out_reg/C
  -------------------------------------------------------------------    -------------------
    SLICE_X34Y91         FDCE (Prop_fdce_C_Q)         0.518     9.675 r  DB_i/dongbo_0/U0/sync_out_reg/Q
                         net (fo=24, routed)          0.758    10.433    DB_i/YK71_Tracker_AXI_0/U0/YK71_Tracker_AXI_slave_lite_v1_0_S00_AXI_inst/YK71_Core_Inst/cycle_sync
    SLICE_X35Y92         LUT5 (Prop_lut5_I0_O)        0.124    10.557 r  DB_i/YK71_Tracker_AXI_0/U0/YK71_Tracker_AXI_slave_lite_v1_0_S00_AXI_inst/YK71_Core_Inst/cp3_state_i_9/O
                         net (fo=4, routed)           0.588    11.145    DB_i/YK71_Tracker_AXI_0/U0/YK71_Tracker_AXI_slave_lite_v1_0_S00_AXI_inst/YK71_Core_Inst/cp3_state_i_9_n_0
    SLICE_X35Y93         LUT5 (Prop_lut5_I0_O)        0.124    11.269 r  DB_i/YK71_Tracker_AXI_0/U0/YK71_Tracker_AXI_slave_lite_v1_0_S00_AXI_inst/YK71_Core_Inst/cp3_state_i_6/O
                         net (fo=6, routed)           0.459    11.727    DB_i/YK71_Tracker_AXI_0/U0/YK71_Tracker_AXI_slave_lite_v1_0_S00_AXI_inst/YK71_Core_Inst/cp3_state_i_6_n_0
    SLICE_X35Y93         LUT6 (Prop_lut6_I4_O)        0.124    11.851 r  DB_i/YK71_Tracker_AXI_0/U0/YK71_Tracker_AXI_slave_lite_v1_0_S00_AXI_inst/YK71_Core_Inst/cycle_cnt[0]_i_1/O
                         net (fo=32, routed)          0.518    12.369    DB_i/YK71_Tracker_AXI_0/U0/YK71_Tracker_AXI_slave_lite_v1_0_S00_AXI_inst/YK71_Core_Inst/cycle_cnt[0]_i_1_n_0
    SLICE_X34Y96         FDRE                                         r  DB_i/YK71_Tracker_AXI_0/U0/YK71_Tracker_AXI_slave_lite_v1_0_S00_AXI_inst/YK71_Core_Inst/cycle_cnt_reg[1]/R
  -------------------------------------------------------------------    -------------------

                         (clock clk_fpga_0 rise edge)
                                                      8.000     8.000 r  
    PS7_X0Y0             PS7                          0.000     8.000 r  DB_i/processing_system7_0/inst/PS7_i/FCLKCLK[0]
                         net (fo=1, routed)           1.088     9.088    DB_i/processing_system7_0/inst/FCLK_CLK_unbuffered[0]
    BUFGCTRL_X0Y16       BUFG (Prop_bufg_I_O)         0.091     9.179 r  DB_i/processing_system7_0/inst/buffer_fclk_clk_0.FCLK_CLK_0_BUFG/O
                         net (fo=819, routed)         1.480    10.659    DB_i/YK71_Tracker_AXI_0/U0/YK71_Tracker_AXI_slave_lite_v1_0_S00_AXI_inst/YK71_Core_Inst/s00_axi_aclk
    SLICE_X34Y96         FDRE                                         r  DB_i/YK71_Tracker_AXI_0/U0/YK71_Tracker_AXI_slave_lite_v1_0_S00_AXI_inst/YK71_Core_Inst/cycle_cnt_reg[1]/C
                         clock pessimism              0.000    10.659    
                         clock uncertainty           -0.167    10.492    
    SLICE_X34Y96         FDRE (Setup_fdre_C_R)       -0.524     9.968    DB_i/YK71_Tracker_AXI_0/U0/YK71_Tracker_AXI_slave_lite_v1_0_S00_AXI_inst/YK71_Core_Inst/cycle_cnt_reg[1]
  -------------------------------------------------------------------
                         required time                          9.968    
                         arrival time                         -12.369    
  -------------------------------------------------------------------
                         slack                                 -2.401    





Min Delay Paths
--------------------------------------------------------------------------------------
Slack (MET) :             0.106ns  (arrival time - required time)
  Source:                 DB_i/target_moving_0/U0/target_out_reg/C
                            (rising edge-triggered cell FDCE clocked by clk_out1_DB_clk_wiz_0_0  {rise@0.000ns fall@1.250ns period=2.500ns})
  Destination:            DB_i/YK71_Tracker_AXI_0/U0/YK71_Tracker_AXI_slave_lite_v1_0_S00_AXI_inst/YK71_Core_Inst/target_pos_out_reg[31]/CE
                            (rising edge-triggered cell FDRE clocked by clk_fpga_0  {rise@0.000ns fall@2.000ns period=4.000ns})
  Path Group:             clk_fpga_0
  Path Type:              Hold (Min at Fast Process Corner)
  Requirement:            0.000ns  (clk_fpga_0 rise@0.000ns - clk_out1_DB_clk_wiz_0_0 rise@0.000ns)
  Data Path Delay:        0.890ns  (logic 0.141ns (15.836%)  route 0.749ns (84.164%))
  Logic Levels:           0  
  Clock Path Skew:        0.633ns (DCD - SCD - CPR)
    Destination Clock Delay (DCD):    1.191ns
    Source Clock Delay      (SCD):    0.558ns
    Clock Pessimism Removal (CPR):    -0.000ns
  Clock Uncertainty:      0.167ns  ((TSJ^2 + TIJ^2 + DJ^2)^1/2) / 2 + PE
    Total System Jitter     (TSJ):    0.071ns
    Total Input Jitter      (TIJ):    0.120ns
    Discrete Jitter          (DJ):    0.082ns
    Phase Error              (PE):    0.086ns
  Clock Domain Crossing:  Inter clock paths are considered valid unless explicitly excluded by timing constraints such as set_clock_groups or set_false_path.

    Location             Delay type                Incr(ns)  Path(ns)    Netlist Resource(s)
  -------------------------------------------------------------------    -------------------
                         (clock clk_out1_DB_clk_wiz_0_0 rise edge)
                                                      0.000     0.000 r  
    BUFGCTRL_X0Y16       BUFG                         0.000     0.000 r  DB_i/processing_system7_0/inst/buffer_fclk_clk_0.FCLK_CLK_0_BUFG/O
                         net (fo=819, routed)         0.597     0.597    DB_i/clk_wiz_0/inst/clk_in1
    MMCME2_ADV_X1Y0      MMCME2_ADV (Prop_mmcme2_adv_CLKIN1_CLKOUT0)
                                                     -1.150    -0.553 r  DB_i/clk_wiz_0/inst/mmcm_adv_inst/CLKOUT0
                         net (fo=1, routed)           0.529    -0.024    DB_i/clk_wiz_0/inst/clk_out1_DB_clk_wiz_0_0
    BUFGCTRL_X0Y0        BUFG (Prop_bufg_I_O)         0.026     0.002 r  DB_i/clk_wiz_0/inst/clkout1_buf/O
                         net (fo=87, routed)          0.556     0.558    DB_i/target_moving_0/U0/clk
    SLICE_X37Y89         FDCE                                         r  DB_i/target_moving_0/U0/target_out_reg/C
  -------------------------------------------------------------------    -------------------
    SLICE_X37Y89         FDCE (Prop_fdce_C_Q)         0.141     0.699 r  DB_i/target_moving_0/U0/target_out_reg/Q
                         net (fo=33, routed)          0.749     1.448    DB_i/YK71_Tracker_AXI_0/U0/YK71_Tracker_AXI_slave_lite_v1_0_S00_AXI_inst/YK71_Core_Inst/target_pulse
    SLICE_X36Y99         FDRE                                         r  DB_i/YK71_Tracker_AXI_0/U0/YK71_Tracker_AXI_slave_lite_v1_0_S00_AXI_inst/YK71_Core_Inst/target_pos_out_reg[31]/CE
  -------------------------------------------------------------------    -------------------

                         (clock clk_fpga_0 rise edge)
                                                      0.000     0.000 r  
    PS7_X0Y0             PS7                          0.000     0.000 r  DB_i/processing_system7_0/inst/PS7_i/FCLKCLK[0]
                         net (fo=1, routed)           0.337     0.337    DB_i/processing_system7_0/inst/FCLK_CLK_unbuffered[0]
    BUFGCTRL_X0Y16       BUFG (Prop_bufg_I_O)         0.029     0.366 r  DB_i/processing_system7_0/inst/buffer_fclk_clk_0.FCLK_CLK_0_BUFG/O
                         net (fo=819, routed)         0.825     1.191    DB_i/YK71_Tracker_AXI_0/U0/YK71_Tracker_AXI_slave_lite_v1_0_S00_AXI_inst/YK71_Core_Inst/s00_axi_aclk
    SLICE_X36Y99         FDRE                                         r  DB_i/YK71_Tracker_AXI_0/U0/YK71_Tracker_AXI_slave_lite_v1_0_S00_AXI_inst/YK71_Core_Inst/target_pos_out_reg[31]/C
                         clock pessimism              0.000     1.191    
                         clock uncertainty            0.167     1.358    
    SLICE_X36Y99         FDRE (Hold_fdre_C_CE)       -0.016     1.342    DB_i/YK71_Tracker_AXI_0/U0/YK71_Tracker_AXI_slave_lite_v1_0_S00_AXI_inst/YK71_Core_Inst/target_pos_out_reg[31]
  -------------------------------------------------------------------
                         required time                         -1.342    
                         arrival time                           1.448    
  -------------------------------------------------------------------
                         slack                                  0.106    

Slack (MET) :             0.112ns  (arrival time - required time)
  Source:                 DB_i/target_moving_0/U0/target_out_reg/C
                            (rising edge-triggered cell FDCE clocked by clk_out1_DB_clk_wiz_0_0  {rise@0.000ns fall@1.250ns period=2.500ns})
  Destination:            DB_i/YK71_Tracker_AXI_0/U0/YK71_Tracker_AXI_slave_lite_v1_0_S00_AXI_inst/YK71_Core_Inst/target_pos_out_reg[22]/CE
                            (rising edge-triggered cell FDRE clocked by clk_fpga_0  {rise@0.000ns fall@2.000ns period=4.000ns})
  Path Group:             clk_fpga_0
  Path Type:              Hold (Min at Fast Process Corner)
  Requirement:            0.000ns  (clk_fpga_0 rise@0.000ns - clk_out1_DB_clk_wiz_0_0 rise@0.000ns)
  Data Path Delay:        0.895ns  (logic 0.141ns (15.751%)  route 0.754ns (84.249%))
  Logic Levels:           0  
  Clock Path Skew:        0.632ns (DCD - SCD - CPR)
    Destination Clock Delay (DCD):    1.190ns
    Source Clock Delay      (SCD):    0.558ns
    Clock Pessimism Removal (CPR):    -0.000ns
  Clock Uncertainty:      0.167ns  ((TSJ^2 + TIJ^2 + DJ^2)^1/2) / 2 + PE
    Total System Jitter     (TSJ):    0.071ns
    Total Input Jitter      (TIJ):    0.120ns
    Discrete Jitter          (DJ):    0.082ns
    Phase Error              (PE):    0.086ns
  Clock Domain Crossing:  Inter clock paths are considered valid unless explicitly excluded by timing constraints such as set_clock_groups or set_false_path.

    Location             Delay type                Incr(ns)  Path(ns)    Netlist Resource(s)
  -------------------------------------------------------------------    -------------------
                         (clock clk_out1_DB_clk_wiz_0_0 rise edge)
                                                      0.000     0.000 r  
    BUFGCTRL_X0Y16       BUFG                         0.000     0.000 r  DB_i/processing_system7_0/inst/buffer_fclk_clk_0.FCLK_CLK_0_BUFG/O
                         net (fo=819, routed)         0.597     0.597    DB_i/clk_wiz_0/inst/clk_in1
    MMCME2_ADV_X1Y0      MMCME2_ADV (Prop_mmcme2_adv_CLKIN1_CLKOUT0)
                                                     -1.150    -0.553 r  DB_i/clk_wiz_0/inst/mmcm_adv_inst/CLKOUT0
                         net (fo=1, routed)           0.529    -0.024    DB_i/clk_wiz_0/inst/clk_out1_DB_clk_wiz_0_0
    BUFGCTRL_X0Y0        BUFG (Prop_bufg_I_O)         0.026     0.002 r  DB_i/clk_wiz_0/inst/clkout1_buf/O
                         net (fo=87, routed)          0.556     0.558    DB_i/target_moving_0/U0/clk
    SLICE_X37Y89         FDCE                                         r  DB_i/target_moving_0/U0/target_out_reg/C
  -------------------------------------------------------------------    -------------------
    SLICE_X37Y89         FDCE (Prop_fdce_C_Q)         0.141     0.699 r  DB_i/target_moving_0/U0/target_out_reg/Q
                         net (fo=33, routed)          0.754     1.453    DB_i/YK71_Tracker_AXI_0/U0/YK71_Tracker_AXI_slave_lite_v1_0_S00_AXI_inst/YK71_Core_Inst/target_pulse
    SLICE_X36Y95         FDRE                                         r  DB_i/YK71_Tracker_AXI_0/U0/YK71_Tracker_AXI_slave_lite_v1_0_S00_AXI_inst/YK71_Core_Inst/target_pos_out_reg[22]/CE
  -------------------------------------------------------------------    -------------------

                         (clock clk_fpga_0 rise edge)
                                                      0.000     0.000 r  
    PS7_X0Y0             PS7                          0.000     0.000 r  DB_i/processing_system7_0/inst/PS7_i/FCLKCLK[0]
                         net (fo=1, routed)           0.337     0.337    DB_i/processing_system7_0/inst/FCLK_CLK_unbuffered[0]
    BUFGCTRL_X0Y16       BUFG (Prop_bufg_I_O)         0.029     0.366 r  DB_i/processing_system7_0/inst/buffer_fclk_clk_0.FCLK_CLK_0_BUFG/O
                         net (fo=819, routed)         0.824     1.190    DB_i/YK71_Tracker_AXI_0/U0/YK71_Tracker_AXI_slave_lite_v1_0_S00_AXI_inst/YK71_Core_Inst/s00_axi_aclk
    SLICE_X36Y95         FDRE                                         r  DB_i/YK71_Tracker_AXI_0/U0/YK71_Tracker_AXI_slave_lite_v1_0_S00_AXI_inst/YK71_Core_Inst/target_pos_out_reg[22]/C
                         clock pessimism              0.000     1.190    
                         clock uncertainty            0.167     1.357    
    SLICE_X36Y95         FDRE (Hold_fdre_C_CE)       -0.016     1.341    DB_i/YK71_Tracker_AXI_0/U0/YK71_Tracker_AXI_slave_lite_v1_0_S00_AXI_inst/YK71_Core_Inst/target_pos_out_reg[22]
  -------------------------------------------------------------------
                         required time                         -1.341    
                         arrival time                           1.453    
  -------------------------------------------------------------------
                         slack                                  0.112    

Slack (MET) :             0.125ns  (arrival time - required time)
  Source:                 DB_i/target_moving_0/U0/target_out_reg/C
                            (rising edge-triggered cell FDCE clocked by clk_out1_DB_clk_wiz_0_0  {rise@0.000ns fall@1.250ns period=2.500ns})
  Destination:            DB_i/YK71_Tracker_AXI_0/U0/YK71_Tracker_AXI_slave_lite_v1_0_S00_AXI_inst/YK71_Core_Inst/target_sync_1_reg/D
                            (rising edge-triggered cell FDRE clocked by clk_fpga_0  {rise@0.000ns fall@2.000ns period=4.000ns})
  Path Group:             clk_fpga_0
  Path Type:              Hold (Min at Fast Process Corner)
  Requirement:            0.000ns  (clk_fpga_0 rise@0.000ns - clk_out1_DB_clk_wiz_0_0 rise@0.000ns)
  Data Path Delay:        1.009ns  (logic 0.141ns (13.974%)  route 0.868ns (86.026%))
  Logic Levels:           0  
  Clock Path Skew:        0.632ns (DCD - SCD - CPR)
    Destination Clock Delay (DCD):    1.190ns
    Source Clock Delay      (SCD):    0.558ns
    Clock Pessimism Removal (CPR):    -0.000ns
  Clock Uncertainty:      0.167ns  ((TSJ^2 + TIJ^2 + DJ^2)^1/2) / 2 + PE
    Total System Jitter     (TSJ):    0.071ns
    Total Input Jitter      (TIJ):    0.120ns
    Discrete Jitter          (DJ):    0.082ns
    Phase Error              (PE):    0.086ns
  Clock Domain Crossing:  Inter clock paths are considered valid unless explicitly excluded by timing constraints such as set_clock_groups or set_false_path.

    Location             Delay type                Incr(ns)  Path(ns)    Netlist Resource(s)
  -------------------------------------------------------------------    -------------------
                         (clock clk_out1_DB_clk_wiz_0_0 rise edge)
                                                      0.000     0.000 r  
    BUFGCTRL_X0Y16       BUFG                         0.000     0.000 r  DB_i/processing_system7_0/inst/buffer_fclk_clk_0.FCLK_CLK_0_BUFG/O
                         net (fo=819, routed)         0.597     0.597    DB_i/clk_wiz_0/inst/clk_in1
    MMCME2_ADV_X1Y0      MMCME2_ADV (Prop_mmcme2_adv_CLKIN1_CLKOUT0)
                                                     -1.150    -0.553 r  DB_i/clk_wiz_0/inst/mmcm_adv_inst/CLKOUT0
                         net (fo=1, routed)           0.529    -0.024    DB_i/clk_wiz_0/inst/clk_out1_DB_clk_wiz_0_0
    BUFGCTRL_X0Y0        BUFG (Prop_bufg_I_O)         0.026     0.002 r  DB_i/clk_wiz_0/inst/clkout1_buf/O
                         net (fo=87, routed)          0.556     0.558    DB_i/target_moving_0/U0/clk
    SLICE_X37Y89         FDCE                                         r  DB_i/target_moving_0/U0/target_out_reg/C
  -------------------------------------------------------------------    -------------------
    SLICE_X37Y89         FDCE (Prop_fdce_C_Q)         0.141     0.699 r  DB_i/target_moving_0/U0/target_out_reg/Q
                         net (fo=33, routed)          0.868     1.567    DB_i/YK71_Tracker_AXI_0/U0/YK71_Tracker_AXI_slave_lite_v1_0_S00_AXI_inst/YK71_Core_Inst/target_pulse
    SLICE_X38Y96         FDRE                                         r  DB_i/YK71_Tracker_AXI_0/U0/YK71_Tracker_AXI_slave_lite_v1_0_S00_AXI_inst/YK71_Core_Inst/target_sync_1_reg/D
  -------------------------------------------------------------------    -------------------

                         (clock clk_fpga_0 rise edge)
                                                      0.000     0.000 r  
    PS7_X0Y0             PS7                          0.000     0.000 r  DB_i/processing_system7_0/inst/PS7_i/FCLKCLK[0]
                         net (fo=1, routed)           0.337     0.337    DB_i/processing_system7_0/inst/FCLK_CLK_unbuffered[0]
    BUFGCTRL_X0Y16       BUFG (Prop_bufg_I_O)         0.029     0.366 r  DB_i/processing_system7_0/inst/buffer_fclk_clk_0.FCLK_CLK_0_BUFG/O
                         net (fo=819, routed)         0.824     1.190    DB_i/YK71_Tracker_AXI_0/U0/YK71_Tracker_AXI_slave_lite_v1_0_S00_AXI_inst/YK71_Core_Inst/s00_axi_aclk
    SLICE_X38Y96         FDRE                                         r  DB_i/YK71_Tracker_AXI_0/U0/YK71_Tracker_AXI_slave_lite_v1_0_S00_AXI_inst/YK71_Core_Inst/target_sync_1_reg/C
                         clock pessimism              0.000     1.190    
                         clock uncertainty            0.167     1.357    
    SLICE_X38Y96         FDRE (Hold_fdre_C_D)         0.085     1.442    DB_i/YK71_Tracker_AXI_0/U0/YK71_Tracker_AXI_slave_lite_v1_0_S00_AXI_inst/YK71_Core_Inst/target_sync_1_reg
  -------------------------------------------------------------------
                         required time                         -1.442    
                         arrival time                           1.567    
  -------------------------------------------------------------------
                         slack                                  0.125    

Slack (MET) :             0.130ns  (arrival time - required time)
  Source:                 DB_i/target_moving_0/U0/target_out_reg/C
                            (rising edge-triggered cell FDCE clocked by clk_out1_DB_clk_wiz_0_0  {rise@0.000ns fall@1.250ns period=2.500ns})
  Destination:            DB_i/YK71_Tracker_AXI_0/U0/YK71_Tracker_AXI_slave_lite_v1_0_S00_AXI_inst/YK71_Core_Inst/target_pos_out_reg[21]/CE
                            (rising edge-triggered cell FDRE clocked by clk_fpga_0  {rise@0.000ns fall@2.000ns period=4.000ns})
  Path Group:             clk_fpga_0
  Path Type:              Hold (Min at Fast Process Corner)
  Requirement:            0.000ns  (clk_fpga_0 rise@0.000ns - clk_out1_DB_clk_wiz_0_0 rise@0.000ns)
  Data Path Delay:        0.914ns  (logic 0.141ns (15.419%)  route 0.773ns (84.581%))
  Logic Levels:           0  
  Clock Path Skew:        0.634ns (DCD - SCD - CPR)
    Destination Clock Delay (DCD):    1.192ns
    Source Clock Delay      (SCD):    0.558ns
    Clock Pessimism Removal (CPR):    -0.000ns
  Clock Uncertainty:      0.167ns  ((TSJ^2 + TIJ^2 + DJ^2)^1/2) / 2 + PE
    Total System Jitter     (TSJ):    0.071ns
    Total Input Jitter      (TIJ):    0.120ns
    Discrete Jitter          (DJ):    0.082ns
    Phase Error              (PE):    0.086ns
  Clock Domain Crossing:  Inter clock paths are considered valid unless explicitly excluded by timing constraints such as set_clock_groups or set_false_path.

    Location             Delay type                Incr(ns)  Path(ns)    Netlist Resource(s)
  -------------------------------------------------------------------    -------------------
                         (clock clk_out1_DB_clk_wiz_0_0 rise edge)
                                                      0.000     0.000 r  
    BUFGCTRL_X0Y16       BUFG                         0.000     0.000 r  DB_i/processing_system7_0/inst/buffer_fclk_clk_0.FCLK_CLK_0_BUFG/O
                         net (fo=819, routed)         0.597     0.597    DB_i/clk_wiz_0/inst/clk_in1
    MMCME2_ADV_X1Y0      MMCME2_ADV (Prop_mmcme2_adv_CLKIN1_CLKOUT0)
                                                     -1.150    -0.553 r  DB_i/clk_wiz_0/inst/mmcm_adv_inst/CLKOUT0
                         net (fo=1, routed)           0.529    -0.024    DB_i/clk_wiz_0/inst/clk_out1_DB_clk_wiz_0_0
    BUFGCTRL_X0Y0        BUFG (Prop_bufg_I_O)         0.026     0.002 r  DB_i/clk_wiz_0/inst/clkout1_buf/O
                         net (fo=87, routed)          0.556     0.558    DB_i/target_moving_0/U0/clk
    SLICE_X37Y89         FDCE                                         r  DB_i/target_moving_0/U0/target_out_reg/C
  -------------------------------------------------------------------    -------------------
    SLICE_X37Y89         FDCE (Prop_fdce_C_Q)         0.141     0.699 r  DB_i/target_moving_0/U0/target_out_reg/Q
                         net (fo=33, routed)          0.773     1.472    DB_i/YK71_Tracker_AXI_0/U0/YK71_Tracker_AXI_slave_lite_v1_0_S00_AXI_inst/YK71_Core_Inst/target_pulse
    SLICE_X32Y99         FDRE                                         r  DB_i/YK71_Tracker_AXI_0/U0/YK71_Tracker_AXI_slave_lite_v1_0_S00_AXI_inst/YK71_Core_Inst/target_pos_out_reg[21]/CE
  -------------------------------------------------------------------    -------------------

                         (clock clk_fpga_0 rise edge)
                                                      0.000     0.000 r  
    PS7_X0Y0             PS7                          0.000     0.000 r  DB_i/processing_system7_0/inst/PS7_i/FCLKCLK[0]
                         net (fo=1, routed)           0.337     0.337    DB_i/processing_system7_0/inst/FCLK_CLK_unbuffered[0]
    BUFGCTRL_X0Y16       BUFG (Prop_bufg_I_O)         0.029     0.366 r  DB_i/processing_system7_0/inst/buffer_fclk_clk_0.FCLK_CLK_0_BUFG/O
                         net (fo=819, routed)         0.826     1.192    DB_i/YK71_Tracker_AXI_0/U0/YK71_Tracker_AXI_slave_lite_v1_0_S00_AXI_inst/YK71_Core_Inst/s00_axi_aclk
    SLICE_X32Y99         FDRE                                         r  DB_i/YK71_Tracker_AXI_0/U0/YK71_Tracker_AXI_slave_lite_v1_0_S00_AXI_inst/YK71_Core_Inst/target_pos_out_reg[21]/C
                         clock pessimism              0.000     1.192    
                         clock uncertainty            0.167     1.359    
    SLICE_X32Y99         FDRE (Hold_fdre_C_CE)       -0.016     1.343    DB_i/YK71_Tracker_AXI_0/U0/YK71_Tracker_AXI_slave_lite_v1_0_S00_AXI_inst/YK71_Core_Inst/target_pos_out_reg[21]
  -------------------------------------------------------------------
                         required time                         -1.343    
                         arrival time                           1.472    
  -------------------------------------------------------------------
                         slack                                  0.130    

Slack (MET) :             0.130ns  (arrival time - required time)
  Source:                 DB_i/target_moving_0/U0/target_out_reg/C
                            (rising edge-triggered cell FDCE clocked by clk_out1_DB_clk_wiz_0_0  {rise@0.000ns fall@1.250ns period=2.500ns})
  Destination:            DB_i/YK71_Tracker_AXI_0/U0/YK71_Tracker_AXI_slave_lite_v1_0_S00_AXI_inst/YK71_Core_Inst/target_pos_out_reg[23]/CE
                            (rising edge-triggered cell FDRE clocked by clk_fpga_0  {rise@0.000ns fall@2.000ns period=4.000ns})
  Path Group:             clk_fpga_0
  Path Type:              Hold (Min at Fast Process Corner)
  Requirement:            0.000ns  (clk_fpga_0 rise@0.000ns - clk_out1_DB_clk_wiz_0_0 rise@0.000ns)
  Data Path Delay:        0.914ns  (logic 0.141ns (15.419%)  route 0.773ns (84.581%))
  Logic Levels:           0  
  Clock Path Skew:        0.634ns (DCD - SCD - CPR)
    Destination Clock Delay (DCD):    1.192ns
    Source Clock Delay      (SCD):    0.558ns
    Clock Pessimism Removal (CPR):    -0.000ns
  Clock Uncertainty:      0.167ns  ((TSJ^2 + TIJ^2 + DJ^2)^1/2) / 2 + PE
    Total System Jitter     (TSJ):    0.071ns
    Total Input Jitter      (TIJ):    0.120ns
    Discrete Jitter          (DJ):    0.082ns
    Phase Error              (PE):    0.086ns
  Clock Domain Crossing:  Inter clock paths are considered valid unless explicitly excluded by timing constraints such as set_clock_groups or set_false_path.

    Location             Delay type                Incr(ns)  Path(ns)    Netlist Resource(s)
  -------------------------------------------------------------------    -------------------
                         (clock clk_out1_DB_clk_wiz_0_0 rise edge)
                                                      0.000     0.000 r  
    BUFGCTRL_X0Y16       BUFG                         0.000     0.000 r  DB_i/processing_system7_0/inst/buffer_fclk_clk_0.FCLK_CLK_0_BUFG/O
                         net (fo=819, routed)         0.597     0.597    DB_i/clk_wiz_0/inst/clk_in1
    MMCME2_ADV_X1Y0      MMCME2_ADV (Prop_mmcme2_adv_CLKIN1_CLKOUT0)
                                                     -1.150    -0.553 r  DB_i/clk_wiz_0/inst/mmcm_adv_inst/CLKOUT0
                         net (fo=1, routed)           0.529    -0.024    DB_i/clk_wiz_0/inst/clk_out1_DB_clk_wiz_0_0
    BUFGCTRL_X0Y0        BUFG (Prop_bufg_I_O)         0.026     0.002 r  DB_i/clk_wiz_0/inst/clkout1_buf/O
                         net (fo=87, routed)          0.556     0.558    DB_i/target_moving_0/U0/clk
    SLICE_X37Y89         FDCE                                         r  DB_i/target_moving_0/U0/target_out_reg/C
  -------------------------------------------------------------------    -------------------
    SLICE_X37Y89         FDCE (Prop_fdce_C_Q)         0.141     0.699 r  DB_i/target_moving_0/U0/target_out_reg/Q
                         net (fo=33, routed)          0.773     1.472    DB_i/YK71_Tracker_AXI_0/U0/YK71_Tracker_AXI_slave_lite_v1_0_S00_AXI_inst/YK71_Core_Inst/target_pulse
    SLICE_X32Y99         FDRE                                         r  DB_i/YK71_Tracker_AXI_0/U0/YK71_Tracker_AXI_slave_lite_v1_0_S00_AXI_inst/YK71_Core_Inst/target_pos_out_reg[23]/CE
  -------------------------------------------------------------------    -------------------

                         (clock clk_fpga_0 rise edge)
                                                      0.000     0.000 r  
    PS7_X0Y0             PS7                          0.000     0.000 r  DB_i/processing_system7_0/inst/PS7_i/FCLKCLK[0]
                         net (fo=1, routed)           0.337     0.337    DB_i/processing_system7_0/inst/FCLK_CLK_unbuffered[0]
    BUFGCTRL_X0Y16       BUFG (Prop_bufg_I_O)         0.029     0.366 r  DB_i/processing_system7_0/inst/buffer_fclk_clk_0.FCLK_CLK_0_BUFG/O
                         net (fo=819, routed)         0.826     1.192    DB_i/YK71_Tracker_AXI_0/U0/YK71_Tracker_AXI_slave_lite_v1_0_S00_AXI_inst/YK71_Core_Inst/s00_axi_aclk
    SLICE_X32Y99         FDRE                                         r  DB_i/YK71_Tracker_AXI_0/U0/YK71_Tracker_AXI_slave_lite_v1_0_S00_AXI_inst/YK71_Core_Inst/target_pos_out_reg[23]/C
                         clock pessimism              0.000     1.192    
                         clock uncertainty            0.167     1.359    
    SLICE_X32Y99         FDRE (Hold_fdre_C_CE)       -0.016     1.343    DB_i/YK71_Tracker_AXI_0/U0/YK71_Tracker_AXI_slave_lite_v1_0_S00_AXI_inst/YK71_Core_Inst/target_pos_out_reg[23]
  -------------------------------------------------------------------
                         required time                         -1.343    
                         arrival time                           1.472    
  -------------------------------------------------------------------
                         slack                                  0.130    

Slack (MET) :             0.131ns  (arrival time - required time)
  Source:                 DB_i/target_moving_0/U0/target_out_reg/C
                            (rising edge-triggered cell FDCE clocked by clk_out1_DB_clk_wiz_0_0  {rise@0.000ns fall@1.250ns period=2.500ns})
  Destination:            DB_i/YK71_Tracker_AXI_0/U0/YK71_Tracker_AXI_slave_lite_v1_0_S00_AXI_inst/YK71_Core_Inst/target_pos_out_reg[24]/CE
                            (rising edge-triggered cell FDRE clocked by clk_fpga_0  {rise@0.000ns fall@2.000ns period=4.000ns})
  Path Group:             clk_fpga_0
  Path Type:              Hold (Min at Fast Process Corner)
  Requirement:            0.000ns  (clk_fpga_0 rise@0.000ns - clk_out1_DB_clk_wiz_0_0 rise@0.000ns)
  Data Path Delay:        0.893ns  (logic 0.141ns (15.785%)  route 0.752ns (84.215%))
  Logic Levels:           0  
  Clock Path Skew:        0.634ns (DCD - SCD - CPR)
    Destination Clock Delay (DCD):    1.192ns
    Source Clock Delay      (SCD):    0.558ns
    Clock Pessimism Removal (CPR):    -0.000ns
  Clock Uncertainty:      0.167ns  ((TSJ^2 + TIJ^2 + DJ^2)^1/2) / 2 + PE
    Total System Jitter     (TSJ):    0.071ns
    Total Input Jitter      (TIJ):    0.120ns
    Discrete Jitter          (DJ):    0.082ns
    Phase Error              (PE):    0.086ns
  Clock Domain Crossing:  Inter clock paths are considered valid unless explicitly excluded by timing constraints such as set_clock_groups or set_false_path.

    Location             Delay type                Incr(ns)  Path(ns)    Netlist Resource(s)
  -------------------------------------------------------------------    -------------------
                         (clock clk_out1_DB_clk_wiz_0_0 rise edge)
                                                      0.000     0.000 r  
    BUFGCTRL_X0Y16       BUFG                         0.000     0.000 r  DB_i/processing_system7_0/inst/buffer_fclk_clk_0.FCLK_CLK_0_BUFG/O
                         net (fo=819, routed)         0.597     0.597    DB_i/clk_wiz_0/inst/clk_in1
    MMCME2_ADV_X1Y0      MMCME2_ADV (Prop_mmcme2_adv_CLKIN1_CLKOUT0)
                                                     -1.150    -0.553 r  DB_i/clk_wiz_0/inst/mmcm_adv_inst/CLKOUT0
                         net (fo=1, routed)           0.529    -0.024    DB_i/clk_wiz_0/inst/clk_out1_DB_clk_wiz_0_0
    BUFGCTRL_X0Y0        BUFG (Prop_bufg_I_O)         0.026     0.002 r  DB_i/clk_wiz_0/inst/clkout1_buf/O
                         net (fo=87, routed)          0.556     0.558    DB_i/target_moving_0/U0/clk
    SLICE_X37Y89         FDCE                                         r  DB_i/target_moving_0/U0/target_out_reg/C
  -------------------------------------------------------------------    -------------------
    SLICE_X37Y89         FDCE (Prop_fdce_C_Q)         0.141     0.699 r  DB_i/target_moving_0/U0/target_out_reg/Q
                         net (fo=33, routed)          0.752     1.451    DB_i/YK71_Tracker_AXI_0/U0/YK71_Tracker_AXI_slave_lite_v1_0_S00_AXI_inst/YK71_Core_Inst/target_pulse
    SLICE_X33Y99         FDRE                                         r  DB_i/YK71_Tracker_AXI_0/U0/YK71_Tracker_AXI_slave_lite_v1_0_S00_AXI_inst/YK71_Core_Inst/target_pos_out_reg[24]/CE
  -------------------------------------------------------------------    -------------------

                         (clock clk_fpga_0 rise edge)
                                                      0.000     0.000 r  
    PS7_X0Y0             PS7                          0.000     0.000 r  DB_i/processing_system7_0/inst/PS7_i/FCLKCLK[0]
                         net (fo=1, routed)           0.337     0.337    DB_i/processing_system7_0/inst/FCLK_CLK_unbuffered[0]
    BUFGCTRL_X0Y16       BUFG (Prop_bufg_I_O)         0.029     0.366 r  DB_i/processing_system7_0/inst/buffer_fclk_clk_0.FCLK_CLK_0_BUFG/O
                         net (fo=819, routed)         0.826     1.192    DB_i/YK71_Tracker_AXI_0/U0/YK71_Tracker_AXI_slave_lite_v1_0_S00_AXI_inst/YK71_Core_Inst/s00_axi_aclk
    SLICE_X33Y99         FDRE                                         r  DB_i/YK71_Tracker_AXI_0/U0/YK71_Tracker_AXI_slave_lite_v1_0_S00_AXI_inst/YK71_Core_Inst/target_pos_out_reg[24]/C
                         clock pessimism              0.000     1.192    
                         clock uncertainty            0.167     1.359    
    SLICE_X33Y99         FDRE (Hold_fdre_C_CE)       -0.039     1.320    DB_i/YK71_Tracker_AXI_0/U0/YK71_Tracker_AXI_slave_lite_v1_0_S00_AXI_inst/YK71_Core_Inst/target_pos_out_reg[24]
  -------------------------------------------------------------------
                         required time                         -1.320    
                         arrival time                           1.451    
  -------------------------------------------------------------------
                         slack                                  0.131    

Slack (MET) :             0.131ns  (arrival time - required time)
  Source:                 DB_i/target_moving_0/U0/target_out_reg/C
                            (rising edge-triggered cell FDCE clocked by clk_out1_DB_clk_wiz_0_0  {rise@0.000ns fall@1.250ns period=2.500ns})
  Destination:            DB_i/YK71_Tracker_AXI_0/U0/YK71_Tracker_AXI_slave_lite_v1_0_S00_AXI_inst/YK71_Core_Inst/target_pos_out_reg[28]/CE
                            (rising edge-triggered cell FDRE clocked by clk_fpga_0  {rise@0.000ns fall@2.000ns period=4.000ns})
  Path Group:             clk_fpga_0
  Path Type:              Hold (Min at Fast Process Corner)
  Requirement:            0.000ns  (clk_fpga_0 rise@0.000ns - clk_out1_DB_clk_wiz_0_0 rise@0.000ns)
  Data Path Delay:        0.893ns  (logic 0.141ns (15.785%)  route 0.752ns (84.215%))
  Logic Levels:           0  
  Clock Path Skew:        0.634ns (DCD - SCD - CPR)
    Destination Clock Delay (DCD):    1.192ns
    Source Clock Delay      (SCD):    0.558ns
    Clock Pessimism Removal (CPR):    -0.000ns
  Clock Uncertainty:      0.167ns  ((TSJ^2 + TIJ^2 + DJ^2)^1/2) / 2 + PE
    Total System Jitter     (TSJ):    0.071ns
    Total Input Jitter      (TIJ):    0.120ns
    Discrete Jitter          (DJ):    0.082ns
    Phase Error              (PE):    0.086ns
  Clock Domain Crossing:  Inter clock paths are considered valid unless explicitly excluded by timing constraints such as set_clock_groups or set_false_path.

    Location             Delay type                Incr(ns)  Path(ns)    Netlist Resource(s)
  -------------------------------------------------------------------    -------------------
                         (clock clk_out1_DB_clk_wiz_0_0 rise edge)
                                                      0.000     0.000 r  
    BUFGCTRL_X0Y16       BUFG                         0.000     0.000 r  DB_i/processing_system7_0/inst/buffer_fclk_clk_0.FCLK_CLK_0_BUFG/O
                         net (fo=819, routed)         0.597     0.597    DB_i/clk_wiz_0/inst/clk_in1
    MMCME2_ADV_X1Y0      MMCME2_ADV (Prop_mmcme2_adv_CLKIN1_CLKOUT0)
                                                     -1.150    -0.553 r  DB_i/clk_wiz_0/inst/mmcm_adv_inst/CLKOUT0
                         net (fo=1, routed)           0.529    -0.024    DB_i/clk_wiz_0/inst/clk_out1_DB_clk_wiz_0_0
    BUFGCTRL_X0Y0        BUFG (Prop_bufg_I_O)         0.026     0.002 r  DB_i/clk_wiz_0/inst/clkout1_buf/O
                         net (fo=87, routed)          0.556     0.558    DB_i/target_moving_0/U0/clk
    SLICE_X37Y89         FDCE                                         r  DB_i/target_moving_0/U0/target_out_reg/C
  -------------------------------------------------------------------    -------------------
    SLICE_X37Y89         FDCE (Prop_fdce_C_Q)         0.141     0.699 r  DB_i/target_moving_0/U0/target_out_reg/Q
                         net (fo=33, routed)          0.752     1.451    DB_i/YK71_Tracker_AXI_0/U0/YK71_Tracker_AXI_slave_lite_v1_0_S00_AXI_inst/YK71_Core_Inst/target_pulse
    SLICE_X33Y99         FDRE                                         r  DB_i/YK71_Tracker_AXI_0/U0/YK71_Tracker_AXI_slave_lite_v1_0_S00_AXI_inst/YK71_Core_Inst/target_pos_out_reg[28]/CE
  -------------------------------------------------------------------    -------------------

                         (clock clk_fpga_0 rise edge)
                                                      0.000     0.000 r  
    PS7_X0Y0             PS7                          0.000     0.000 r  DB_i/processing_system7_0/inst/PS7_i/FCLKCLK[0]
                         net (fo=1, routed)           0.337     0.337    DB_i/processing_system7_0/inst/FCLK_CLK_unbuffered[0]
    BUFGCTRL_X0Y16       BUFG (Prop_bufg_I_O)         0.029     0.366 r  DB_i/processing_system7_0/inst/buffer_fclk_clk_0.FCLK_CLK_0_BUFG/O
                         net (fo=819, routed)         0.826     1.192    DB_i/YK71_Tracker_AXI_0/U0/YK71_Tracker_AXI_slave_lite_v1_0_S00_AXI_inst/YK71_Core_Inst/s00_axi_aclk
    SLICE_X33Y99         FDRE                                         r  DB_i/YK71_Tracker_AXI_0/U0/YK71_Tracker_AXI_slave_lite_v1_0_S00_AXI_inst/YK71_Core_Inst/target_pos_out_reg[28]/C
                         clock pessimism              0.000     1.192    
                         clock uncertainty            0.167     1.359    
    SLICE_X33Y99         FDRE (Hold_fdre_C_CE)       -0.039     1.320    DB_i/YK71_Tracker_AXI_0/U0/YK71_Tracker_AXI_slave_lite_v1_0_S00_AXI_inst/YK71_Core_Inst/target_pos_out_reg[28]
  -------------------------------------------------------------------
                         required time                         -1.320    
                         arrival time                           1.451    
  -------------------------------------------------------------------
                         slack                                  0.131    

Slack (MET) :             0.136ns  (arrival time - required time)
  Source:                 DB_i/target_moving_0/U0/target_out_reg/C
                            (rising edge-triggered cell FDCE clocked by clk_out1_DB_clk_wiz_0_0  {rise@0.000ns fall@1.250ns period=2.500ns})
  Destination:            DB_i/YK71_Tracker_AXI_0/U0/YK71_Tracker_AXI_slave_lite_v1_0_S00_AXI_inst/YK71_Core_Inst/target_pos_out_reg[15]/CE
                            (rising edge-triggered cell FDRE clocked by clk_fpga_0  {rise@0.000ns fall@2.000ns period=4.000ns})
  Path Group:             clk_fpga_0
  Path Type:              Hold (Min at Fast Process Corner)
  Requirement:            0.000ns  (clk_fpga_0 rise@0.000ns - clk_out1_DB_clk_wiz_0_0 rise@0.000ns)
  Data Path Delay:        0.920ns  (logic 0.141ns (15.319%)  route 0.779ns (84.681%))
  Logic Levels:           0  
  Clock Path Skew:        0.633ns (DCD - SCD - CPR)
    Destination Clock Delay (DCD):    1.191ns
    Source Clock Delay      (SCD):    0.558ns
    Clock Pessimism Removal (CPR):    -0.000ns
  Clock Uncertainty:      0.167ns  ((TSJ^2 + TIJ^2 + DJ^2)^1/2) / 2 + PE
    Total System Jitter     (TSJ):    0.071ns
    Total Input Jitter      (TIJ):    0.120ns
    Discrete Jitter          (DJ):    0.082ns
    Phase Error              (PE):    0.086ns
  Clock Domain Crossing:  Inter clock paths are considered valid unless explicitly excluded by timing constraints such as set_clock_groups or set_false_path.

    Location             Delay type                Incr(ns)  Path(ns)    Netlist Resource(s)
  -------------------------------------------------------------------    -------------------
                         (clock clk_out1_DB_clk_wiz_0_0 rise edge)
                                                      0.000     0.000 r  
    BUFGCTRL_X0Y16       BUFG                         0.000     0.000 r  DB_i/processing_system7_0/inst/buffer_fclk_clk_0.FCLK_CLK_0_BUFG/O
                         net (fo=819, routed)         0.597     0.597    DB_i/clk_wiz_0/inst/clk_in1
    MMCME2_ADV_X1Y0      MMCME2_ADV (Prop_mmcme2_adv_CLKIN1_CLKOUT0)
                                                     -1.150    -0.553 r  DB_i/clk_wiz_0/inst/mmcm_adv_inst/CLKOUT0
                         net (fo=1, routed)           0.529    -0.024    DB_i/clk_wiz_0/inst/clk_out1_DB_clk_wiz_0_0
    BUFGCTRL_X0Y0        BUFG (Prop_bufg_I_O)         0.026     0.002 r  DB_i/clk_wiz_0/inst/clkout1_buf/O
                         net (fo=87, routed)          0.556     0.558    DB_i/target_moving_0/U0/clk
    SLICE_X37Y89         FDCE                                         r  DB_i/target_moving_0/U0/target_out_reg/C
  -------------------------------------------------------------------    -------------------
    SLICE_X37Y89         FDCE (Prop_fdce_C_Q)         0.141     0.699 r  DB_i/target_moving_0/U0/target_out_reg/Q
                         net (fo=33, routed)          0.779     1.478    DB_i/YK71_Tracker_AXI_0/U0/YK71_Tracker_AXI_slave_lite_v1_0_S00_AXI_inst/YK71_Core_Inst/target_pulse
    SLICE_X32Y95         FDRE                                         r  DB_i/YK71_Tracker_AXI_0/U0/YK71_Tracker_AXI_slave_lite_v1_0_S00_AXI_inst/YK71_Core_Inst/target_pos_out_reg[15]/CE
  -------------------------------------------------------------------    -------------------

                         (clock clk_fpga_0 rise edge)
                                                      0.000     0.000 r  
    PS7_X0Y0             PS7                          0.000     0.000 r  DB_i/processing_system7_0/inst/PS7_i/FCLKCLK[0]
                         net (fo=1, routed)           0.337     0.337    DB_i/processing_system7_0/inst/FCLK_CLK_unbuffered[0]
    BUFGCTRL_X0Y16       BUFG (Prop_bufg_I_O)         0.029     0.366 r  DB_i/processing_system7_0/inst/buffer_fclk_clk_0.FCLK_CLK_0_BUFG/O
                         net (fo=819, routed)         0.825     1.191    DB_i/YK71_Tracker_AXI_0/U0/YK71_Tracker_AXI_slave_lite_v1_0_S00_AXI_inst/YK71_Core_Inst/s00_axi_aclk
    SLICE_X32Y95         FDRE                                         r  DB_i/YK71_Tracker_AXI_0/U0/YK71_Tracker_AXI_slave_lite_v1_0_S00_AXI_inst/YK71_Core_Inst/target_pos_out_reg[15]/C
                         clock pessimism              0.000     1.191    
                         clock uncertainty            0.167     1.358    
    SLICE_X32Y95         FDRE (Hold_fdre_C_CE)       -0.016     1.342    DB_i/YK71_Tracker_AXI_0/U0/YK71_Tracker_AXI_slave_lite_v1_0_S00_AXI_inst/YK71_Core_Inst/target_pos_out_reg[15]
  -------------------------------------------------------------------
                         required time                         -1.342    
                         arrival time                           1.478    
  -------------------------------------------------------------------
                         slack                                  0.136    

Slack (MET) :             0.136ns  (arrival time - required time)
  Source:                 DB_i/target_moving_0/U0/target_out_reg/C
                            (rising edge-triggered cell FDCE clocked by clk_out1_DB_clk_wiz_0_0  {rise@0.000ns fall@1.250ns period=2.500ns})
  Destination:            DB_i/YK71_Tracker_AXI_0/U0/YK71_Tracker_AXI_slave_lite_v1_0_S00_AXI_inst/YK71_Core_Inst/target_pos_out_reg[17]/CE
                            (rising edge-triggered cell FDRE clocked by clk_fpga_0  {rise@0.000ns fall@2.000ns period=4.000ns})
  Path Group:             clk_fpga_0
  Path Type:              Hold (Min at Fast Process Corner)
  Requirement:            0.000ns  (clk_fpga_0 rise@0.000ns - clk_out1_DB_clk_wiz_0_0 rise@0.000ns)
  Data Path Delay:        0.920ns  (logic 0.141ns (15.319%)  route 0.779ns (84.681%))
  Logic Levels:           0  
  Clock Path Skew:        0.633ns (DCD - SCD - CPR)
    Destination Clock Delay (DCD):    1.191ns
    Source Clock Delay      (SCD):    0.558ns
    Clock Pessimism Removal (CPR):    -0.000ns
  Clock Uncertainty:      0.167ns  ((TSJ^2 + TIJ^2 + DJ^2)^1/2) / 2 + PE
    Total System Jitter     (TSJ):    0.071ns
    Total Input Jitter      (TIJ):    0.120ns
    Discrete Jitter          (DJ):    0.082ns
    Phase Error              (PE):    0.086ns
  Clock Domain Crossing:  Inter clock paths are considered valid unless explicitly excluded by timing constraints such as set_clock_groups or set_false_path.

    Location             Delay type                Incr(ns)  Path(ns)    Netlist Resource(s)
  -------------------------------------------------------------------    -------------------
                         (clock clk_out1_DB_clk_wiz_0_0 rise edge)
                                                      0.000     0.000 r  
    BUFGCTRL_X0Y16       BUFG                         0.000     0.000 r  DB_i/processing_system7_0/inst/buffer_fclk_clk_0.FCLK_CLK_0_BUFG/O
                         net (fo=819, routed)         0.597     0.597    DB_i/clk_wiz_0/inst/clk_in1
    MMCME2_ADV_X1Y0      MMCME2_ADV (Prop_mmcme2_adv_CLKIN1_CLKOUT0)
                                                     -1.150    -0.553 r  DB_i/clk_wiz_0/inst/mmcm_adv_inst/CLKOUT0
                         net (fo=1, routed)           0.529    -0.024    DB_i/clk_wiz_0/inst/clk_out1_DB_clk_wiz_0_0
    BUFGCTRL_X0Y0        BUFG (Prop_bufg_I_O)         0.026     0.002 r  DB_i/clk_wiz_0/inst/clkout1_buf/O
                         net (fo=87, routed)          0.556     0.558    DB_i/target_moving_0/U0/clk
    SLICE_X37Y89         FDCE                                         r  DB_i/target_moving_0/U0/target_out_reg/C
  -------------------------------------------------------------------    -------------------
    SLICE_X37Y89         FDCE (Prop_fdce_C_Q)         0.141     0.699 r  DB_i/target_moving_0/U0/target_out_reg/Q
                         net (fo=33, routed)          0.779     1.478    DB_i/YK71_Tracker_AXI_0/U0/YK71_Tracker_AXI_slave_lite_v1_0_S00_AXI_inst/YK71_Core_Inst/target_pulse
    SLICE_X32Y95         FDRE                                         r  DB_i/YK71_Tracker_AXI_0/U0/YK71_Tracker_AXI_slave_lite_v1_0_S00_AXI_inst/YK71_Core_Inst/target_pos_out_reg[17]/CE
  -------------------------------------------------------------------    -------------------

                         (clock clk_fpga_0 rise edge)
                                                      0.000     0.000 r  
    PS7_X0Y0             PS7                          0.000     0.000 r  DB_i/processing_system7_0/inst/PS7_i/FCLKCLK[0]
                         net (fo=1, routed)           0.337     0.337    DB_i/processing_system7_0/inst/FCLK_CLK_unbuffered[0]
    BUFGCTRL_X0Y16       BUFG (Prop_bufg_I_O)         0.029     0.366 r  DB_i/processing_system7_0/inst/buffer_fclk_clk_0.FCLK_CLK_0_BUFG/O
                         net (fo=819, routed)         0.825     1.191    DB_i/YK71_Tracker_AXI_0/U0/YK71_Tracker_AXI_slave_lite_v1_0_S00_AXI_inst/YK71_Core_Inst/s00_axi_aclk
    SLICE_X32Y95         FDRE                                         r  DB_i/YK71_Tracker_AXI_0/U0/YK71_Tracker_AXI_slave_lite_v1_0_S00_AXI_inst/YK71_Core_Inst/target_pos_out_reg[17]/C
                         clock pessimism              0.000     1.191    
                         clock uncertainty            0.167     1.358    
    SLICE_X32Y95         FDRE (Hold_fdre_C_CE)       -0.016     1.342    DB_i/YK71_Tracker_AXI_0/U0/YK71_Tracker_AXI_slave_lite_v1_0_S00_AXI_inst/YK71_Core_Inst/target_pos_out_reg[17]
  -------------------------------------------------------------------
                         required time                         -1.342    
                         arrival time                           1.478    
  -------------------------------------------------------------------
                         slack                                  0.136    

Slack (MET) :             0.136ns  (arrival time - required time)
  Source:                 DB_i/target_moving_0/U0/target_out_reg/C
                            (rising edge-triggered cell FDCE clocked by clk_out1_DB_clk_wiz_0_0  {rise@0.000ns fall@1.250ns period=2.500ns})
  Destination:            DB_i/YK71_Tracker_AXI_0/U0/YK71_Tracker_AXI_slave_lite_v1_0_S00_AXI_inst/YK71_Core_Inst/target_pos_out_reg[20]/CE
                            (rising edge-triggered cell FDRE clocked by clk_fpga_0  {rise@0.000ns fall@2.000ns period=4.000ns})
  Path Group:             clk_fpga_0
  Path Type:              Hold (Min at Fast Process Corner)
  Requirement:            0.000ns  (clk_fpga_0 rise@0.000ns - clk_out1_DB_clk_wiz_0_0 rise@0.000ns)
  Data Path Delay:        0.920ns  (logic 0.141ns (15.319%)  route 0.779ns (84.681%))
  Logic Levels:           0  
  Clock Path Skew:        0.633ns (DCD - SCD - CPR)
    Destination Clock Delay (DCD):    1.191ns
    Source Clock Delay      (SCD):    0.558ns
    Clock Pessimism Removal (CPR):    -0.000ns
  Clock Uncertainty:      0.167ns  ((TSJ^2 + TIJ^2 + DJ^2)^1/2) / 2 + PE
    Total System Jitter     (TSJ):    0.071ns
    Total Input Jitter      (TIJ):    0.120ns
    Discrete Jitter          (DJ):    0.082ns
    Phase Error              (PE):    0.086ns
  Clock Domain Crossing:  Inter clock paths are considered valid unless explicitly excluded by timing constraints such as set_clock_groups or set_false_path.

    Location             Delay type                Incr(ns)  Path(ns)    Netlist Resource(s)
  -------------------------------------------------------------------    -------------------
                         (clock clk_out1_DB_clk_wiz_0_0 rise edge)
                                                      0.000     0.000 r  
    BUFGCTRL_X0Y16       BUFG                         0.000     0.000 r  DB_i/processing_system7_0/inst/buffer_fclk_clk_0.FCLK_CLK_0_BUFG/O
                         net (fo=819, routed)         0.597     0.597    DB_i/clk_wiz_0/inst/clk_in1
    MMCME2_ADV_X1Y0      MMCME2_ADV (Prop_mmcme2_adv_CLKIN1_CLKOUT0)
                                                     -1.150    -0.553 r  DB_i/clk_wiz_0/inst/mmcm_adv_inst/CLKOUT0
                         net (fo=1, routed)           0.529    -0.024    DB_i/clk_wiz_0/inst/clk_out1_DB_clk_wiz_0_0
    BUFGCTRL_X0Y0        BUFG (Prop_bufg_I_O)         0.026     0.002 r  DB_i/clk_wiz_0/inst/clkout1_buf/O
                         net (fo=87, routed)          0.556     0.558    DB_i/target_moving_0/U0/clk
    SLICE_X37Y89         FDCE                                         r  DB_i/target_moving_0/U0/target_out_reg/C
  -------------------------------------------------------------------    -------------------
    SLICE_X37Y89         FDCE (Prop_fdce_C_Q)         0.141     0.699 r  DB_i/target_moving_0/U0/target_out_reg/Q
                         net (fo=33, routed)          0.779     1.478    DB_i/YK71_Tracker_AXI_0/U0/YK71_Tracker_AXI_slave_lite_v1_0_S00_AXI_inst/YK71_Core_Inst/target_pulse
    SLICE_X32Y95         FDRE                                         r  DB_i/YK71_Tracker_AXI_0/U0/YK71_Tracker_AXI_slave_lite_v1_0_S00_AXI_inst/YK71_Core_Inst/target_pos_out_reg[20]/CE
  -------------------------------------------------------------------    -------------------

                         (clock clk_fpga_0 rise edge)
                                                      0.000     0.000 r  
    PS7_X0Y0             PS7                          0.000     0.000 r  DB_i/processing_system7_0/inst/PS7_i/FCLKCLK[0]
                         net (fo=1, routed)           0.337     0.337    DB_i/processing_system7_0/inst/FCLK_CLK_unbuffered[0]
    BUFGCTRL_X0Y16       BUFG (Prop_bufg_I_O)         0.029     0.366 r  DB_i/processing_system7_0/inst/buffer_fclk_clk_0.FCLK_CLK_0_BUFG/O
                         net (fo=819, routed)         0.825     1.191    DB_i/YK71_Tracker_AXI_0/U0/YK71_Tracker_AXI_slave_lite_v1_0_S00_AXI_inst/YK71_Core_Inst/s00_axi_aclk
    SLICE_X32Y95         FDRE                                         r  DB_i/YK71_Tracker_AXI_0/U0/YK71_Tracker_AXI_slave_lite_v1_0_S00_AXI_inst/YK71_Core_Inst/target_pos_out_reg[20]/C
                         clock pessimism              0.000     1.191    
                         clock uncertainty            0.167     1.358    
    SLICE_X32Y95         FDRE (Hold_fdre_C_CE)       -0.016     1.342    DB_i/YK71_Tracker_AXI_0/U0/YK71_Tracker_AXI_slave_lite_v1_0_S00_AXI_inst/YK71_Core_Inst/target_pos_out_reg[20]
  -------------------------------------------------------------------
                         required time                         -1.342    
                         arrival time                           1.478    
  -------------------------------------------------------------------
                         slack                                  0.136    





--------------------------------------------------------------------------------------
Path Group:  (none)
From Clock:  
  To Clock:  clk_fpga_0

Max Delay             1 Endpoint
Min Delay             1 Endpoint
--------------------------------------------------------------------------------------


Max Delay Paths
--------------------------------------------------------------------------------------
Slack:                    inf
  Source:                 DB_i/processing_system7_0/inst/PS7_i/FCLKRESETN[0]
                            (internal pin)
  Destination:            DB_i/rst_ps7_0_250M/U0/EXT_LPF/ACTIVE_LOW_EXT.ACT_LO_EXT/GENERATE_LEVEL_P_S_CDC.SINGLE_BIT.CROSS_PLEVEL_IN2SCNDRY_IN_cdc_to/D
                            (rising edge-triggered cell FDRE clocked by clk_fpga_0  {rise@0.000ns fall@2.000ns period=4.000ns})
  Path Group:             (none)
  Path Type:              Setup (Max at Slow Process Corner)
  Data Path Delay:        1.494ns  (logic 0.124ns (8.298%)  route 1.370ns (91.702%))
  Logic Levels:           1  (LUT1=1)
  Clock Uncertainty:      0.065ns  ((TSJ^2 + TIJ^2)^1/2 + DJ) / 2 + PE
    Total System Jitter     (TSJ):    0.050ns
    Total Input Jitter      (TIJ):    0.120ns
    Discrete Jitter          (DJ):    0.000ns
    Phase Error              (PE):    0.000ns
  Timing Exception:       False Path

    Location             Delay type                Incr(ns)  Path(ns)    Netlist Resource(s)
  -------------------------------------------------------------------    -------------------
    PS7_X0Y0             PS7                          0.000     0.000 f  DB_i/processing_system7_0/inst/PS7_i/FCLKRESETN[0]
                         net (fo=1, routed)           1.370     1.370    DB_i/rst_ps7_0_250M/U0/EXT_LPF/ACTIVE_LOW_EXT.ACT_LO_EXT/ext_reset_in
    SLICE_X39Y86         LUT1 (Prop_lut1_I0_O)        0.124     1.494 r  DB_i/rst_ps7_0_250M/U0/EXT_LPF/ACTIVE_LOW_EXT.ACT_LO_EXT/GENERATE_LEVEL_P_S_CDC.SINGLE_BIT.CROSS_PLEVEL_IN2SCNDRY_IN_cdc_to_i_1/O
                         net (fo=1, routed)           0.000     1.494    DB_i/rst_ps7_0_250M/U0/EXT_LPF/ACTIVE_LOW_EXT.ACT_LO_EXT/exr_d1
    SLICE_X39Y86         FDRE                                         r  DB_i/rst_ps7_0_250M/U0/EXT_LPF/ACTIVE_LOW_EXT.ACT_LO_EXT/GENERATE_LEVEL_P_S_CDC.SINGLE_BIT.CROSS_PLEVEL_IN2SCNDRY_IN_cdc_to/D
  -------------------------------------------------------------------    -------------------

                         (clock clk_fpga_0 rise edge)
                                                      0.000     0.000 r  
    PS7_X0Y0             PS7                          0.000     0.000 r  DB_i/processing_system7_0/inst/PS7_i/FCLKCLK[0]
                         net (fo=1, routed)           1.088     1.088    DB_i/processing_system7_0/inst/FCLK_CLK_unbuffered[0]
    BUFGCTRL_X0Y16       BUFG (Prop_bufg_I_O)         0.091     1.179 r  DB_i/processing_system7_0/inst/buffer_fclk_clk_0.FCLK_CLK_0_BUFG/O
                         net (fo=819, routed)         1.474     2.653    DB_i/rst_ps7_0_250M/U0/EXT_LPF/ACTIVE_LOW_EXT.ACT_LO_EXT/slowest_sync_clk
    SLICE_X39Y86         FDRE                                         r  DB_i/rst_ps7_0_250M/U0/EXT_LPF/ACTIVE_LOW_EXT.ACT_LO_EXT/GENERATE_LEVEL_P_S_CDC.SINGLE_BIT.CROSS_PLEVEL_IN2SCNDRY_IN_cdc_to/C





Min Delay Paths
--------------------------------------------------------------------------------------
Slack:                    inf
  Source:                 DB_i/processing_system7_0/inst/PS7_i/FCLKRESETN[0]
                            (internal pin)
  Destination:            DB_i/rst_ps7_0_250M/U0/EXT_LPF/ACTIVE_LOW_EXT.ACT_LO_EXT/GENERATE_LEVEL_P_S_CDC.SINGLE_BIT.CROSS_PLEVEL_IN2SCNDRY_IN_cdc_to/D
                            (rising edge-triggered cell FDRE clocked by clk_fpga_0  {rise@0.000ns fall@2.000ns period=4.000ns})
  Path Group:             (none)
  Path Type:              Hold (Min at Fast Process Corner)
  Data Path Delay:        0.593ns  (logic 0.045ns (7.585%)  route 0.548ns (92.415%))
  Logic Levels:           1  (LUT1=1)
  Clock Uncertainty:      0.065ns  ((TSJ^2 + TIJ^2)^1/2 + DJ) / 2 + PE
    Total System Jitter     (TSJ):    0.050ns
    Total Input Jitter      (TIJ):    0.120ns
    Discrete Jitter          (DJ):    0.000ns
    Phase Error              (PE):    0.000ns
  Timing Exception:       False Path

    Location             Delay type                Incr(ns)  Path(ns)    Netlist Resource(s)
  -------------------------------------------------------------------    -------------------
    PS7_X0Y0             PS7                          0.000     0.000 f  DB_i/processing_system7_0/inst/PS7_i/FCLKRESETN[0]
                         net (fo=1, routed)           0.548     0.548    DB_i/rst_ps7_0_250M/U0/EXT_LPF/ACTIVE_LOW_EXT.ACT_LO_EXT/ext_reset_in
    SLICE_X39Y86         LUT1 (Prop_lut1_I0_O)        0.045     0.593 r  DB_i/rst_ps7_0_250M/U0/EXT_LPF/ACTIVE_LOW_EXT.ACT_LO_EXT/GENERATE_LEVEL_P_S_CDC.SINGLE_BIT.CROSS_PLEVEL_IN2SCNDRY_IN_cdc_to_i_1/O
                         net (fo=1, routed)           0.000     0.593    DB_i/rst_ps7_0_250M/U0/EXT_LPF/ACTIVE_LOW_EXT.ACT_LO_EXT/exr_d1
    SLICE_X39Y86         FDRE                                         r  DB_i/rst_ps7_0_250M/U0/EXT_LPF/ACTIVE_LOW_EXT.ACT_LO_EXT/GENERATE_LEVEL_P_S_CDC.SINGLE_BIT.CROSS_PLEVEL_IN2SCNDRY_IN_cdc_to/D
  -------------------------------------------------------------------    -------------------

                         (clock clk_fpga_0 rise edge)
                                                      0.000     0.000 r  
    PS7_X0Y0             PS7                          0.000     0.000 r  DB_i/processing_system7_0/inst/PS7_i/FCLKCLK[0]
                         net (fo=1, routed)           0.337     0.337    DB_i/processing_system7_0/inst/FCLK_CLK_unbuffered[0]
    BUFGCTRL_X0Y16       BUFG (Prop_bufg_I_O)         0.029     0.366 r  DB_i/processing_system7_0/inst/buffer_fclk_clk_0.FCLK_CLK_0_BUFG/O
                         net (fo=819, routed)         0.819     1.185    DB_i/rst_ps7_0_250M/U0/EXT_LPF/ACTIVE_LOW_EXT.ACT_LO_EXT/slowest_sync_clk
    SLICE_X39Y86         FDRE                                         r  DB_i/rst_ps7_0_250M/U0/EXT_LPF/ACTIVE_LOW_EXT.ACT_LO_EXT/GENERATE_LEVEL_P_S_CDC.SINGLE_BIT.CROSS_PLEVEL_IN2SCNDRY_IN_cdc_to/C





--------------------------------------------------------------------------------------
Path Group:  (none)
From Clock:  clk_fpga_0
  To Clock:  clk_fpga_0

Max Delay            28 Endpoints
Min Delay            28 Endpoints
--------------------------------------------------------------------------------------


Max Delay Paths
--------------------------------------------------------------------------------------
Slack:                    inf
  Source:                 DB_i/axi_smc/inst/clk_map/psr_aclk/U0/ACTIVE_LOW_BSR_OUT_DFF[0].FDRE_BSR_N/C
                            (rising edge-triggered cell FDRE clocked by clk_fpga_0  {rise@0.000ns fall@2.000ns period=4.000ns})
  Destination:            <hidden>
                            (recovery check against rising-edge clock clk_fpga_0  {rise@0.000ns fall@2.000ns period=4.000ns})
  Path Group:             (none)
  Path Type:              Recovery (Max at Slow Process Corner)
  Data Path Delay:        3.117ns  (logic 0.642ns (20.596%)  route 2.475ns (79.404%))
  Logic Levels:           1  (LUT1=1)
  Clock Path Skew:        -0.112ns (DCD - SCD + CPR)
    Destination Clock Delay (DCD):    2.832ns
    Source Clock Delay      (SCD):    2.944ns
    Clock Pessimism Removal (CPR):    0.000ns
  Clock Uncertainty:      0.070ns  ((TSJ^2 + TIJ^2)^1/2 + DJ) / 2 + PE
    Total System Jitter     (TSJ):    0.071ns
    Total Input Jitter      (TIJ):    0.120ns
    Discrete Jitter          (DJ):    0.000ns
    Phase Error              (PE):    0.000ns
  Timing Exception:       False Path

    Location             Delay type                Incr(ns)  Path(ns)    Netlist Resource(s)
  -------------------------------------------------------------------    -------------------
                         (clock clk_fpga_0 rise edge)
                                                      0.000     0.000 r  
    PS7_X0Y0             PS7                          0.000     0.000 r  DB_i/processing_system7_0/inst/PS7_i/FCLKCLK[0]
                         net (fo=1, routed)           1.193     1.193    DB_i/processing_system7_0/inst/FCLK_CLK_unbuffered[0]
    BUFGCTRL_X0Y16       BUFG (Prop_bufg_I_O)         0.101     1.294 r  DB_i/processing_system7_0/inst/buffer_fclk_clk_0.FCLK_CLK_0_BUFG/O
                         net (fo=819, routed)         1.650     2.944    DB_i/axi_smc/inst/clk_map/psr_aclk/U0/aclk
    SLICE_X38Y90         FDRE                                         r  DB_i/axi_smc/inst/clk_map/psr_aclk/U0/ACTIVE_LOW_BSR_OUT_DFF[0].FDRE_BSR_N/C
  -------------------------------------------------------------------    -------------------
    SLICE_X38Y90         FDRE (Prop_fdre_C_Q)         0.518     3.462 r  DB_i/axi_smc/inst/clk_map/psr_aclk/U0/ACTIVE_LOW_BSR_OUT_DFF[0].FDRE_BSR_N/Q
                         net (fo=9, routed)           1.690     5.152    <hidden>
    SLICE_X39Y103        LUT1 (Prop_lut1_I0_O)        0.124     5.276 f  <hidden>
                         net (fo=3, routed)           0.785     6.061    <hidden>
    SLICE_X39Y103        FDCE                                         f  <hidden>
  -------------------------------------------------------------------    -------------------

                         (clock clk_fpga_0 rise edge)
                                                      0.000     0.000 r  
    PS7_X0Y0             PS7                          0.000     0.000 r  DB_i/processing_system7_0/inst/PS7_i/FCLKCLK[0]
                         net (fo=1, routed)           1.088     1.088    DB_i/processing_system7_0/inst/FCLK_CLK_unbuffered[0]
    BUFGCTRL_X0Y16       BUFG (Prop_bufg_I_O)         0.091     1.179 r  DB_i/processing_system7_0/inst/buffer_fclk_clk_0.FCLK_CLK_0_BUFG/O
                         net (fo=819, routed)         1.653     2.832    <hidden>
    SLICE_X39Y103        FDCE                                         r  <hidden>

Slack:                    inf
  Source:                 DB_i/axi_smc/inst/clk_map/psr_aclk/U0/ACTIVE_LOW_BSR_OUT_DFF[0].FDRE_BSR_N/C
                            (rising edge-triggered cell FDRE clocked by clk_fpga_0  {rise@0.000ns fall@2.000ns period=4.000ns})
  Destination:            <hidden>
                            (recovery check against rising-edge clock clk_fpga_0  {rise@0.000ns fall@2.000ns period=4.000ns})
  Path Group:             (none)
  Path Type:              Recovery (Max at Slow Process Corner)
  Data Path Delay:        3.117ns  (logic 0.642ns (20.596%)  route 2.475ns (79.404%))
  Logic Levels:           1  (LUT1=1)
  Clock Path Skew:        -0.112ns (DCD - SCD + CPR)
    Destination Clock Delay (DCD):    2.832ns
    Source Clock Delay      (SCD):    2.944ns
    Clock Pessimism Removal (CPR):    0.000ns
  Clock Uncertainty:      0.070ns  ((TSJ^2 + TIJ^2)^1/2 + DJ) / 2 + PE
    Total System Jitter     (TSJ):    0.071ns
    Total Input Jitter      (TIJ):    0.120ns
    Discrete Jitter          (DJ):    0.000ns
    Phase Error              (PE):    0.000ns
  Timing Exception:       False Path

    Location             Delay type                Incr(ns)  Path(ns)    Netlist Resource(s)
  -------------------------------------------------------------------    -------------------
                         (clock clk_fpga_0 rise edge)
                                                      0.000     0.000 r  
    PS7_X0Y0             PS7                          0.000     0.000 r  DB_i/processing_system7_0/inst/PS7_i/FCLKCLK[0]
                         net (fo=1, routed)           1.193     1.193    DB_i/processing_system7_0/inst/FCLK_CLK_unbuffered[0]
    BUFGCTRL_X0Y16       BUFG (Prop_bufg_I_O)         0.101     1.294 r  DB_i/processing_system7_0/inst/buffer_fclk_clk_0.FCLK_CLK_0_BUFG/O
                         net (fo=819, routed)         1.650     2.944    DB_i/axi_smc/inst/clk_map/psr_aclk/U0/aclk
    SLICE_X38Y90         FDRE                                         r  DB_i/axi_smc/inst/clk_map/psr_aclk/U0/ACTIVE_LOW_BSR_OUT_DFF[0].FDRE_BSR_N/C
  -------------------------------------------------------------------    -------------------
    SLICE_X38Y90         FDRE (Prop_fdre_C_Q)         0.518     3.462 r  DB_i/axi_smc/inst/clk_map/psr_aclk/U0/ACTIVE_LOW_BSR_OUT_DFF[0].FDRE_BSR_N/Q
                         net (fo=9, routed)           1.690     5.152    <hidden>
    SLICE_X39Y103        LUT1 (Prop_lut1_I0_O)        0.124     5.276 f  <hidden>
                         net (fo=3, routed)           0.785     6.061    <hidden>
    SLICE_X39Y103        FDCE                                         f  <hidden>
  -------------------------------------------------------------------    -------------------

                         (clock clk_fpga_0 rise edge)
                                                      0.000     0.000 r  
    PS7_X0Y0             PS7                          0.000     0.000 r  DB_i/processing_system7_0/inst/PS7_i/FCLKCLK[0]
                         net (fo=1, routed)           1.088     1.088    DB_i/processing_system7_0/inst/FCLK_CLK_unbuffered[0]
    BUFGCTRL_X0Y16       BUFG (Prop_bufg_I_O)         0.091     1.179 r  DB_i/processing_system7_0/inst/buffer_fclk_clk_0.FCLK_CLK_0_BUFG/O
                         net (fo=819, routed)         1.653     2.832    <hidden>
    SLICE_X39Y103        FDCE                                         r  <hidden>

Slack:                    inf
  Source:                 DB_i/axi_smc/inst/clk_map/psr_aclk/U0/ACTIVE_LOW_BSR_OUT_DFF[0].FDRE_BSR_N/C
                            (rising edge-triggered cell FDRE clocked by clk_fpga_0  {rise@0.000ns fall@2.000ns period=4.000ns})
  Destination:            <hidden>
                            (recovery check against rising-edge clock clk_fpga_0  {rise@0.000ns fall@2.000ns period=4.000ns})
  Path Group:             (none)
  Path Type:              Recovery (Max at Slow Process Corner)
  Data Path Delay:        3.117ns  (logic 0.642ns (20.596%)  route 2.475ns (79.404%))
  Logic Levels:           1  (LUT1=1)
  Clock Path Skew:        -0.112ns (DCD - SCD + CPR)
    Destination Clock Delay (DCD):    2.832ns
    Source Clock Delay      (SCD):    2.944ns
    Clock Pessimism Removal (CPR):    0.000ns
  Clock Uncertainty:      0.070ns  ((TSJ^2 + TIJ^2)^1/2 + DJ) / 2 + PE
    Total System Jitter     (TSJ):    0.071ns
    Total Input Jitter      (TIJ):    0.120ns
    Discrete Jitter          (DJ):    0.000ns
    Phase Error              (PE):    0.000ns
  Timing Exception:       False Path

    Location             Delay type                Incr(ns)  Path(ns)    Netlist Resource(s)
  -------------------------------------------------------------------    -------------------
                         (clock clk_fpga_0 rise edge)
                                                      0.000     0.000 r  
    PS7_X0Y0             PS7                          0.000     0.000 r  DB_i/processing_system7_0/inst/PS7_i/FCLKCLK[0]
                         net (fo=1, routed)           1.193     1.193    DB_i/processing_system7_0/inst/FCLK_CLK_unbuffered[0]
    BUFGCTRL_X0Y16       BUFG (Prop_bufg_I_O)         0.101     1.294 r  DB_i/processing_system7_0/inst/buffer_fclk_clk_0.FCLK_CLK_0_BUFG/O
                         net (fo=819, routed)         1.650     2.944    DB_i/axi_smc/inst/clk_map/psr_aclk/U0/aclk
    SLICE_X38Y90         FDRE                                         r  DB_i/axi_smc/inst/clk_map/psr_aclk/U0/ACTIVE_LOW_BSR_OUT_DFF[0].FDRE_BSR_N/C
  -------------------------------------------------------------------    -------------------
    SLICE_X38Y90         FDRE (Prop_fdre_C_Q)         0.518     3.462 r  DB_i/axi_smc/inst/clk_map/psr_aclk/U0/ACTIVE_LOW_BSR_OUT_DFF[0].FDRE_BSR_N/Q
                         net (fo=9, routed)           1.690     5.152    <hidden>
    SLICE_X39Y103        LUT1 (Prop_lut1_I0_O)        0.124     5.276 f  <hidden>
                         net (fo=3, routed)           0.785     6.061    <hidden>
    SLICE_X39Y103        FDCE                                         f  <hidden>
  -------------------------------------------------------------------    -------------------

                         (clock clk_fpga_0 rise edge)
                                                      0.000     0.000 r  
    PS7_X0Y0             PS7                          0.000     0.000 r  DB_i/processing_system7_0/inst/PS7_i/FCLKCLK[0]
                         net (fo=1, routed)           1.088     1.088    DB_i/processing_system7_0/inst/FCLK_CLK_unbuffered[0]
    BUFGCTRL_X0Y16       BUFG (Prop_bufg_I_O)         0.091     1.179 r  DB_i/processing_system7_0/inst/buffer_fclk_clk_0.FCLK_CLK_0_BUFG/O
                         net (fo=819, routed)         1.653     2.832    <hidden>
    SLICE_X39Y103        FDCE                                         r  <hidden>

Slack:                    inf
  Source:                 DB_i/axi_smc/inst/clk_map/psr_aclk/U0/ACTIVE_LOW_BSR_OUT_DFF[0].FDRE_BSR_N/C
                            (rising edge-triggered cell FDRE clocked by clk_fpga_0  {rise@0.000ns fall@2.000ns period=4.000ns})
  Destination:            <hidden>
                            (recovery check against rising-edge clock clk_fpga_0  {rise@0.000ns fall@2.000ns period=4.000ns})
  Path Group:             (none)
  Path Type:              Recovery (Max at Slow Process Corner)
  Data Path Delay:        2.998ns  (logic 0.672ns (22.414%)  route 2.326ns (77.586%))
  Logic Levels:           1  (LUT1=1)
  Clock Path Skew:        -0.112ns (DCD - SCD + CPR)
    Destination Clock Delay (DCD):    2.832ns
    Source Clock Delay      (SCD):    2.944ns
    Clock Pessimism Removal (CPR):    0.000ns
  Clock Uncertainty:      0.070ns  ((TSJ^2 + TIJ^2)^1/2 + DJ) / 2 + PE
    Total System Jitter     (TSJ):    0.071ns
    Total Input Jitter      (TIJ):    0.120ns
    Discrete Jitter          (DJ):    0.000ns
    Phase Error              (PE):    0.000ns
  Timing Exception:       False Path

    Location             Delay type                Incr(ns)  Path(ns)    Netlist Resource(s)
  -------------------------------------------------------------------    -------------------
                         (clock clk_fpga_0 rise edge)
                                                      0.000     0.000 r  
    PS7_X0Y0             PS7                          0.000     0.000 r  DB_i/processing_system7_0/inst/PS7_i/FCLKCLK[0]
                         net (fo=1, routed)           1.193     1.193    DB_i/processing_system7_0/inst/FCLK_CLK_unbuffered[0]
    BUFGCTRL_X0Y16       BUFG (Prop_bufg_I_O)         0.101     1.294 r  DB_i/processing_system7_0/inst/buffer_fclk_clk_0.FCLK_CLK_0_BUFG/O
                         net (fo=819, routed)         1.650     2.944    DB_i/axi_smc/inst/clk_map/psr_aclk/U0/aclk
    SLICE_X38Y90         FDRE                                         r  DB_i/axi_smc/inst/clk_map/psr_aclk/U0/ACTIVE_LOW_BSR_OUT_DFF[0].FDRE_BSR_N/C
  -------------------------------------------------------------------    -------------------
    SLICE_X38Y90         FDRE (Prop_fdre_C_Q)         0.518     3.462 r  DB_i/axi_smc/inst/clk_map/psr_aclk/U0/ACTIVE_LOW_BSR_OUT_DFF[0].FDRE_BSR_N/Q
                         net (fo=9, routed)           1.690     5.152    <hidden>
    SLICE_X39Y103        LUT1 (Prop_lut1_I0_O)        0.154     5.306 f  <hidden>
                         net (fo=3, routed)           0.636     5.942    <hidden>
    SLICE_X40Y103        FDCE                                         f  <hidden>
  -------------------------------------------------------------------    -------------------

                         (clock clk_fpga_0 rise edge)
                                                      0.000     0.000 r  
    PS7_X0Y0             PS7                          0.000     0.000 r  DB_i/processing_system7_0/inst/PS7_i/FCLKCLK[0]
                         net (fo=1, routed)           1.088     1.088    DB_i/processing_system7_0/inst/FCLK_CLK_unbuffered[0]
    BUFGCTRL_X0Y16       BUFG (Prop_bufg_I_O)         0.091     1.179 r  DB_i/processing_system7_0/inst/buffer_fclk_clk_0.FCLK_CLK_0_BUFG/O
                         net (fo=819, routed)         1.653     2.832    <hidden>
    SLICE_X40Y103        FDCE                                         r  <hidden>

Slack:                    inf
  Source:                 DB_i/axi_smc/inst/clk_map/psr_aclk/U0/ACTIVE_LOW_BSR_OUT_DFF[0].FDRE_BSR_N/C
                            (rising edge-triggered cell FDRE clocked by clk_fpga_0  {rise@0.000ns fall@2.000ns period=4.000ns})
  Destination:            <hidden>
                            (recovery check against rising-edge clock clk_fpga_0  {rise@0.000ns fall@2.000ns period=4.000ns})
  Path Group:             (none)
  Path Type:              Recovery (Max at Slow Process Corner)
  Data Path Delay:        2.998ns  (logic 0.672ns (22.414%)  route 2.326ns (77.586%))
  Logic Levels:           1  (LUT1=1)
  Clock Path Skew:        -0.112ns (DCD - SCD + CPR)
    Destination Clock Delay (DCD):    2.832ns
    Source Clock Delay      (SCD):    2.944ns
    Clock Pessimism Removal (CPR):    0.000ns
  Clock Uncertainty:      0.070ns  ((TSJ^2 + TIJ^2)^1/2 + DJ) / 2 + PE
    Total System Jitter     (TSJ):    0.071ns
    Total Input Jitter      (TIJ):    0.120ns
    Discrete Jitter          (DJ):    0.000ns
    Phase Error              (PE):    0.000ns
  Timing Exception:       False Path

    Location             Delay type                Incr(ns)  Path(ns)    Netlist Resource(s)
  -------------------------------------------------------------------    -------------------
                         (clock clk_fpga_0 rise edge)
                                                      0.000     0.000 r  
    PS7_X0Y0             PS7                          0.000     0.000 r  DB_i/processing_system7_0/inst/PS7_i/FCLKCLK[0]
                         net (fo=1, routed)           1.193     1.193    DB_i/processing_system7_0/inst/FCLK_CLK_unbuffered[0]
    BUFGCTRL_X0Y16       BUFG (Prop_bufg_I_O)         0.101     1.294 r  DB_i/processing_system7_0/inst/buffer_fclk_clk_0.FCLK_CLK_0_BUFG/O
                         net (fo=819, routed)         1.650     2.944    DB_i/axi_smc/inst/clk_map/psr_aclk/U0/aclk
    SLICE_X38Y90         FDRE                                         r  DB_i/axi_smc/inst/clk_map/psr_aclk/U0/ACTIVE_LOW_BSR_OUT_DFF[0].FDRE_BSR_N/C
  -------------------------------------------------------------------    -------------------
    SLICE_X38Y90         FDRE (Prop_fdre_C_Q)         0.518     3.462 r  DB_i/axi_smc/inst/clk_map/psr_aclk/U0/ACTIVE_LOW_BSR_OUT_DFF[0].FDRE_BSR_N/Q
                         net (fo=9, routed)           1.690     5.152    <hidden>
    SLICE_X39Y103        LUT1 (Prop_lut1_I0_O)        0.154     5.306 f  <hidden>
                         net (fo=3, routed)           0.636     5.942    <hidden>
    SLICE_X40Y103        FDCE                                         f  <hidden>
  -------------------------------------------------------------------    -------------------

                         (clock clk_fpga_0 rise edge)
                                                      0.000     0.000 r  
    PS7_X0Y0             PS7                          0.000     0.000 r  DB_i/processing_system7_0/inst/PS7_i/FCLKCLK[0]
                         net (fo=1, routed)           1.088     1.088    DB_i/processing_system7_0/inst/FCLK_CLK_unbuffered[0]
    BUFGCTRL_X0Y16       BUFG (Prop_bufg_I_O)         0.091     1.179 r  DB_i/processing_system7_0/inst/buffer_fclk_clk_0.FCLK_CLK_0_BUFG/O
                         net (fo=819, routed)         1.653     2.832    <hidden>
    SLICE_X40Y103        FDCE                                         r  <hidden>

Slack:                    inf
  Source:                 DB_i/axi_smc/inst/clk_map/psr_aclk/U0/ACTIVE_LOW_BSR_OUT_DFF[0].FDRE_BSR_N/C
                            (rising edge-triggered cell FDRE clocked by clk_fpga_0  {rise@0.000ns fall@2.000ns period=4.000ns})
  Destination:            <hidden>
                            (recovery check against rising-edge clock clk_fpga_0  {rise@0.000ns fall@2.000ns period=4.000ns})
  Path Group:             (none)
  Path Type:              Recovery (Max at Slow Process Corner)
  Data Path Delay:        2.998ns  (logic 0.672ns (22.414%)  route 2.326ns (77.586%))
  Logic Levels:           1  (LUT1=1)
  Clock Path Skew:        -0.112ns (DCD - SCD + CPR)
    Destination Clock Delay (DCD):    2.832ns
    Source Clock Delay      (SCD):    2.944ns
    Clock Pessimism Removal (CPR):    0.000ns
  Clock Uncertainty:      0.070ns  ((TSJ^2 + TIJ^2)^1/2 + DJ) / 2 + PE
    Total System Jitter     (TSJ):    0.071ns
    Total Input Jitter      (TIJ):    0.120ns
    Discrete Jitter          (DJ):    0.000ns
    Phase Error              (PE):    0.000ns
  Timing Exception:       False Path

    Location             Delay type                Incr(ns)  Path(ns)    Netlist Resource(s)
  -------------------------------------------------------------------    -------------------
                         (clock clk_fpga_0 rise edge)
                                                      0.000     0.000 r  
    PS7_X0Y0             PS7                          0.000     0.000 r  DB_i/processing_system7_0/inst/PS7_i/FCLKCLK[0]
                         net (fo=1, routed)           1.193     1.193    DB_i/processing_system7_0/inst/FCLK_CLK_unbuffered[0]
    BUFGCTRL_X0Y16       BUFG (Prop_bufg_I_O)         0.101     1.294 r  DB_i/processing_system7_0/inst/buffer_fclk_clk_0.FCLK_CLK_0_BUFG/O
                         net (fo=819, routed)         1.650     2.944    DB_i/axi_smc/inst/clk_map/psr_aclk/U0/aclk
    SLICE_X38Y90         FDRE                                         r  DB_i/axi_smc/inst/clk_map/psr_aclk/U0/ACTIVE_LOW_BSR_OUT_DFF[0].FDRE_BSR_N/C
  -------------------------------------------------------------------    -------------------
    SLICE_X38Y90         FDRE (Prop_fdre_C_Q)         0.518     3.462 r  DB_i/axi_smc/inst/clk_map/psr_aclk/U0/ACTIVE_LOW_BSR_OUT_DFF[0].FDRE_BSR_N/Q
                         net (fo=9, routed)           1.690     5.152    <hidden>
    SLICE_X39Y103        LUT1 (Prop_lut1_I0_O)        0.154     5.306 f  <hidden>
                         net (fo=3, routed)           0.636     5.942    <hidden>
    SLICE_X40Y103        FDCE                                         f  <hidden>
  -------------------------------------------------------------------    -------------------

                         (clock clk_fpga_0 rise edge)
                                                      0.000     0.000 r  
    PS7_X0Y0             PS7                          0.000     0.000 r  DB_i/processing_system7_0/inst/PS7_i/FCLKCLK[0]
                         net (fo=1, routed)           1.088     1.088    DB_i/processing_system7_0/inst/FCLK_CLK_unbuffered[0]
    BUFGCTRL_X0Y16       BUFG (Prop_bufg_I_O)         0.091     1.179 r  DB_i/processing_system7_0/inst/buffer_fclk_clk_0.FCLK_CLK_0_BUFG/O
                         net (fo=819, routed)         1.653     2.832    <hidden>
    SLICE_X40Y103        FDCE                                         r  <hidden>

Slack:                    inf
  Source:                 DB_i/axi_smc/inst/clk_map/psr_aclk/U0/ACTIVE_LOW_BSR_OUT_DFF[0].FDRE_BSR_N/C
                            (rising edge-triggered cell FDRE clocked by clk_fpga_0  {rise@0.000ns fall@2.000ns period=4.000ns})
  Destination:            <hidden>
                            (recovery check against rising-edge clock clk_fpga_0  {rise@0.000ns fall@2.000ns period=4.000ns})
  Path Group:             (none)
  Path Type:              Recovery (Max at Slow Process Corner)
  Data Path Delay:        2.828ns  (logic 0.671ns (23.724%)  route 2.157ns (76.276%))
  Logic Levels:           1  (LUT1=1)
  Clock Path Skew:        -0.112ns (DCD - SCD + CPR)
    Destination Clock Delay (DCD):    2.832ns
    Source Clock Delay      (SCD):    2.944ns
    Clock Pessimism Removal (CPR):    0.000ns
  Clock Uncertainty:      0.070ns  ((TSJ^2 + TIJ^2)^1/2 + DJ) / 2 + PE
    Total System Jitter     (TSJ):    0.071ns
    Total Input Jitter      (TIJ):    0.120ns
    Discrete Jitter          (DJ):    0.000ns
    Phase Error              (PE):    0.000ns
  Timing Exception:       False Path

    Location             Delay type                Incr(ns)  Path(ns)    Netlist Resource(s)
  -------------------------------------------------------------------    -------------------
                         (clock clk_fpga_0 rise edge)
                                                      0.000     0.000 r  
    PS7_X0Y0             PS7                          0.000     0.000 r  DB_i/processing_system7_0/inst/PS7_i/FCLKCLK[0]
                         net (fo=1, routed)           1.193     1.193    DB_i/processing_system7_0/inst/FCLK_CLK_unbuffered[0]
    BUFGCTRL_X0Y16       BUFG (Prop_bufg_I_O)         0.101     1.294 r  DB_i/processing_system7_0/inst/buffer_fclk_clk_0.FCLK_CLK_0_BUFG/O
                         net (fo=819, routed)         1.650     2.944    DB_i/axi_smc/inst/clk_map/psr_aclk/U0/aclk
    SLICE_X38Y90         FDRE                                         r  DB_i/axi_smc/inst/clk_map/psr_aclk/U0/ACTIVE_LOW_BSR_OUT_DFF[0].FDRE_BSR_N/C
  -------------------------------------------------------------------    -------------------
    SLICE_X38Y90         FDRE (Prop_fdre_C_Q)         0.518     3.462 r  DB_i/axi_smc/inst/clk_map/psr_aclk/U0/ACTIVE_LOW_BSR_OUT_DFF[0].FDRE_BSR_N/Q
                         net (fo=9, routed)           1.625     5.087    <hidden>
    SLICE_X38Y105        LUT1 (Prop_lut1_I0_O)        0.153     5.240 f  <hidden>
                         net (fo=3, routed)           0.532     5.772    <hidden>
    SLICE_X38Y105        FDCE                                         f  <hidden>
  -------------------------------------------------------------------    -------------------

                         (clock clk_fpga_0 rise edge)
                                                      0.000     0.000 r  
    PS7_X0Y0             PS7                          0.000     0.000 r  DB_i/processing_system7_0/inst/PS7_i/FCLKCLK[0]
                         net (fo=1, routed)           1.088     1.088    DB_i/processing_system7_0/inst/FCLK_CLK_unbuffered[0]
    BUFGCTRL_X0Y16       BUFG (Prop_bufg_I_O)         0.091     1.179 r  DB_i/processing_system7_0/inst/buffer_fclk_clk_0.FCLK_CLK_0_BUFG/O
                         net (fo=819, routed)         1.653     2.832    <hidden>
    SLICE_X38Y105        FDCE                                         r  <hidden>

Slack:                    inf
  Source:                 DB_i/axi_smc/inst/clk_map/psr_aclk/U0/ACTIVE_LOW_BSR_OUT_DFF[0].FDRE_BSR_N/C
                            (rising edge-triggered cell FDRE clocked by clk_fpga_0  {rise@0.000ns fall@2.000ns period=4.000ns})
  Destination:            <hidden>
                            (recovery check against rising-edge clock clk_fpga_0  {rise@0.000ns fall@2.000ns period=4.000ns})
  Path Group:             (none)
  Path Type:              Recovery (Max at Slow Process Corner)
  Data Path Delay:        2.828ns  (logic 0.671ns (23.724%)  route 2.157ns (76.276%))
  Logic Levels:           1  (LUT1=1)
  Clock Path Skew:        -0.112ns (DCD - SCD + CPR)
    Destination Clock Delay (DCD):    2.832ns
    Source Clock Delay      (SCD):    2.944ns
    Clock Pessimism Removal (CPR):    0.000ns
  Clock Uncertainty:      0.070ns  ((TSJ^2 + TIJ^2)^1/2 + DJ) / 2 + PE
    Total System Jitter     (TSJ):    0.071ns
    Total Input Jitter      (TIJ):    0.120ns
    Discrete Jitter          (DJ):    0.000ns
    Phase Error              (PE):    0.000ns
  Timing Exception:       False Path

    Location             Delay type                Incr(ns)  Path(ns)    Netlist Resource(s)
  -------------------------------------------------------------------    -------------------
                         (clock clk_fpga_0 rise edge)
                                                      0.000     0.000 r  
    PS7_X0Y0             PS7                          0.000     0.000 r  DB_i/processing_system7_0/inst/PS7_i/FCLKCLK[0]
                         net (fo=1, routed)           1.193     1.193    DB_i/processing_system7_0/inst/FCLK_CLK_unbuffered[0]
    BUFGCTRL_X0Y16       BUFG (Prop_bufg_I_O)         0.101     1.294 r  DB_i/processing_system7_0/inst/buffer_fclk_clk_0.FCLK_CLK_0_BUFG/O
                         net (fo=819, routed)         1.650     2.944    DB_i/axi_smc/inst/clk_map/psr_aclk/U0/aclk
    SLICE_X38Y90         FDRE                                         r  DB_i/axi_smc/inst/clk_map/psr_aclk/U0/ACTIVE_LOW_BSR_OUT_DFF[0].FDRE_BSR_N/C
  -------------------------------------------------------------------    -------------------
    SLICE_X38Y90         FDRE (Prop_fdre_C_Q)         0.518     3.462 r  DB_i/axi_smc/inst/clk_map/psr_aclk/U0/ACTIVE_LOW_BSR_OUT_DFF[0].FDRE_BSR_N/Q
                         net (fo=9, routed)           1.625     5.087    <hidden>
    SLICE_X38Y105        LUT1 (Prop_lut1_I0_O)        0.153     5.240 f  <hidden>
                         net (fo=3, routed)           0.532     5.772    <hidden>
    SLICE_X38Y105        FDCE                                         f  <hidden>
  -------------------------------------------------------------------    -------------------

                         (clock clk_fpga_0 rise edge)
                                                      0.000     0.000 r  
    PS7_X0Y0             PS7                          0.000     0.000 r  DB_i/processing_system7_0/inst/PS7_i/FCLKCLK[0]
                         net (fo=1, routed)           1.088     1.088    DB_i/processing_system7_0/inst/FCLK_CLK_unbuffered[0]
    BUFGCTRL_X0Y16       BUFG (Prop_bufg_I_O)         0.091     1.179 r  DB_i/processing_system7_0/inst/buffer_fclk_clk_0.FCLK_CLK_0_BUFG/O
                         net (fo=819, routed)         1.653     2.832    <hidden>
    SLICE_X38Y105        FDCE                                         r  <hidden>

Slack:                    inf
  Source:                 DB_i/axi_smc/inst/clk_map/psr_aclk/U0/ACTIVE_LOW_BSR_OUT_DFF[0].FDRE_BSR_N/C
                            (rising edge-triggered cell FDRE clocked by clk_fpga_0  {rise@0.000ns fall@2.000ns period=4.000ns})
  Destination:            <hidden>
                            (recovery check against rising-edge clock clk_fpga_0  {rise@0.000ns fall@2.000ns period=4.000ns})
  Path Group:             (none)
  Path Type:              Recovery (Max at Slow Process Corner)
  Data Path Delay:        2.828ns  (logic 0.671ns (23.724%)  route 2.157ns (76.276%))
  Logic Levels:           1  (LUT1=1)
  Clock Path Skew:        -0.112ns (DCD - SCD + CPR)
    Destination Clock Delay (DCD):    2.832ns
    Source Clock Delay      (SCD):    2.944ns
    Clock Pessimism Removal (CPR):    0.000ns
  Clock Uncertainty:      0.070ns  ((TSJ^2 + TIJ^2)^1/2 + DJ) / 2 + PE
    Total System Jitter     (TSJ):    0.071ns
    Total Input Jitter      (TIJ):    0.120ns
    Discrete Jitter          (DJ):    0.000ns
    Phase Error              (PE):    0.000ns
  Timing Exception:       False Path

    Location             Delay type                Incr(ns)  Path(ns)    Netlist Resource(s)
  -------------------------------------------------------------------    -------------------
                         (clock clk_fpga_0 rise edge)
                                                      0.000     0.000 r  
    PS7_X0Y0             PS7                          0.000     0.000 r  DB_i/processing_system7_0/inst/PS7_i/FCLKCLK[0]
                         net (fo=1, routed)           1.193     1.193    DB_i/processing_system7_0/inst/FCLK_CLK_unbuffered[0]
    BUFGCTRL_X0Y16       BUFG (Prop_bufg_I_O)         0.101     1.294 r  DB_i/processing_system7_0/inst/buffer_fclk_clk_0.FCLK_CLK_0_BUFG/O
                         net (fo=819, routed)         1.650     2.944    DB_i/axi_smc/inst/clk_map/psr_aclk/U0/aclk
    SLICE_X38Y90         FDRE                                         r  DB_i/axi_smc/inst/clk_map/psr_aclk/U0/ACTIVE_LOW_BSR_OUT_DFF[0].FDRE_BSR_N/C
  -------------------------------------------------------------------    -------------------
    SLICE_X38Y90         FDRE (Prop_fdre_C_Q)         0.518     3.462 r  DB_i/axi_smc/inst/clk_map/psr_aclk/U0/ACTIVE_LOW_BSR_OUT_DFF[0].FDRE_BSR_N/Q
                         net (fo=9, routed)           1.625     5.087    <hidden>
    SLICE_X38Y105        LUT1 (Prop_lut1_I0_O)        0.153     5.240 f  <hidden>
                         net (fo=3, routed)           0.532     5.772    <hidden>
    SLICE_X38Y105        FDCE                                         f  <hidden>
  -------------------------------------------------------------------    -------------------

                         (clock clk_fpga_0 rise edge)
                                                      0.000     0.000 r  
    PS7_X0Y0             PS7                          0.000     0.000 r  DB_i/processing_system7_0/inst/PS7_i/FCLKCLK[0]
                         net (fo=1, routed)           1.088     1.088    DB_i/processing_system7_0/inst/FCLK_CLK_unbuffered[0]
    BUFGCTRL_X0Y16       BUFG (Prop_bufg_I_O)         0.091     1.179 r  DB_i/processing_system7_0/inst/buffer_fclk_clk_0.FCLK_CLK_0_BUFG/O
                         net (fo=819, routed)         1.653     2.832    <hidden>
    SLICE_X38Y105        FDCE                                         r  <hidden>

Slack:                    inf
  Source:                 DB_i/axi_smc/inst/clk_map/psr_aclk/U0/ACTIVE_LOW_BSR_OUT_DFF[0].FDRE_BSR_N/C
                            (rising edge-triggered cell FDRE clocked by clk_fpga_0  {rise@0.000ns fall@2.000ns period=4.000ns})
  Destination:            <hidden>
                            (recovery check against rising-edge clock clk_fpga_0  {rise@0.000ns fall@2.000ns period=4.000ns})
  Path Group:             (none)
  Path Type:              Recovery (Max at Slow Process Corner)
  Data Path Delay:        2.766ns  (logic 0.642ns (23.211%)  route 2.124ns (76.789%))
  Logic Levels:           1  (LUT1=1)
  Clock Path Skew:        -0.112ns (DCD - SCD + CPR)
    Destination Clock Delay (DCD):    2.832ns
    Source Clock Delay      (SCD):    2.944ns
    Clock Pessimism Removal (CPR):    0.000ns
  Clock Uncertainty:      0.070ns  ((TSJ^2 + TIJ^2)^1/2 + DJ) / 2 + PE
    Total System Jitter     (TSJ):    0.071ns
    Total Input Jitter      (TIJ):    0.120ns
    Discrete Jitter          (DJ):    0.000ns
    Phase Error              (PE):    0.000ns
  Timing Exception:       False Path

    Location             Delay type                Incr(ns)  Path(ns)    Netlist Resource(s)
  -------------------------------------------------------------------    -------------------
                         (clock clk_fpga_0 rise edge)
                                                      0.000     0.000 r  
    PS7_X0Y0             PS7                          0.000     0.000 r  DB_i/processing_system7_0/inst/PS7_i/FCLKCLK[0]
                         net (fo=1, routed)           1.193     1.193    DB_i/processing_system7_0/inst/FCLK_CLK_unbuffered[0]
    BUFGCTRL_X0Y16       BUFG (Prop_bufg_I_O)         0.101     1.294 r  DB_i/processing_system7_0/inst/buffer_fclk_clk_0.FCLK_CLK_0_BUFG/O
                         net (fo=819, routed)         1.650     2.944    DB_i/axi_smc/inst/clk_map/psr_aclk/U0/aclk
    SLICE_X38Y90         FDRE                                         r  DB_i/axi_smc/inst/clk_map/psr_aclk/U0/ACTIVE_LOW_BSR_OUT_DFF[0].FDRE_BSR_N/C
  -------------------------------------------------------------------    -------------------
    SLICE_X38Y90         FDRE (Prop_fdre_C_Q)         0.518     3.462 r  DB_i/axi_smc/inst/clk_map/psr_aclk/U0/ACTIVE_LOW_BSR_OUT_DFF[0].FDRE_BSR_N/Q
                         net (fo=9, routed)           1.625     5.087    <hidden>
    SLICE_X38Y105        LUT1 (Prop_lut1_I0_O)        0.124     5.211 f  <hidden>
                         net (fo=3, routed)           0.498     5.710    <hidden>
    SLICE_X37Y105        FDCE                                         f  <hidden>
  -------------------------------------------------------------------    -------------------

                         (clock clk_fpga_0 rise edge)
                                                      0.000     0.000 r  
    PS7_X0Y0             PS7                          0.000     0.000 r  DB_i/processing_system7_0/inst/PS7_i/FCLKCLK[0]
                         net (fo=1, routed)           1.088     1.088    DB_i/processing_system7_0/inst/FCLK_CLK_unbuffered[0]
    BUFGCTRL_X0Y16       BUFG (Prop_bufg_I_O)         0.091     1.179 r  DB_i/processing_system7_0/inst/buffer_fclk_clk_0.FCLK_CLK_0_BUFG/O
                         net (fo=819, routed)         1.653     2.832    <hidden>
    SLICE_X37Y105        FDCE                                         r  <hidden>





Min Delay Paths
--------------------------------------------------------------------------------------
Slack:                    inf
  Source:                 DB_i/axi_smc/inst/clk_map/psr_aclk/U0/ACTIVE_LOW_BSR_OUT_DFF[0].FDRE_BSR_N/C
                            (rising edge-triggered cell FDRE clocked by clk_fpga_0  {rise@0.000ns fall@2.000ns period=4.000ns})
  Destination:            <hidden>
                            (removal check against rising-edge clock clk_fpga_0  {rise@0.000ns fall@2.000ns period=4.000ns})
  Path Group:             (none)
  Path Type:              Removal (Min at Fast Process Corner)
  Data Path Delay:        0.552ns  (logic 0.209ns (37.881%)  route 0.343ns (62.119%))
  Logic Levels:           1  (LUT1=1)
  Clock Path Skew:        0.295ns (DCD - SCD - CPR)
    Destination Clock Delay (DCD):    1.186ns
    Source Clock Delay      (SCD):    0.891ns
    Clock Pessimism Removal (CPR):    -0.000ns
  Clock Uncertainty:      0.070ns  ((TSJ^2 + TIJ^2)^1/2 + DJ) / 2 + PE
    Total System Jitter     (TSJ):    0.071ns
    Total Input Jitter      (TIJ):    0.120ns
    Discrete Jitter          (DJ):    0.000ns
    Phase Error              (PE):    0.000ns
  Timing Exception:       False Path

    Location             Delay type                Incr(ns)  Path(ns)    Netlist Resource(s)
  -------------------------------------------------------------------    -------------------
                         (clock clk_fpga_0 rise edge)
                                                      0.000     0.000 r  
    PS7_X0Y0             PS7                          0.000     0.000 r  DB_i/processing_system7_0/inst/PS7_i/FCLKCLK[0]
                         net (fo=1, routed)           0.310     0.310    DB_i/processing_system7_0/inst/FCLK_CLK_unbuffered[0]
    BUFGCTRL_X0Y16       BUFG (Prop_bufg_I_O)         0.026     0.336 r  DB_i/processing_system7_0/inst/buffer_fclk_clk_0.FCLK_CLK_0_BUFG/O
                         net (fo=819, routed)         0.555     0.891    DB_i/axi_smc/inst/clk_map/psr_aclk/U0/aclk
    SLICE_X38Y90         FDRE                                         r  DB_i/axi_smc/inst/clk_map/psr_aclk/U0/ACTIVE_LOW_BSR_OUT_DFF[0].FDRE_BSR_N/C
  -------------------------------------------------------------------    -------------------
    SLICE_X38Y90         FDRE (Prop_fdre_C_Q)         0.164     1.055 r  DB_i/axi_smc/inst/clk_map/psr_aclk/U0/ACTIVE_LOW_BSR_OUT_DFF[0].FDRE_BSR_N/Q
                         net (fo=9, routed)           0.224     1.278    <hidden>
    SLICE_X41Y87         LUT1 (Prop_lut1_I0_O)        0.045     1.323 f  <hidden>
                         net (fo=3, routed)           0.119     1.442    <hidden>
    SLICE_X41Y87         FDCE                                         f  <hidden>
  -------------------------------------------------------------------    -------------------

                         (clock clk_fpga_0 rise edge)
                                                      0.000     0.000 r  
    PS7_X0Y0             PS7                          0.000     0.000 r  DB_i/processing_system7_0/inst/PS7_i/FCLKCLK[0]
                         net (fo=1, routed)           0.337     0.337    DB_i/processing_system7_0/inst/FCLK_CLK_unbuffered[0]
    BUFGCTRL_X0Y16       BUFG (Prop_bufg_I_O)         0.029     0.366 r  DB_i/processing_system7_0/inst/buffer_fclk_clk_0.FCLK_CLK_0_BUFG/O
                         net (fo=819, routed)         0.820     1.186    <hidden>
    SLICE_X41Y87         FDCE                                         r  <hidden>

Slack:                    inf
  Source:                 DB_i/axi_smc/inst/clk_map/psr_aclk/U0/ACTIVE_LOW_BSR_OUT_DFF[0].FDRE_BSR_N/C
                            (rising edge-triggered cell FDRE clocked by clk_fpga_0  {rise@0.000ns fall@2.000ns period=4.000ns})
  Destination:            <hidden>
                            (removal check against rising-edge clock clk_fpga_0  {rise@0.000ns fall@2.000ns period=4.000ns})
  Path Group:             (none)
  Path Type:              Removal (Min at Fast Process Corner)
  Data Path Delay:        0.552ns  (logic 0.209ns (37.881%)  route 0.343ns (62.119%))
  Logic Levels:           1  (LUT1=1)
  Clock Path Skew:        0.295ns (DCD - SCD - CPR)
    Destination Clock Delay (DCD):    1.186ns
    Source Clock Delay      (SCD):    0.891ns
    Clock Pessimism Removal (CPR):    -0.000ns
  Clock Uncertainty:      0.070ns  ((TSJ^2 + TIJ^2)^1/2 + DJ) / 2 + PE
    Total System Jitter     (TSJ):    0.071ns
    Total Input Jitter      (TIJ):    0.120ns
    Discrete Jitter          (DJ):    0.000ns
    Phase Error              (PE):    0.000ns
  Timing Exception:       False Path

    Location             Delay type                Incr(ns)  Path(ns)    Netlist Resource(s)
  -------------------------------------------------------------------    -------------------
                         (clock clk_fpga_0 rise edge)
                                                      0.000     0.000 r  
    PS7_X0Y0             PS7                          0.000     0.000 r  DB_i/processing_system7_0/inst/PS7_i/FCLKCLK[0]
                         net (fo=1, routed)           0.310     0.310    DB_i/processing_system7_0/inst/FCLK_CLK_unbuffered[0]
    BUFGCTRL_X0Y16       BUFG (Prop_bufg_I_O)         0.026     0.336 r  DB_i/processing_system7_0/inst/buffer_fclk_clk_0.FCLK_CLK_0_BUFG/O
                         net (fo=819, routed)         0.555     0.891    DB_i/axi_smc/inst/clk_map/psr_aclk/U0/aclk
    SLICE_X38Y90         FDRE                                         r  DB_i/axi_smc/inst/clk_map/psr_aclk/U0/ACTIVE_LOW_BSR_OUT_DFF[0].FDRE_BSR_N/C
  -------------------------------------------------------------------    -------------------
    SLICE_X38Y90         FDRE (Prop_fdre_C_Q)         0.164     1.055 r  DB_i/axi_smc/inst/clk_map/psr_aclk/U0/ACTIVE_LOW_BSR_OUT_DFF[0].FDRE_BSR_N/Q
                         net (fo=9, routed)           0.224     1.278    <hidden>
    SLICE_X41Y87         LUT1 (Prop_lut1_I0_O)        0.045     1.323 f  <hidden>
                         net (fo=3, routed)           0.119     1.442    <hidden>
    SLICE_X41Y87         FDCE                                         f  <hidden>
  -------------------------------------------------------------------    -------------------

                         (clock clk_fpga_0 rise edge)
                                                      0.000     0.000 r  
    PS7_X0Y0             PS7                          0.000     0.000 r  DB_i/processing_system7_0/inst/PS7_i/FCLKCLK[0]
                         net (fo=1, routed)           0.337     0.337    DB_i/processing_system7_0/inst/FCLK_CLK_unbuffered[0]
    BUFGCTRL_X0Y16       BUFG (Prop_bufg_I_O)         0.029     0.366 r  DB_i/processing_system7_0/inst/buffer_fclk_clk_0.FCLK_CLK_0_BUFG/O
                         net (fo=819, routed)         0.820     1.186    <hidden>
    SLICE_X41Y87         FDCE                                         r  <hidden>

Slack:                    inf
  Source:                 DB_i/axi_smc/inst/clk_map/psr_aclk/U0/ACTIVE_LOW_BSR_OUT_DFF[0].FDRE_BSR_N/C
                            (rising edge-triggered cell FDRE clocked by clk_fpga_0  {rise@0.000ns fall@2.000ns period=4.000ns})
  Destination:            <hidden>
                            (removal check against rising-edge clock clk_fpga_0  {rise@0.000ns fall@2.000ns period=4.000ns})
  Path Group:             (none)
  Path Type:              Removal (Min at Fast Process Corner)
  Data Path Delay:        0.552ns  (logic 0.209ns (37.881%)  route 0.343ns (62.119%))
  Logic Levels:           1  (LUT1=1)
  Clock Path Skew:        0.295ns (DCD - SCD - CPR)
    Destination Clock Delay (DCD):    1.186ns
    Source Clock Delay      (SCD):    0.891ns
    Clock Pessimism Removal (CPR):    -0.000ns
  Clock Uncertainty:      0.070ns  ((TSJ^2 + TIJ^2)^1/2 + DJ) / 2 + PE
    Total System Jitter     (TSJ):    0.071ns
    Total Input Jitter      (TIJ):    0.120ns
    Discrete Jitter          (DJ):    0.000ns
    Phase Error              (PE):    0.000ns
  Timing Exception:       False Path

    Location             Delay type                Incr(ns)  Path(ns)    Netlist Resource(s)
  -------------------------------------------------------------------    -------------------
                         (clock clk_fpga_0 rise edge)
                                                      0.000     0.000 r  
    PS7_X0Y0             PS7                          0.000     0.000 r  DB_i/processing_system7_0/inst/PS7_i/FCLKCLK[0]
                         net (fo=1, routed)           0.310     0.310    DB_i/processing_system7_0/inst/FCLK_CLK_unbuffered[0]
    BUFGCTRL_X0Y16       BUFG (Prop_bufg_I_O)         0.026     0.336 r  DB_i/processing_system7_0/inst/buffer_fclk_clk_0.FCLK_CLK_0_BUFG/O
                         net (fo=819, routed)         0.555     0.891    DB_i/axi_smc/inst/clk_map/psr_aclk/U0/aclk
    SLICE_X38Y90         FDRE                                         r  DB_i/axi_smc/inst/clk_map/psr_aclk/U0/ACTIVE_LOW_BSR_OUT_DFF[0].FDRE_BSR_N/C
  -------------------------------------------------------------------    -------------------
    SLICE_X38Y90         FDRE (Prop_fdre_C_Q)         0.164     1.055 r  DB_i/axi_smc/inst/clk_map/psr_aclk/U0/ACTIVE_LOW_BSR_OUT_DFF[0].FDRE_BSR_N/Q
                         net (fo=9, routed)           0.224     1.278    <hidden>
    SLICE_X41Y87         LUT1 (Prop_lut1_I0_O)        0.045     1.323 f  <hidden>
                         net (fo=3, routed)           0.119     1.442    <hidden>
    SLICE_X41Y87         FDCE                                         f  <hidden>
  -------------------------------------------------------------------    -------------------

                         (clock clk_fpga_0 rise edge)
                                                      0.000     0.000 r  
    PS7_X0Y0             PS7                          0.000     0.000 r  DB_i/processing_system7_0/inst/PS7_i/FCLKCLK[0]
                         net (fo=1, routed)           0.337     0.337    DB_i/processing_system7_0/inst/FCLK_CLK_unbuffered[0]
    BUFGCTRL_X0Y16       BUFG (Prop_bufg_I_O)         0.029     0.366 r  DB_i/processing_system7_0/inst/buffer_fclk_clk_0.FCLK_CLK_0_BUFG/O
                         net (fo=819, routed)         0.820     1.186    <hidden>
    SLICE_X41Y87         FDCE                                         r  <hidden>

Slack:                    inf
  Source:                 DB_i/axi_smc/inst/clk_map/psr_aclk/U0/ACTIVE_LOW_BSR_OUT_DFF[0].FDRE_BSR_N/C
                            (rising edge-triggered cell FDRE clocked by clk_fpga_0  {rise@0.000ns fall@2.000ns period=4.000ns})
  Destination:            <hidden>
                            (removal check against rising-edge clock clk_fpga_0  {rise@0.000ns fall@2.000ns period=4.000ns})
  Path Group:             (none)
  Path Type:              Removal (Min at Fast Process Corner)
  Data Path Delay:        0.819ns  (logic 0.209ns (25.531%)  route 0.610ns (74.469%))
  Logic Levels:           1  (LUT1=1)
  Clock Path Skew:        0.294ns (DCD - SCD - CPR)
    Destination Clock Delay (DCD):    1.185ns
    Source Clock Delay      (SCD):    0.891ns
    Clock Pessimism Removal (CPR):    -0.000ns
  Clock Uncertainty:      0.070ns  ((TSJ^2 + TIJ^2)^1/2 + DJ) / 2 + PE
    Total System Jitter     (TSJ):    0.071ns
    Total Input Jitter      (TIJ):    0.120ns
    Discrete Jitter          (DJ):    0.000ns
    Phase Error              (PE):    0.000ns
  Timing Exception:       False Path

    Location             Delay type                Incr(ns)  Path(ns)    Netlist Resource(s)
  -------------------------------------------------------------------    -------------------
                         (clock clk_fpga_0 rise edge)
                                                      0.000     0.000 r  
    PS7_X0Y0             PS7                          0.000     0.000 r  DB_i/processing_system7_0/inst/PS7_i/FCLKCLK[0]
                         net (fo=1, routed)           0.310     0.310    DB_i/processing_system7_0/inst/FCLK_CLK_unbuffered[0]
    BUFGCTRL_X0Y16       BUFG (Prop_bufg_I_O)         0.026     0.336 r  DB_i/processing_system7_0/inst/buffer_fclk_clk_0.FCLK_CLK_0_BUFG/O
                         net (fo=819, routed)         0.555     0.891    DB_i/axi_smc/inst/clk_map/psr_aclk/U0/aclk
    SLICE_X38Y90         FDRE                                         r  DB_i/axi_smc/inst/clk_map/psr_aclk/U0/ACTIVE_LOW_BSR_OUT_DFF[0].FDRE_BSR_N/C
  -------------------------------------------------------------------    -------------------
    SLICE_X38Y90         FDRE (Prop_fdre_C_Q)         0.164     1.055 r  DB_i/axi_smc/inst/clk_map/psr_aclk/U0/ACTIVE_LOW_BSR_OUT_DFF[0].FDRE_BSR_N/Q
                         net (fo=9, routed)           0.425     1.480    <hidden>
    SLICE_X40Y85         LUT1 (Prop_lut1_I0_O)        0.045     1.525 f  <hidden>
                         net (fo=3, routed)           0.184     1.709    <hidden>
    SLICE_X40Y85         FDCE                                         f  <hidden>
  -------------------------------------------------------------------    -------------------

                         (clock clk_fpga_0 rise edge)
                                                      0.000     0.000 r  
    PS7_X0Y0             PS7                          0.000     0.000 r  DB_i/processing_system7_0/inst/PS7_i/FCLKCLK[0]
                         net (fo=1, routed)           0.337     0.337    DB_i/processing_system7_0/inst/FCLK_CLK_unbuffered[0]
    BUFGCTRL_X0Y16       BUFG (Prop_bufg_I_O)         0.029     0.366 r  DB_i/processing_system7_0/inst/buffer_fclk_clk_0.FCLK_CLK_0_BUFG/O
                         net (fo=819, routed)         0.819     1.185    <hidden>
    SLICE_X40Y85         FDCE                                         r  <hidden>

Slack:                    inf
  Source:                 DB_i/axi_smc/inst/clk_map/psr_aclk/U0/ACTIVE_LOW_BSR_OUT_DFF[0].FDRE_BSR_N/C
                            (rising edge-triggered cell FDRE clocked by clk_fpga_0  {rise@0.000ns fall@2.000ns period=4.000ns})
  Destination:            <hidden>
                            (removal check against rising-edge clock clk_fpga_0  {rise@0.000ns fall@2.000ns period=4.000ns})
  Path Group:             (none)
  Path Type:              Removal (Min at Fast Process Corner)
  Data Path Delay:        0.819ns  (logic 0.209ns (25.531%)  route 0.610ns (74.469%))
  Logic Levels:           1  (LUT1=1)
  Clock Path Skew:        0.294ns (DCD - SCD - CPR)
    Destination Clock Delay (DCD):    1.185ns
    Source Clock Delay      (SCD):    0.891ns
    Clock Pessimism Removal (CPR):    -0.000ns
  Clock Uncertainty:      0.070ns  ((TSJ^2 + TIJ^2)^1/2 + DJ) / 2 + PE
    Total System Jitter     (TSJ):    0.071ns
    Total Input Jitter      (TIJ):    0.120ns
    Discrete Jitter          (DJ):    0.000ns
    Phase Error              (PE):    0.000ns
  Timing Exception:       False Path

    Location             Delay type                Incr(ns)  Path(ns)    Netlist Resource(s)
  -------------------------------------------------------------------    -------------------
                         (clock clk_fpga_0 rise edge)
                                                      0.000     0.000 r  
    PS7_X0Y0             PS7                          0.000     0.000 r  DB_i/processing_system7_0/inst/PS7_i/FCLKCLK[0]
                         net (fo=1, routed)           0.310     0.310    DB_i/processing_system7_0/inst/FCLK_CLK_unbuffered[0]
    BUFGCTRL_X0Y16       BUFG (Prop_bufg_I_O)         0.026     0.336 r  DB_i/processing_system7_0/inst/buffer_fclk_clk_0.FCLK_CLK_0_BUFG/O
                         net (fo=819, routed)         0.555     0.891    DB_i/axi_smc/inst/clk_map/psr_aclk/U0/aclk
    SLICE_X38Y90         FDRE                                         r  DB_i/axi_smc/inst/clk_map/psr_aclk/U0/ACTIVE_LOW_BSR_OUT_DFF[0].FDRE_BSR_N/C
  -------------------------------------------------------------------    -------------------
    SLICE_X38Y90         FDRE (Prop_fdre_C_Q)         0.164     1.055 r  DB_i/axi_smc/inst/clk_map/psr_aclk/U0/ACTIVE_LOW_BSR_OUT_DFF[0].FDRE_BSR_N/Q
                         net (fo=9, routed)           0.425     1.480    <hidden>
    SLICE_X40Y85         LUT1 (Prop_lut1_I0_O)        0.045     1.525 f  <hidden>
                         net (fo=3, routed)           0.184     1.709    <hidden>
    SLICE_X40Y85         FDCE                                         f  <hidden>
  -------------------------------------------------------------------    -------------------

                         (clock clk_fpga_0 rise edge)
                                                      0.000     0.000 r  
    PS7_X0Y0             PS7                          0.000     0.000 r  DB_i/processing_system7_0/inst/PS7_i/FCLKCLK[0]
                         net (fo=1, routed)           0.337     0.337    DB_i/processing_system7_0/inst/FCLK_CLK_unbuffered[0]
    BUFGCTRL_X0Y16       BUFG (Prop_bufg_I_O)         0.029     0.366 r  DB_i/processing_system7_0/inst/buffer_fclk_clk_0.FCLK_CLK_0_BUFG/O
                         net (fo=819, routed)         0.819     1.185    <hidden>
    SLICE_X40Y85         FDCE                                         r  <hidden>

Slack:                    inf
  Source:                 DB_i/axi_smc/inst/clk_map/psr_aclk/U0/ACTIVE_LOW_BSR_OUT_DFF[0].FDRE_BSR_N/C
                            (rising edge-triggered cell FDRE clocked by clk_fpga_0  {rise@0.000ns fall@2.000ns period=4.000ns})
  Destination:            <hidden>
                            (removal check against rising-edge clock clk_fpga_0  {rise@0.000ns fall@2.000ns period=4.000ns})
  Path Group:             (none)
  Path Type:              Removal (Min at Fast Process Corner)
  Data Path Delay:        0.819ns  (logic 0.209ns (25.531%)  route 0.610ns (74.469%))
  Logic Levels:           1  (LUT1=1)
  Clock Path Skew:        0.294ns (DCD - SCD - CPR)
    Destination Clock Delay (DCD):    1.185ns
    Source Clock Delay      (SCD):    0.891ns
    Clock Pessimism Removal (CPR):    -0.000ns
  Clock Uncertainty:      0.070ns  ((TSJ^2 + TIJ^2)^1/2 + DJ) / 2 + PE
    Total System Jitter     (TSJ):    0.071ns
    Total Input Jitter      (TIJ):    0.120ns
    Discrete Jitter          (DJ):    0.000ns
    Phase Error              (PE):    0.000ns
  Timing Exception:       False Path

    Location             Delay type                Incr(ns)  Path(ns)    Netlist Resource(s)
  -------------------------------------------------------------------    -------------------
                         (clock clk_fpga_0 rise edge)
                                                      0.000     0.000 r  
    PS7_X0Y0             PS7                          0.000     0.000 r  DB_i/processing_system7_0/inst/PS7_i/FCLKCLK[0]
                         net (fo=1, routed)           0.310     0.310    DB_i/processing_system7_0/inst/FCLK_CLK_unbuffered[0]
    BUFGCTRL_X0Y16       BUFG (Prop_bufg_I_O)         0.026     0.336 r  DB_i/processing_system7_0/inst/buffer_fclk_clk_0.FCLK_CLK_0_BUFG/O
                         net (fo=819, routed)         0.555     0.891    DB_i/axi_smc/inst/clk_map/psr_aclk/U0/aclk
    SLICE_X38Y90         FDRE                                         r  DB_i/axi_smc/inst/clk_map/psr_aclk/U0/ACTIVE_LOW_BSR_OUT_DFF[0].FDRE_BSR_N/C
  -------------------------------------------------------------------    -------------------
    SLICE_X38Y90         FDRE (Prop_fdre_C_Q)         0.164     1.055 r  DB_i/axi_smc/inst/clk_map/psr_aclk/U0/ACTIVE_LOW_BSR_OUT_DFF[0].FDRE_BSR_N/Q
                         net (fo=9, routed)           0.425     1.480    <hidden>
    SLICE_X40Y85         LUT1 (Prop_lut1_I0_O)        0.045     1.525 f  <hidden>
                         net (fo=3, routed)           0.184     1.709    <hidden>
    SLICE_X40Y85         FDCE                                         f  <hidden>
  -------------------------------------------------------------------    -------------------

                         (clock clk_fpga_0 rise edge)
                                                      0.000     0.000 r  
    PS7_X0Y0             PS7                          0.000     0.000 r  DB_i/processing_system7_0/inst/PS7_i/FCLKCLK[0]
                         net (fo=1, routed)           0.337     0.337    DB_i/processing_system7_0/inst/FCLK_CLK_unbuffered[0]
    BUFGCTRL_X0Y16       BUFG (Prop_bufg_I_O)         0.029     0.366 r  DB_i/processing_system7_0/inst/buffer_fclk_clk_0.FCLK_CLK_0_BUFG/O
                         net (fo=819, routed)         0.819     1.185    <hidden>
    SLICE_X40Y85         FDCE                                         r  <hidden>

Slack:                    inf
  Source:                 DB_i/axi_smc/inst/clk_map/psr_aclk/U0/ACTIVE_LOW_BSR_OUT_DFF[0].FDRE_BSR_N/C
                            (rising edge-triggered cell FDRE clocked by clk_fpga_0  {rise@0.000ns fall@2.000ns period=4.000ns})
  Destination:            <hidden>
                            (removal check against rising-edge clock clk_fpga_0  {rise@0.000ns fall@2.000ns period=4.000ns})
  Path Group:             (none)
  Path Type:              Removal (Min at Fast Process Corner)
  Data Path Delay:        0.877ns  (logic 0.208ns (23.719%)  route 0.669ns (76.281%))
  Logic Levels:           1  (LUT1=1)
  Clock Path Skew:        0.293ns (DCD - SCD - CPR)
    Destination Clock Delay (DCD):    1.184ns
    Source Clock Delay      (SCD):    0.891ns
    Clock Pessimism Removal (CPR):    -0.000ns
  Clock Uncertainty:      0.070ns  ((TSJ^2 + TIJ^2)^1/2 + DJ) / 2 + PE
    Total System Jitter     (TSJ):    0.071ns
    Total Input Jitter      (TIJ):    0.120ns
    Discrete Jitter          (DJ):    0.000ns
    Phase Error              (PE):    0.000ns
  Timing Exception:       False Path

    Location             Delay type                Incr(ns)  Path(ns)    Netlist Resource(s)
  -------------------------------------------------------------------    -------------------
                         (clock clk_fpga_0 rise edge)
                                                      0.000     0.000 r  
    PS7_X0Y0             PS7                          0.000     0.000 r  DB_i/processing_system7_0/inst/PS7_i/FCLKCLK[0]
                         net (fo=1, routed)           0.310     0.310    DB_i/processing_system7_0/inst/FCLK_CLK_unbuffered[0]
    BUFGCTRL_X0Y16       BUFG (Prop_bufg_I_O)         0.026     0.336 r  DB_i/processing_system7_0/inst/buffer_fclk_clk_0.FCLK_CLK_0_BUFG/O
                         net (fo=819, routed)         0.555     0.891    DB_i/axi_smc/inst/clk_map/psr_aclk/U0/aclk
    SLICE_X38Y90         FDRE                                         r  DB_i/axi_smc/inst/clk_map/psr_aclk/U0/ACTIVE_LOW_BSR_OUT_DFF[0].FDRE_BSR_N/C
  -------------------------------------------------------------------    -------------------
    SLICE_X38Y90         FDRE (Prop_fdre_C_Q)         0.164     1.055 r  DB_i/axi_smc/inst/clk_map/psr_aclk/U0/ACTIVE_LOW_BSR_OUT_DFF[0].FDRE_BSR_N/Q
                         net (fo=9, routed)           0.425     1.480    <hidden>
    SLICE_X40Y85         LUT1 (Prop_lut1_I0_O)        0.044     1.524 f  <hidden>
                         net (fo=3, routed)           0.243     1.768    <hidden>
    SLICE_X40Y84         FDCE                                         f  <hidden>
  -------------------------------------------------------------------    -------------------

                         (clock clk_fpga_0 rise edge)
                                                      0.000     0.000 r  
    PS7_X0Y0             PS7                          0.000     0.000 r  DB_i/processing_system7_0/inst/PS7_i/FCLKCLK[0]
                         net (fo=1, routed)           0.337     0.337    DB_i/processing_system7_0/inst/FCLK_CLK_unbuffered[0]
    BUFGCTRL_X0Y16       BUFG (Prop_bufg_I_O)         0.029     0.366 r  DB_i/processing_system7_0/inst/buffer_fclk_clk_0.FCLK_CLK_0_BUFG/O
                         net (fo=819, routed)         0.818     1.184    <hidden>
    SLICE_X40Y84         FDCE                                         r  <hidden>

Slack:                    inf
  Source:                 DB_i/axi_smc/inst/clk_map/psr_aclk/U0/ACTIVE_LOW_BSR_OUT_DFF[0].FDRE_BSR_N/C
                            (rising edge-triggered cell FDRE clocked by clk_fpga_0  {rise@0.000ns fall@2.000ns period=4.000ns})
  Destination:            <hidden>
                            (removal check against rising-edge clock clk_fpga_0  {rise@0.000ns fall@2.000ns period=4.000ns})
  Path Group:             (none)
  Path Type:              Removal (Min at Fast Process Corner)
  Data Path Delay:        0.877ns  (logic 0.208ns (23.719%)  route 0.669ns (76.281%))
  Logic Levels:           1  (LUT1=1)
  Clock Path Skew:        0.293ns (DCD - SCD - CPR)
    Destination Clock Delay (DCD):    1.184ns
    Source Clock Delay      (SCD):    0.891ns
    Clock Pessimism Removal (CPR):    -0.000ns
  Clock Uncertainty:      0.070ns  ((TSJ^2 + TIJ^2)^1/2 + DJ) / 2 + PE
    Total System Jitter     (TSJ):    0.071ns
    Total Input Jitter      (TIJ):    0.120ns
    Discrete Jitter          (DJ):    0.000ns
    Phase Error              (PE):    0.000ns
  Timing Exception:       False Path

    Location             Delay type                Incr(ns)  Path(ns)    Netlist Resource(s)
  -------------------------------------------------------------------    -------------------
                         (clock clk_fpga_0 rise edge)
                                                      0.000     0.000 r  
    PS7_X0Y0             PS7                          0.000     0.000 r  DB_i/processing_system7_0/inst/PS7_i/FCLKCLK[0]
                         net (fo=1, routed)           0.310     0.310    DB_i/processing_system7_0/inst/FCLK_CLK_unbuffered[0]
    BUFGCTRL_X0Y16       BUFG (Prop_bufg_I_O)         0.026     0.336 r  DB_i/processing_system7_0/inst/buffer_fclk_clk_0.FCLK_CLK_0_BUFG/O
                         net (fo=819, routed)         0.555     0.891    DB_i/axi_smc/inst/clk_map/psr_aclk/U0/aclk
    SLICE_X38Y90         FDRE                                         r  DB_i/axi_smc/inst/clk_map/psr_aclk/U0/ACTIVE_LOW_BSR_OUT_DFF[0].FDRE_BSR_N/C
  -------------------------------------------------------------------    -------------------
    SLICE_X38Y90         FDRE (Prop_fdre_C_Q)         0.164     1.055 r  DB_i/axi_smc/inst/clk_map/psr_aclk/U0/ACTIVE_LOW_BSR_OUT_DFF[0].FDRE_BSR_N/Q
                         net (fo=9, routed)           0.425     1.480    <hidden>
    SLICE_X40Y85         LUT1 (Prop_lut1_I0_O)        0.044     1.524 f  <hidden>
                         net (fo=3, routed)           0.243     1.768    <hidden>
    SLICE_X40Y84         FDCE                                         f  <hidden>
  -------------------------------------------------------------------    -------------------

                         (clock clk_fpga_0 rise edge)
                                                      0.000     0.000 r  
    PS7_X0Y0             PS7                          0.000     0.000 r  DB_i/processing_system7_0/inst/PS7_i/FCLKCLK[0]
                         net (fo=1, routed)           0.337     0.337    DB_i/processing_system7_0/inst/FCLK_CLK_unbuffered[0]
    BUFGCTRL_X0Y16       BUFG (Prop_bufg_I_O)         0.029     0.366 r  DB_i/processing_system7_0/inst/buffer_fclk_clk_0.FCLK_CLK_0_BUFG/O
                         net (fo=819, routed)         0.818     1.184    <hidden>
    SLICE_X40Y84         FDCE                                         r  <hidden>

Slack:                    inf
  Source:                 DB_i/axi_smc/inst/clk_map/psr_aclk/U0/ACTIVE_LOW_BSR_OUT_DFF[0].FDRE_BSR_N/C
                            (rising edge-triggered cell FDRE clocked by clk_fpga_0  {rise@0.000ns fall@2.000ns period=4.000ns})
  Destination:            <hidden>
                            (removal check against rising-edge clock clk_fpga_0  {rise@0.000ns fall@2.000ns period=4.000ns})
  Path Group:             (none)
  Path Type:              Removal (Min at Fast Process Corner)
  Data Path Delay:        0.877ns  (logic 0.208ns (23.719%)  route 0.669ns (76.281%))
  Logic Levels:           1  (LUT1=1)
  Clock Path Skew:        0.293ns (DCD - SCD - CPR)
    Destination Clock Delay (DCD):    1.184ns
    Source Clock Delay      (SCD):    0.891ns
    Clock Pessimism Removal (CPR):    -0.000ns
  Clock Uncertainty:      0.070ns  ((TSJ^2 + TIJ^2)^1/2 + DJ) / 2 + PE
    Total System Jitter     (TSJ):    0.071ns
    Total Input Jitter      (TIJ):    0.120ns
    Discrete Jitter          (DJ):    0.000ns
    Phase Error              (PE):    0.000ns
  Timing Exception:       False Path

    Location             Delay type                Incr(ns)  Path(ns)    Netlist Resource(s)
  -------------------------------------------------------------------    -------------------
                         (clock clk_fpga_0 rise edge)
                                                      0.000     0.000 r  
    PS7_X0Y0             PS7                          0.000     0.000 r  DB_i/processing_system7_0/inst/PS7_i/FCLKCLK[0]
                         net (fo=1, routed)           0.310     0.310    DB_i/processing_system7_0/inst/FCLK_CLK_unbuffered[0]
    BUFGCTRL_X0Y16       BUFG (Prop_bufg_I_O)         0.026     0.336 r  DB_i/processing_system7_0/inst/buffer_fclk_clk_0.FCLK_CLK_0_BUFG/O
                         net (fo=819, routed)         0.555     0.891    DB_i/axi_smc/inst/clk_map/psr_aclk/U0/aclk
    SLICE_X38Y90         FDRE                                         r  DB_i/axi_smc/inst/clk_map/psr_aclk/U0/ACTIVE_LOW_BSR_OUT_DFF[0].FDRE_BSR_N/C
  -------------------------------------------------------------------    -------------------
    SLICE_X38Y90         FDRE (Prop_fdre_C_Q)         0.164     1.055 r  DB_i/axi_smc/inst/clk_map/psr_aclk/U0/ACTIVE_LOW_BSR_OUT_DFF[0].FDRE_BSR_N/Q
                         net (fo=9, routed)           0.425     1.480    <hidden>
    SLICE_X40Y85         LUT1 (Prop_lut1_I0_O)        0.044     1.524 f  <hidden>
                         net (fo=3, routed)           0.243     1.768    <hidden>
    SLICE_X40Y84         FDCE                                         f  <hidden>
  -------------------------------------------------------------------    -------------------

                         (clock clk_fpga_0 rise edge)
                                                      0.000     0.000 r  
    PS7_X0Y0             PS7                          0.000     0.000 r  DB_i/processing_system7_0/inst/PS7_i/FCLKCLK[0]
                         net (fo=1, routed)           0.337     0.337    DB_i/processing_system7_0/inst/FCLK_CLK_unbuffered[0]
    BUFGCTRL_X0Y16       BUFG (Prop_bufg_I_O)         0.029     0.366 r  DB_i/processing_system7_0/inst/buffer_fclk_clk_0.FCLK_CLK_0_BUFG/O
                         net (fo=819, routed)         0.818     1.184    <hidden>
    SLICE_X40Y84         FDCE                                         r  <hidden>

Slack:                    inf
  Source:                 DB_i/rst_ps7_0_250M/U0/ACTIVE_LOW_PR_OUT_DFF[0].FDRE_PER_N/C
                            (rising edge-triggered cell FDRE clocked by clk_fpga_0  {rise@0.000ns fall@2.000ns period=4.000ns})
  Destination:            DB_i/axi_smc/inst/clk_map/psr_aclk/U0/EXT_LPF/ACTIVE_LOW_AUX.ACT_LO_AUX/GENERATE_LEVEL_P_S_CDC.SINGLE_BIT.CROSS_PLEVEL_IN2SCNDRY_IN_cdc_to/D
                            (rising edge-triggered cell FDRE clocked by clk_fpga_0  {rise@0.000ns fall@2.000ns period=4.000ns})
  Path Group:             (none)
  Path Type:              Hold (Min at Fast Process Corner)
  Data Path Delay:        0.895ns  (logic 0.186ns (20.785%)  route 0.709ns (79.215%))
  Logic Levels:           1  (LUT1=1)
  Clock Path Skew:        0.300ns (DCD - SCD - CPR)
    Destination Clock Delay (DCD):    1.188ns
    Source Clock Delay      (SCD):    0.888ns
    Clock Pessimism Removal (CPR):    -0.000ns
  Clock Uncertainty:      0.070ns  ((TSJ^2 + TIJ^2)^1/2 + DJ) / 2 + PE
    Total System Jitter     (TSJ):    0.071ns
    Total Input Jitter      (TIJ):    0.120ns
    Discrete Jitter          (DJ):    0.000ns
    Phase Error              (PE):    0.000ns
  Timing Exception:       False Path

    Location             Delay type                Incr(ns)  Path(ns)    Netlist Resource(s)
  -------------------------------------------------------------------    -------------------
                         (clock clk_fpga_0 rise edge)
                                                      0.000     0.000 r  
    PS7_X0Y0             PS7                          0.000     0.000 r  DB_i/processing_system7_0/inst/PS7_i/FCLKCLK[0]
                         net (fo=1, routed)           0.310     0.310    DB_i/processing_system7_0/inst/FCLK_CLK_unbuffered[0]
    BUFGCTRL_X0Y16       BUFG (Prop_bufg_I_O)         0.026     0.336 r  DB_i/processing_system7_0/inst/buffer_fclk_clk_0.FCLK_CLK_0_BUFG/O
                         net (fo=819, routed)         0.552     0.888    DB_i/rst_ps7_0_250M/U0/slowest_sync_clk
    SLICE_X35Y82         FDRE                                         r  DB_i/rst_ps7_0_250M/U0/ACTIVE_LOW_PR_OUT_DFF[0].FDRE_PER_N/C
  -------------------------------------------------------------------    -------------------
    SLICE_X35Y82         FDRE (Prop_fdre_C_Q)         0.141     1.029 f  DB_i/rst_ps7_0_250M/U0/ACTIVE_LOW_PR_OUT_DFF[0].FDRE_PER_N/Q
                         net (fo=10, routed)          0.469     1.497    DB_i/axi_smc/inst/clk_map/psr_aclk/U0/EXT_LPF/ACTIVE_LOW_AUX.ACT_LO_AUX/aresetn
    SLICE_X37Y88         LUT1 (Prop_lut1_I0_O)        0.045     1.542 r  DB_i/axi_smc/inst/clk_map/psr_aclk/U0/EXT_LPF/ACTIVE_LOW_AUX.ACT_LO_AUX/GENERATE_LEVEL_P_S_CDC.SINGLE_BIT.CROSS_PLEVEL_IN2SCNDRY_IN_cdc_to_i_1/O
                         net (fo=1, routed)           0.240     1.782    DB_i/axi_smc/inst/clk_map/psr_aclk/U0/EXT_LPF/ACTIVE_LOW_AUX.ACT_LO_AUX/asr_d1
    SLICE_X37Y88         FDRE                                         r  DB_i/axi_smc/inst/clk_map/psr_aclk/U0/EXT_LPF/ACTIVE_LOW_AUX.ACT_LO_AUX/GENERATE_LEVEL_P_S_CDC.SINGLE_BIT.CROSS_PLEVEL_IN2SCNDRY_IN_cdc_to/D
  -------------------------------------------------------------------    -------------------

                         (clock clk_fpga_0 rise edge)
                                                      0.000     0.000 r  
    PS7_X0Y0             PS7                          0.000     0.000 r  DB_i/processing_system7_0/inst/PS7_i/FCLKCLK[0]
                         net (fo=1, routed)           0.337     0.337    DB_i/processing_system7_0/inst/FCLK_CLK_unbuffered[0]
    BUFGCTRL_X0Y16       BUFG (Prop_bufg_I_O)         0.029     0.366 r  DB_i/processing_system7_0/inst/buffer_fclk_clk_0.FCLK_CLK_0_BUFG/O
                         net (fo=819, routed)         0.822     1.188    DB_i/axi_smc/inst/clk_map/psr_aclk/U0/EXT_LPF/ACTIVE_LOW_AUX.ACT_LO_AUX/aclk
    SLICE_X37Y88         FDRE                                         r  DB_i/axi_smc/inst/clk_map/psr_aclk/U0/EXT_LPF/ACTIVE_LOW_AUX.ACT_LO_AUX/GENERATE_LEVEL_P_S_CDC.SINGLE_BIT.CROSS_PLEVEL_IN2SCNDRY_IN_cdc_to/C





--------------------------------------------------------------------------------------
Path Group:  (none)
From Clock:  clk_fpga_0
  To Clock:  

Max Delay             4 Endpoints
Min Delay             4 Endpoints
--------------------------------------------------------------------------------------


Max Delay Paths
--------------------------------------------------------------------------------------
Slack:                    inf
  Source:                 DB_i/YK71_Tracker_AXI_0/U0/YK71_Tracker_AXI_slave_lite_v1_0_S00_AXI_inst/YK71_Core_Inst/tail_cnt_reg[1]/C
                            (rising edge-triggered cell FDRE clocked by clk_fpga_0  {rise@0.000ns fall@2.000ns period=4.000ns})
  Destination:            r_out_0
                            (output port)
  Path Group:             (none)
  Path Type:              Max at Slow Process Corner
  Data Path Delay:        11.654ns  (logic 4.968ns (42.633%)  route 6.686ns (57.367%))
  Logic Levels:           5  (CARRY4=2 LUT2=1 LUT5=1 OBUF=1)
  Clock Uncertainty:      0.065ns  ((TSJ^2 + TIJ^2)^1/2 + DJ) / 2 + PE
    Total System Jitter     (TSJ):    0.050ns
    Total Input Jitter      (TIJ):    0.120ns
    Discrete Jitter          (DJ):    0.000ns
    Phase Error              (PE):    0.000ns

    Location             Delay type                Incr(ns)  Path(ns)    Netlist Resource(s)
  -------------------------------------------------------------------    -------------------
                         (clock clk_fpga_0 rise edge)
                                                      0.000     0.000 r  
    PS7_X0Y0             PS7                          0.000     0.000 r  DB_i/processing_system7_0/inst/PS7_i/FCLKCLK[0]
                         net (fo=1, routed)           1.193     1.193    DB_i/processing_system7_0/inst/FCLK_CLK_unbuffered[0]
    BUFGCTRL_X0Y16       BUFG (Prop_bufg_I_O)         0.101     1.294 r  DB_i/processing_system7_0/inst/buffer_fclk_clk_0.FCLK_CLK_0_BUFG/O
                         net (fo=819, routed)         1.845     3.139    DB_i/YK71_Tracker_AXI_0/U0/YK71_Tracker_AXI_slave_lite_v1_0_S00_AXI_inst/YK71_Core_Inst/s00_axi_aclk
    SLICE_X34Y100        FDRE                                         r  DB_i/YK71_Tracker_AXI_0/U0/YK71_Tracker_AXI_slave_lite_v1_0_S00_AXI_inst/YK71_Core_Inst/tail_cnt_reg[1]/C
  -------------------------------------------------------------------    -------------------
    SLICE_X34Y100        FDRE (Prop_fdre_C_Q)         0.518     3.657 f  DB_i/YK71_Tracker_AXI_0/U0/YK71_Tracker_AXI_slave_lite_v1_0_S00_AXI_inst/YK71_Core_Inst/tail_cnt_reg[1]/Q
                         net (fo=2, routed)           1.206     4.863    DB_i/YK71_Tracker_AXI_0/U0/YK71_Tracker_AXI_slave_lite_v1_0_S00_AXI_inst/YK71_Core_Inst/tail_cnt_reg_n_0_[1]
    SLICE_X32Y95         LUT2 (Prop_lut2_I1_O)        0.124     4.987 r  DB_i/YK71_Tracker_AXI_0/U0/YK71_Tracker_AXI_slave_lite_v1_0_S00_AXI_inst/YK71_Core_Inst/r_out2_carry_i_6/O
                         net (fo=1, routed)           0.000     4.987    DB_i/YK71_Tracker_AXI_0/U0/YK71_Tracker_AXI_slave_lite_v1_0_S00_AXI_inst/YK71_Core_Inst/r_out2_carry_i_6_n_0
    SLICE_X32Y95         CARRY4 (Prop_carry4_S[0]_CO[3])
                                                      0.513     5.500 r  DB_i/YK71_Tracker_AXI_0/U0/YK71_Tracker_AXI_slave_lite_v1_0_S00_AXI_inst/YK71_Core_Inst/r_out2_carry/CO[3]
                         net (fo=1, routed)           0.000     5.500    DB_i/YK71_Tracker_AXI_0/U0/YK71_Tracker_AXI_slave_lite_v1_0_S00_AXI_inst/YK71_Core_Inst/r_out2_carry_n_0
    SLICE_X32Y96         CARRY4 (Prop_carry4_CI_CO[3])
                                                      0.117     5.617 r  DB_i/YK71_Tracker_AXI_0/U0/YK71_Tracker_AXI_slave_lite_v1_0_S00_AXI_inst/YK71_Core_Inst/r_out2_carry__0/CO[3]
                         net (fo=1, routed)           1.602     7.219    DB_i/YK71_Tracker_AXI_0/U0/YK71_Tracker_AXI_slave_lite_v1_0_S00_AXI_inst/YK71_Core_Inst/r_out2
    SLICE_X40Y97         LUT5 (Prop_lut5_I0_O)        0.124     7.343 r  DB_i/YK71_Tracker_AXI_0/U0/YK71_Tracker_AXI_slave_lite_v1_0_S00_AXI_inst/YK71_Core_Inst/r_out_INST_0/O
                         net (fo=1, routed)           3.878    11.221    r_out_0_OBUF
    N16                  OBUF (Prop_obuf_I_O)         3.572    14.793 r  r_out_0_OBUF_inst/O
                         net (fo=0)                   0.000    14.793    r_out_0
    N16                                                               r  r_out_0 (OUT)
  -------------------------------------------------------------------    -------------------

Slack:                    inf
  Source:                 DB_i/YK71_Tracker_AXI_0/U0/YK71_Tracker_AXI_slave_lite_v1_0_S00_AXI_inst/YK71_Core_Inst/tail_cnt_reg[4]/C
                            (rising edge-triggered cell FDRE clocked by clk_fpga_0  {rise@0.000ns fall@2.000ns period=4.000ns})
  Destination:            csbs2_out_0
                            (output port)
  Path Group:             (none)
  Path Type:              Max at Slow Process Corner
  Data Path Delay:        10.805ns  (logic 4.462ns (41.295%)  route 6.343ns (58.705%))
  Logic Levels:           4  (LUT2=1 LUT6=2 OBUF=1)
  Clock Uncertainty:      0.065ns  ((TSJ^2 + TIJ^2)^1/2 + DJ) / 2 + PE
    Total System Jitter     (TSJ):    0.050ns
    Total Input Jitter      (TIJ):    0.120ns
    Discrete Jitter          (DJ):    0.000ns
    Phase Error              (PE):    0.000ns

    Location             Delay type                Incr(ns)  Path(ns)    Netlist Resource(s)
  -------------------------------------------------------------------    -------------------
                         (clock clk_fpga_0 rise edge)
                                                      0.000     0.000 r  
    PS7_X0Y0             PS7                          0.000     0.000 r  DB_i/processing_system7_0/inst/PS7_i/FCLKCLK[0]
                         net (fo=1, routed)           1.193     1.193    DB_i/processing_system7_0/inst/FCLK_CLK_unbuffered[0]
    BUFGCTRL_X0Y16       BUFG (Prop_bufg_I_O)         0.101     1.294 r  DB_i/processing_system7_0/inst/buffer_fclk_clk_0.FCLK_CLK_0_BUFG/O
                         net (fo=819, routed)         1.845     3.139    DB_i/YK71_Tracker_AXI_0/U0/YK71_Tracker_AXI_slave_lite_v1_0_S00_AXI_inst/YK71_Core_Inst/s00_axi_aclk
    SLICE_X34Y100        FDRE                                         r  DB_i/YK71_Tracker_AXI_0/U0/YK71_Tracker_AXI_slave_lite_v1_0_S00_AXI_inst/YK71_Core_Inst/tail_cnt_reg[4]/C
  -------------------------------------------------------------------    -------------------
    SLICE_X34Y100        FDRE (Prop_fdre_C_Q)         0.518     3.657 f  DB_i/YK71_Tracker_AXI_0/U0/YK71_Tracker_AXI_slave_lite_v1_0_S00_AXI_inst/YK71_Core_Inst/tail_cnt_reg[4]/Q
                         net (fo=7, routed)           1.221     4.878    DB_i/YK71_Tracker_AXI_0/U0/YK71_Tracker_AXI_slave_lite_v1_0_S00_AXI_inst/YK71_Core_Inst/tail_cnt_reg_n_0_[4]
    SLICE_X40Y95         LUT2 (Prop_lut2_I0_O)        0.124     5.002 f  DB_i/YK71_Tracker_AXI_0/U0/YK71_Tracker_AXI_slave_lite_v1_0_S00_AXI_inst/YK71_Core_Inst/r_out_INST_0_i_3/O
                         net (fo=2, routed)           0.680     5.682    DB_i/YK71_Tracker_AXI_0/U0/YK71_Tracker_AXI_slave_lite_v1_0_S00_AXI_inst/YK71_Core_Inst/r_out_INST_0_i_3_n_0
    SLICE_X40Y95         LUT6 (Prop_lut6_I0_O)        0.124     5.806 r  DB_i/YK71_Tracker_AXI_0/U0/YK71_Tracker_AXI_slave_lite_v1_0_S00_AXI_inst/YK71_Core_Inst/csbs2_out_INST_0_i_1/O
                         net (fo=1, routed)           0.574     6.380    DB_i/YK71_Tracker_AXI_0/U0/YK71_Tracker_AXI_slave_lite_v1_0_S00_AXI_inst/YK71_Core_Inst/csbs2_out_INST_0_i_1_n_0
    SLICE_X41Y97         LUT6 (Prop_lut6_I1_O)        0.124     6.504 r  DB_i/YK71_Tracker_AXI_0/U0/YK71_Tracker_AXI_slave_lite_v1_0_S00_AXI_inst/YK71_Core_Inst/csbs2_out_INST_0/O
                         net (fo=2, routed)           3.868    10.372    csbs2_out_0_OBUF
    L15                  OBUF (Prop_obuf_I_O)         3.572    13.944 r  csbs2_out_0_OBUF_inst/O
                         net (fo=0)                   0.000    13.944    csbs2_out_0
    L15                                                               r  csbs2_out_0 (OUT)
  -------------------------------------------------------------------    -------------------

Slack:                    inf
  Source:                 DB_i/YK71_Tracker_AXI_0/U0/YK71_Tracker_AXI_slave_lite_v1_0_S00_AXI_inst/YK71_Core_Inst/tail_cnt_reg[11]/C
                            (rising edge-triggered cell FDRE clocked by clk_fpga_0  {rise@0.000ns fall@2.000ns period=4.000ns})
  Destination:            csbs1_out_0
                            (output port)
  Path Group:             (none)
  Path Type:              Max at Slow Process Corner
  Data Path Delay:        10.616ns  (logic 4.423ns (41.668%)  route 6.192ns (58.332%))
  Logic Levels:           4  (LUT2=1 LUT6=2 OBUF=1)
  Clock Uncertainty:      0.065ns  ((TSJ^2 + TIJ^2)^1/2 + DJ) / 2 + PE
    Total System Jitter     (TSJ):    0.050ns
    Total Input Jitter      (TIJ):    0.120ns
    Discrete Jitter          (DJ):    0.000ns
    Phase Error              (PE):    0.000ns

    Location             Delay type                Incr(ns)  Path(ns)    Netlist Resource(s)
  -------------------------------------------------------------------    -------------------
                         (clock clk_fpga_0 rise edge)
                                                      0.000     0.000 r  
    PS7_X0Y0             PS7                          0.000     0.000 r  DB_i/processing_system7_0/inst/PS7_i/FCLKCLK[0]
                         net (fo=1, routed)           1.193     1.193    DB_i/processing_system7_0/inst/FCLK_CLK_unbuffered[0]
    BUFGCTRL_X0Y16       BUFG (Prop_bufg_I_O)         0.101     1.294 r  DB_i/processing_system7_0/inst/buffer_fclk_clk_0.FCLK_CLK_0_BUFG/O
                         net (fo=819, routed)         1.652     2.946    DB_i/YK71_Tracker_AXI_0/U0/YK71_Tracker_AXI_slave_lite_v1_0_S00_AXI_inst/YK71_Core_Inst/s00_axi_aclk
    SLICE_X35Y96         FDRE                                         r  DB_i/YK71_Tracker_AXI_0/U0/YK71_Tracker_AXI_slave_lite_v1_0_S00_AXI_inst/YK71_Core_Inst/tail_cnt_reg[11]/C
  -------------------------------------------------------------------    -------------------
    SLICE_X35Y96         FDRE (Prop_fdre_C_Q)         0.456     3.402 f  DB_i/YK71_Tracker_AXI_0/U0/YK71_Tracker_AXI_slave_lite_v1_0_S00_AXI_inst/YK71_Core_Inst/tail_cnt_reg[11]/Q
                         net (fo=5, routed)           1.153     4.555    DB_i/YK71_Tracker_AXI_0/U0/YK71_Tracker_AXI_slave_lite_v1_0_S00_AXI_inst/YK71_Core_Inst/tail_cnt_reg_n_0_[11]
    SLICE_X40Y97         LUT2 (Prop_lut2_I0_O)        0.124     4.679 f  DB_i/YK71_Tracker_AXI_0/U0/YK71_Tracker_AXI_slave_lite_v1_0_S00_AXI_inst/YK71_Core_Inst/csbs2_out_INST_0_i_2/O
                         net (fo=4, routed)           0.604     5.283    DB_i/YK71_Tracker_AXI_0/U0/YK71_Tracker_AXI_slave_lite_v1_0_S00_AXI_inst/YK71_Core_Inst/csbs2_out_INST_0_i_2_n_0
    SLICE_X41Y97         LUT6 (Prop_lut6_I5_O)        0.124     5.407 r  DB_i/YK71_Tracker_AXI_0/U0/YK71_Tracker_AXI_slave_lite_v1_0_S00_AXI_inst/YK71_Core_Inst/csbs1_out_INST_0_i_1/O
                         net (fo=1, routed)           0.433     5.840    DB_i/YK71_Tracker_AXI_0/U0/YK71_Tracker_AXI_slave_lite_v1_0_S00_AXI_inst/YK71_Core_Inst/csbs1_out_INST_0_i_1_n_0
    SLICE_X41Y97         LUT6 (Prop_lut6_I0_O)        0.124     5.964 r  DB_i/YK71_Tracker_AXI_0/U0/YK71_Tracker_AXI_slave_lite_v1_0_S00_AXI_inst/YK71_Core_Inst/csbs1_out_INST_0/O
                         net (fo=2, routed)           4.002     9.966    csbs1_out_0_OBUF
    L14                  OBUF (Prop_obuf_I_O)         3.595    13.562 r  csbs1_out_0_OBUF_inst/O
                         net (fo=0)                   0.000    13.562    csbs1_out_0
    L14                                                               r  csbs1_out_0 (OUT)
  -------------------------------------------------------------------    -------------------

Slack:                    inf
  Source:                 DB_i/YK71_Tracker_AXI_0/U0/YK71_Tracker_AXI_slave_lite_v1_0_S00_AXI_inst/YK71_Core_Inst/cp3_state_reg/C
                            (rising edge-triggered cell FDRE clocked by clk_fpga_0  {rise@0.000ns fall@2.000ns period=4.000ns})
  Destination:            cp3_out_0
                            (output port)
  Path Group:             (none)
  Path Type:              Max at Slow Process Corner
  Data Path Delay:        7.169ns  (logic 4.093ns (57.095%)  route 3.076ns (42.905%))
  Logic Levels:           1  (OBUF=1)
  Clock Uncertainty:      0.065ns  ((TSJ^2 + TIJ^2)^1/2 + DJ) / 2 + PE
    Total System Jitter     (TSJ):    0.050ns
    Total Input Jitter      (TIJ):    0.120ns
    Discrete Jitter          (DJ):    0.000ns
    Phase Error              (PE):    0.000ns

    Location             Delay type                Incr(ns)  Path(ns)    Netlist Resource(s)
  -------------------------------------------------------------------    -------------------
                         (clock clk_fpga_0 rise edge)
                                                      0.000     0.000 r  
    PS7_X0Y0             PS7                          0.000     0.000 r  DB_i/processing_system7_0/inst/PS7_i/FCLKCLK[0]
                         net (fo=1, routed)           1.193     1.193    DB_i/processing_system7_0/inst/FCLK_CLK_unbuffered[0]
    BUFGCTRL_X0Y16       BUFG (Prop_bufg_I_O)         0.101     1.294 r  DB_i/processing_system7_0/inst/buffer_fclk_clk_0.FCLK_CLK_0_BUFG/O
                         net (fo=819, routed)         1.844     3.138    DB_i/YK71_Tracker_AXI_0/U0/YK71_Tracker_AXI_slave_lite_v1_0_S00_AXI_inst/YK71_Core_Inst/s00_axi_aclk
    SLICE_X34Y103        FDRE                                         r  DB_i/YK71_Tracker_AXI_0/U0/YK71_Tracker_AXI_slave_lite_v1_0_S00_AXI_inst/YK71_Core_Inst/cp3_state_reg/C
  -------------------------------------------------------------------    -------------------
    SLICE_X34Y103        FDRE (Prop_fdre_C_Q)         0.518     3.656 r  DB_i/YK71_Tracker_AXI_0/U0/YK71_Tracker_AXI_slave_lite_v1_0_S00_AXI_inst/YK71_Core_Inst/cp3_state_reg/Q
                         net (fo=3, routed)           3.076     6.732    cp3_out_0_OBUF
    N15                  OBUF (Prop_obuf_I_O)         3.575    10.307 r  cp3_out_0_OBUF_inst/O
                         net (fo=0)                   0.000    10.307    cp3_out_0
    N15                                                               r  cp3_out_0 (OUT)
  -------------------------------------------------------------------    -------------------





Min Delay Paths
--------------------------------------------------------------------------------------
Slack:                    inf
  Source:                 DB_i/YK71_Tracker_AXI_0/U0/YK71_Tracker_AXI_slave_lite_v1_0_S00_AXI_inst/YK71_Core_Inst/cp3_state_reg/C
                            (rising edge-triggered cell FDRE clocked by clk_fpga_0  {rise@0.000ns fall@2.000ns period=4.000ns})
  Destination:            cp3_out_0
                            (output port)
  Path Group:             (none)
  Path Type:              Min at Fast Process Corner
  Data Path Delay:        2.383ns  (logic 1.439ns (60.401%)  route 0.944ns (39.599%))
  Logic Levels:           1  (OBUF=1)
  Clock Uncertainty:      0.065ns  ((TSJ^2 + TIJ^2)^1/2 + DJ) / 2 + PE
    Total System Jitter     (TSJ):    0.050ns
    Total Input Jitter      (TIJ):    0.120ns
    Discrete Jitter          (DJ):    0.000ns
    Phase Error              (PE):    0.000ns

    Location             Delay type                Incr(ns)  Path(ns)    Netlist Resource(s)
  -------------------------------------------------------------------    -------------------
                         (clock clk_fpga_0 rise edge)
                                                      0.000     0.000 r  
    PS7_X0Y0             PS7                          0.000     0.000 r  DB_i/processing_system7_0/inst/PS7_i/FCLKCLK[0]
                         net (fo=1, routed)           0.310     0.310    DB_i/processing_system7_0/inst/FCLK_CLK_unbuffered[0]
    BUFGCTRL_X0Y16       BUFG (Prop_bufg_I_O)         0.026     0.336 r  DB_i/processing_system7_0/inst/buffer_fclk_clk_0.FCLK_CLK_0_BUFG/O
                         net (fo=819, routed)         0.640     0.976    DB_i/YK71_Tracker_AXI_0/U0/YK71_Tracker_AXI_slave_lite_v1_0_S00_AXI_inst/YK71_Core_Inst/s00_axi_aclk
    SLICE_X34Y103        FDRE                                         r  DB_i/YK71_Tracker_AXI_0/U0/YK71_Tracker_AXI_slave_lite_v1_0_S00_AXI_inst/YK71_Core_Inst/cp3_state_reg/C
  -------------------------------------------------------------------    -------------------
    SLICE_X34Y103        FDRE (Prop_fdre_C_Q)         0.164     1.140 r  DB_i/YK71_Tracker_AXI_0/U0/YK71_Tracker_AXI_slave_lite_v1_0_S00_AXI_inst/YK71_Core_Inst/cp3_state_reg/Q
                         net (fo=3, routed)           0.944     2.084    cp3_out_0_OBUF
    N15                  OBUF (Prop_obuf_I_O)         1.275     3.359 r  cp3_out_0_OBUF_inst/O
                         net (fo=0)                   0.000     3.359    cp3_out_0
    N15                                                               r  cp3_out_0 (OUT)
  -------------------------------------------------------------------    -------------------

Slack:                    inf
  Source:                 DB_i/YK71_Tracker_AXI_0/U0/YK71_Tracker_AXI_slave_lite_v1_0_S00_AXI_inst/YK71_Core_Inst/tail_cnt_reg[14]/C
                            (rising edge-triggered cell FDRE clocked by clk_fpga_0  {rise@0.000ns fall@2.000ns period=4.000ns})
  Destination:            csbs2_out_0
                            (output port)
  Path Group:             (none)
  Path Type:              Min at Fast Process Corner
  Data Path Delay:        3.178ns  (logic 1.459ns (45.900%)  route 1.719ns (54.100%))
  Logic Levels:           2  (LUT6=1 OBUF=1)
  Clock Uncertainty:      0.065ns  ((TSJ^2 + TIJ^2)^1/2 + DJ) / 2 + PE
    Total System Jitter     (TSJ):    0.050ns
    Total Input Jitter      (TIJ):    0.120ns
    Discrete Jitter          (DJ):    0.000ns
    Phase Error              (PE):    0.000ns

    Location             Delay type                Incr(ns)  Path(ns)    Netlist Resource(s)
  -------------------------------------------------------------------    -------------------
                         (clock clk_fpga_0 rise edge)
                                                      0.000     0.000 r  
    PS7_X0Y0             PS7                          0.000     0.000 r  DB_i/processing_system7_0/inst/PS7_i/FCLKCLK[0]
                         net (fo=1, routed)           0.310     0.310    DB_i/processing_system7_0/inst/FCLK_CLK_unbuffered[0]
    BUFGCTRL_X0Y16       BUFG (Prop_bufg_I_O)         0.026     0.336 r  DB_i/processing_system7_0/inst/buffer_fclk_clk_0.FCLK_CLK_0_BUFG/O
                         net (fo=819, routed)         0.559     0.895    DB_i/YK71_Tracker_AXI_0/U0/YK71_Tracker_AXI_slave_lite_v1_0_S00_AXI_inst/YK71_Core_Inst/s00_axi_aclk
    SLICE_X35Y97         FDRE                                         r  DB_i/YK71_Tracker_AXI_0/U0/YK71_Tracker_AXI_slave_lite_v1_0_S00_AXI_inst/YK71_Core_Inst/tail_cnt_reg[14]/C
  -------------------------------------------------------------------    -------------------
    SLICE_X35Y97         FDRE (Prop_fdre_C_Q)         0.141     1.036 f  DB_i/YK71_Tracker_AXI_0/U0/YK71_Tracker_AXI_slave_lite_v1_0_S00_AXI_inst/YK71_Core_Inst/tail_cnt_reg[14]/Q
                         net (fo=7, routed)           0.270     1.306    DB_i/YK71_Tracker_AXI_0/U0/YK71_Tracker_AXI_slave_lite_v1_0_S00_AXI_inst/YK71_Core_Inst/tail_cnt_reg_n_0_[14]
    SLICE_X41Y97         LUT6 (Prop_lut6_I3_O)        0.045     1.351 r  DB_i/YK71_Tracker_AXI_0/U0/YK71_Tracker_AXI_slave_lite_v1_0_S00_AXI_inst/YK71_Core_Inst/csbs2_out_INST_0/O
                         net (fo=2, routed)           1.449     2.800    csbs2_out_0_OBUF
    L15                  OBUF (Prop_obuf_I_O)         1.273     4.072 r  csbs2_out_0_OBUF_inst/O
                         net (fo=0)                   0.000     4.072    csbs2_out_0
    L15                                                               r  csbs2_out_0 (OUT)
  -------------------------------------------------------------------    -------------------

Slack:                    inf
  Source:                 DB_i/YK71_Tracker_AXI_0/U0/YK71_Tracker_AXI_slave_lite_v1_0_S00_AXI_inst/YK71_Core_Inst/tail_cnt_reg[13]/C
                            (rising edge-triggered cell FDRE clocked by clk_fpga_0  {rise@0.000ns fall@2.000ns period=4.000ns})
  Destination:            r_out_0
                            (output port)
  Path Group:             (none)
  Path Type:              Min at Fast Process Corner
  Data Path Delay:        3.185ns  (logic 1.459ns (45.807%)  route 1.726ns (54.193%))
  Logic Levels:           2  (LUT5=1 OBUF=1)
  Clock Uncertainty:      0.065ns  ((TSJ^2 + TIJ^2)^1/2 + DJ) / 2 + PE
    Total System Jitter     (TSJ):    0.050ns
    Total Input Jitter      (TIJ):    0.120ns
    Discrete Jitter          (DJ):    0.000ns
    Phase Error              (PE):    0.000ns

    Location             Delay type                Incr(ns)  Path(ns)    Netlist Resource(s)
  -------------------------------------------------------------------    -------------------
                         (clock clk_fpga_0 rise edge)
                                                      0.000     0.000 r  
    PS7_X0Y0             PS7                          0.000     0.000 r  DB_i/processing_system7_0/inst/PS7_i/FCLKCLK[0]
                         net (fo=1, routed)           0.310     0.310    DB_i/processing_system7_0/inst/FCLK_CLK_unbuffered[0]
    BUFGCTRL_X0Y16       BUFG (Prop_bufg_I_O)         0.026     0.336 r  DB_i/processing_system7_0/inst/buffer_fclk_clk_0.FCLK_CLK_0_BUFG/O
                         net (fo=819, routed)         0.559     0.895    DB_i/YK71_Tracker_AXI_0/U0/YK71_Tracker_AXI_slave_lite_v1_0_S00_AXI_inst/YK71_Core_Inst/s00_axi_aclk
    SLICE_X35Y97         FDRE                                         r  DB_i/YK71_Tracker_AXI_0/U0/YK71_Tracker_AXI_slave_lite_v1_0_S00_AXI_inst/YK71_Core_Inst/tail_cnt_reg[13]/C
  -------------------------------------------------------------------    -------------------
    SLICE_X35Y97         FDRE (Prop_fdre_C_Q)         0.141     1.036 f  DB_i/YK71_Tracker_AXI_0/U0/YK71_Tracker_AXI_slave_lite_v1_0_S00_AXI_inst/YK71_Core_Inst/tail_cnt_reg[13]/Q
                         net (fo=7, routed)           0.286     1.322    DB_i/YK71_Tracker_AXI_0/U0/YK71_Tracker_AXI_slave_lite_v1_0_S00_AXI_inst/YK71_Core_Inst/tail_cnt_reg_n_0_[13]
    SLICE_X40Y97         LUT5 (Prop_lut5_I3_O)        0.045     1.367 r  DB_i/YK71_Tracker_AXI_0/U0/YK71_Tracker_AXI_slave_lite_v1_0_S00_AXI_inst/YK71_Core_Inst/r_out_INST_0/O
                         net (fo=1, routed)           1.440     2.807    r_out_0_OBUF
    N16                  OBUF (Prop_obuf_I_O)         1.273     4.079 r  r_out_0_OBUF_inst/O
                         net (fo=0)                   0.000     4.079    r_out_0
    N16                                                               r  r_out_0 (OUT)
  -------------------------------------------------------------------    -------------------

Slack:                    inf
  Source:                 DB_i/YK71_Tracker_AXI_0/U0/YK71_Tracker_AXI_slave_lite_v1_0_S00_AXI_inst/YK71_Core_Inst/tail_cnt_reg[8]/C
                            (rising edge-triggered cell FDRE clocked by clk_fpga_0  {rise@0.000ns fall@2.000ns period=4.000ns})
  Destination:            csbs1_out_0
                            (output port)
  Path Group:             (none)
  Path Type:              Min at Fast Process Corner
  Data Path Delay:        3.302ns  (logic 1.522ns (46.076%)  route 1.781ns (53.924%))
  Logic Levels:           2  (LUT6=1 OBUF=1)
  Clock Uncertainty:      0.065ns  ((TSJ^2 + TIJ^2)^1/2 + DJ) / 2 + PE
    Total System Jitter     (TSJ):    0.050ns
    Total Input Jitter      (TIJ):    0.120ns
    Discrete Jitter          (DJ):    0.000ns
    Phase Error              (PE):    0.000ns

    Location             Delay type                Incr(ns)  Path(ns)    Netlist Resource(s)
  -------------------------------------------------------------------    -------------------
                         (clock clk_fpga_0 rise edge)
                                                      0.000     0.000 r  
    PS7_X0Y0             PS7                          0.000     0.000 r  DB_i/processing_system7_0/inst/PS7_i/FCLKCLK[0]
                         net (fo=1, routed)           0.310     0.310    DB_i/processing_system7_0/inst/FCLK_CLK_unbuffered[0]
    BUFGCTRL_X0Y16       BUFG (Prop_bufg_I_O)         0.026     0.336 r  DB_i/processing_system7_0/inst/buffer_fclk_clk_0.FCLK_CLK_0_BUFG/O
                         net (fo=819, routed)         0.558     0.894    DB_i/YK71_Tracker_AXI_0/U0/YK71_Tracker_AXI_slave_lite_v1_0_S00_AXI_inst/YK71_Core_Inst/s00_axi_aclk
    SLICE_X35Y96         FDRE                                         r  DB_i/YK71_Tracker_AXI_0/U0/YK71_Tracker_AXI_slave_lite_v1_0_S00_AXI_inst/YK71_Core_Inst/tail_cnt_reg[8]/C
  -------------------------------------------------------------------    -------------------
    SLICE_X35Y96         FDRE (Prop_fdre_C_Q)         0.128     1.022 f  DB_i/YK71_Tracker_AXI_0/U0/YK71_Tracker_AXI_slave_lite_v1_0_S00_AXI_inst/YK71_Core_Inst/tail_cnt_reg[8]/Q
                         net (fo=7, routed)           0.290     1.311    DB_i/YK71_Tracker_AXI_0/U0/YK71_Tracker_AXI_slave_lite_v1_0_S00_AXI_inst/YK71_Core_Inst/tail_cnt_reg_n_0_[8]
    SLICE_X41Y97         LUT6 (Prop_lut6_I4_O)        0.098     1.409 r  DB_i/YK71_Tracker_AXI_0/U0/YK71_Tracker_AXI_slave_lite_v1_0_S00_AXI_inst/YK71_Core_Inst/csbs1_out_INST_0/O
                         net (fo=2, routed)           1.491     2.900    csbs1_out_0_OBUF
    L14                  OBUF (Prop_obuf_I_O)         1.296     4.196 r  csbs1_out_0_OBUF_inst/O
                         net (fo=0)                   0.000     4.196    csbs1_out_0
    L14                                                               r  csbs1_out_0 (OUT)
  -------------------------------------------------------------------    -------------------





--------------------------------------------------------------------------------------
Path Group:  (none)
From Clock:  clk_out1_DB_clk_wiz_0_0
  To Clock:  

Max Delay             3 Endpoints
Min Delay             3 Endpoints
--------------------------------------------------------------------------------------


Max Delay Paths
--------------------------------------------------------------------------------------
Slack:                    inf
  Source:                 DB_i/target_moving_0/U0/target_out_reg_lopt_replica/C
                            (rising edge-triggered cell FDCE clocked by clk_out1_DB_clk_wiz_0_0  {rise@0.000ns fall@1.250ns period=2.500ns})
  Destination:            target_out_0
                            (output port)
  Path Group:             (none)
  Path Type:              Max at Slow Process Corner
  Data Path Delay:        8.656ns  (logic 4.121ns (47.605%)  route 4.535ns (52.395%))
  Logic Levels:           1  (OBUF=1)
  Clock Uncertainty:      0.134ns  ((TSJ^2 + DJ^2)^1/2) / 2 + PE
    Total System Jitter     (TSJ):    0.050ns
    Discrete Jitter          (DJ):    0.082ns
    Phase Error              (PE):    0.086ns

    Location             Delay type                Incr(ns)  Path(ns)    Netlist Resource(s)
  -------------------------------------------------------------------    -------------------
                         (clock clk_out1_DB_clk_wiz_0_0 rise edge)
                                                      0.000     0.000 r  
    BUFGCTRL_X0Y16       BUFG                         0.000     0.000 r  DB_i/processing_system7_0/inst/buffer_fclk_clk_0.FCLK_CLK_0_BUFG/O
                         net (fo=819, routed)         1.806     1.806    DB_i/clk_wiz_0/inst/clk_in1
    MMCME2_ADV_X1Y0      MMCME2_ADV (Prop_mmcme2_adv_CLKIN1_CLKOUT0)
                                                     -3.793    -1.987 r  DB_i/clk_wiz_0/inst/mmcm_adv_inst/CLKOUT0
                         net (fo=1, routed)           1.889    -0.098    DB_i/clk_wiz_0/inst/clk_out1_DB_clk_wiz_0_0
    BUFGCTRL_X0Y0        BUFG (Prop_bufg_I_O)         0.101     0.003 r  DB_i/clk_wiz_0/inst/clkout1_buf/O
                         net (fo=87, routed)          1.653     1.656    DB_i/target_moving_0/U0/clk
    SLICE_X37Y89         FDCE                                         r  DB_i/target_moving_0/U0/target_out_reg_lopt_replica/C
  -------------------------------------------------------------------    -------------------
    SLICE_X37Y89         FDCE (Prop_fdce_C_Q)         0.419     2.075 r  DB_i/target_moving_0/U0/target_out_reg_lopt_replica/Q
                         net (fo=1, routed)           4.535     6.610    lopt_1
    J20                  OBUF (Prop_obuf_I_O)         3.702    10.312 r  target_out_0_OBUF_inst/O
                         net (fo=0)                   0.000    10.312    target_out_0
    J20                                                               r  target_out_0 (OUT)
  -------------------------------------------------------------------    -------------------

Slack:                    inf
  Source:                 DB_i/dongbo_0/U0/sync_out_reg_lopt_replica/C
                            (rising edge-triggered cell FDCE clocked by clk_out1_DB_clk_wiz_0_0  {rise@0.000ns fall@1.250ns period=2.500ns})
  Destination:            sync_out_0
                            (output port)
  Path Group:             (none)
  Path Type:              Max at Slow Process Corner
  Data Path Delay:        8.236ns  (logic 3.980ns (48.330%)  route 4.255ns (51.670%))
  Logic Levels:           1  (OBUF=1)
  Clock Uncertainty:      0.134ns  ((TSJ^2 + DJ^2)^1/2) / 2 + PE
    Total System Jitter     (TSJ):    0.050ns
    Discrete Jitter          (DJ):    0.082ns
    Phase Error              (PE):    0.086ns

    Location             Delay type                Incr(ns)  Path(ns)    Netlist Resource(s)
  -------------------------------------------------------------------    -------------------
                         (clock clk_out1_DB_clk_wiz_0_0 rise edge)
                                                      0.000     0.000 r  
    BUFGCTRL_X0Y16       BUFG                         0.000     0.000 r  DB_i/processing_system7_0/inst/buffer_fclk_clk_0.FCLK_CLK_0_BUFG/O
                         net (fo=819, routed)         1.806     1.806    DB_i/clk_wiz_0/inst/clk_in1
    MMCME2_ADV_X1Y0      MMCME2_ADV (Prop_mmcme2_adv_CLKIN1_CLKOUT0)
                                                     -3.793    -1.987 r  DB_i/clk_wiz_0/inst/mmcm_adv_inst/CLKOUT0
                         net (fo=1, routed)           1.889    -0.098    DB_i/clk_wiz_0/inst/clk_out1_DB_clk_wiz_0_0
    BUFGCTRL_X0Y0        BUFG (Prop_bufg_I_O)         0.101     0.003 r  DB_i/clk_wiz_0/inst/clkout1_buf/O
                         net (fo=87, routed)          1.655     1.658    DB_i/dongbo_0/U0/clk
    SLICE_X41Y97         FDCE                                         r  DB_i/dongbo_0/U0/sync_out_reg_lopt_replica/C
  -------------------------------------------------------------------    -------------------
    SLICE_X41Y97         FDCE (Prop_fdce_C_Q)         0.456     2.114 r  DB_i/dongbo_0/U0/sync_out_reg_lopt_replica/Q
                         net (fo=1, routed)           4.255     6.369    lopt
    H20                  OBUF (Prop_obuf_I_O)         3.524     9.894 r  sync_out_0_OBUF_inst/O
                         net (fo=0)                   0.000     9.894    sync_out_0
    H20                                                               r  sync_out_0 (OUT)
  -------------------------------------------------------------------    -------------------

Slack:                    inf
  Source:                 DB_i/clk_wiz_0/inst/mmcm_adv_inst/CLKOUT0
                            (clock source 'clk_out1_DB_clk_wiz_0_0'  {rise@0.000ns fall@1.250ns period=2.500ns})
  Destination:            CLK_OUT
                            (output port)
  Path Group:             (none)
  Path Type:              Max at Slow Process Corner
  Data Path Delay:        8.855ns  (logic 3.608ns (40.739%)  route 5.248ns (59.261%))
  Logic Levels:           2  (BUFG=1 OBUF=1)
  Clock Uncertainty:      0.134ns  ((TSJ^2 + DJ^2)^1/2) / 2 + PE
    Total System Jitter     (TSJ):    0.050ns
    Discrete Jitter          (DJ):    0.082ns
    Phase Error              (PE):    0.086ns

    Location             Delay type                Incr(ns)  Path(ns)    Netlist Resource(s)
  -------------------------------------------------------------------    -------------------
                         (clock clk_out1_DB_clk_wiz_0_0 fall edge)
                                                      1.250     1.250 f  
    BUFGCTRL_X0Y16       BUFG                         0.000     1.250 f  DB_i/processing_system7_0/inst/buffer_fclk_clk_0.FCLK_CLK_0_BUFG/O
                         net (fo=819, routed)         1.806     3.056    DB_i/clk_wiz_0/inst/clk_in1
  -------------------------------------------------------------------    -------------------
    MMCME2_ADV_X1Y0      MMCME2_ADV (Prop_mmcme2_adv_CLKIN1_CLKOUT0)
                                                     -3.793    -0.737 f  DB_i/clk_wiz_0/inst/mmcm_adv_inst/CLKOUT0
                         net (fo=1, routed)           1.889     1.152    DB_i/clk_wiz_0/inst/clk_out1_DB_clk_wiz_0_0
    BUFGCTRL_X0Y0        BUFG (Prop_bufg_I_O)         0.101     1.253 f  DB_i/clk_wiz_0/inst/clkout1_buf/O
                         net (fo=87, routed)          3.359     4.612    CLK_OUT_OBUF
    G19                  OBUF (Prop_obuf_I_O)         3.507     8.118 f  CLK_OUT_OBUF_inst/O
                         net (fo=0)                   0.000     8.118    CLK_OUT
    G19                                                               f  CLK_OUT (OUT)
  -------------------------------------------------------------------    -------------------





Min Delay Paths
--------------------------------------------------------------------------------------
Slack:                    inf
  Source:                 DB_i/clk_wiz_0/inst/mmcm_adv_inst/CLKOUT0
                            (clock source 'clk_out1_DB_clk_wiz_0_0'  {rise@0.000ns fall@1.250ns period=2.500ns})
  Destination:            CLK_OUT
                            (output port)
  Path Group:             (none)
  Path Type:              Min at Fast Process Corner
  Data Path Delay:        2.634ns  (logic 1.234ns (46.847%)  route 1.400ns (53.153%))
  Logic Levels:           2  (BUFG=1 OBUF=1)
  Clock Uncertainty:      0.134ns  ((TSJ^2 + DJ^2)^1/2) / 2 + PE
    Total System Jitter     (TSJ):    0.050ns
    Discrete Jitter          (DJ):    0.082ns
    Phase Error              (PE):    0.086ns

    Location             Delay type                Incr(ns)  Path(ns)    Netlist Resource(s)
  -------------------------------------------------------------------    -------------------
                         (clock clk_out1_DB_clk_wiz_0_0 rise edge)
                                                      0.000     0.000 r  
    BUFGCTRL_X0Y16       BUFG                         0.000     0.000 r  DB_i/processing_system7_0/inst/buffer_fclk_clk_0.FCLK_CLK_0_BUFG/O
                         net (fo=819, routed)         0.597     0.597    DB_i/clk_wiz_0/inst/clk_in1
  -------------------------------------------------------------------    -------------------
    MMCME2_ADV_X1Y0      MMCME2_ADV (Prop_mmcme2_adv_CLKIN1_CLKOUT0)
                                                     -1.150    -0.553 r  DB_i/clk_wiz_0/inst/mmcm_adv_inst/CLKOUT0
                         net (fo=1, routed)           0.529    -0.024    DB_i/clk_wiz_0/inst/clk_out1_DB_clk_wiz_0_0
    BUFGCTRL_X0Y0        BUFG (Prop_bufg_I_O)         0.026     0.002 r  DB_i/clk_wiz_0/inst/clkout1_buf/O
                         net (fo=87, routed)          0.871     0.873    CLK_OUT_OBUF
    G19                  OBUF (Prop_obuf_I_O)         1.208     2.081 r  CLK_OUT_OBUF_inst/O
                         net (fo=0)                   0.000     2.081    CLK_OUT
    G19                                                               r  CLK_OUT (OUT)
  -------------------------------------------------------------------    -------------------

Slack:                    inf
  Source:                 DB_i/dongbo_0/U0/sync_out_reg_lopt_replica/C
                            (rising edge-triggered cell FDCE clocked by clk_out1_DB_clk_wiz_0_0  {rise@0.000ns fall@1.250ns period=2.500ns})
  Destination:            sync_out_0
                            (output port)
  Path Group:             (none)
  Path Type:              Min at Fast Process Corner
  Data Path Delay:        2.894ns  (logic 1.366ns (47.216%)  route 1.527ns (52.784%))
  Logic Levels:           1  (OBUF=1)
  Clock Uncertainty:      0.134ns  ((TSJ^2 + DJ^2)^1/2) / 2 + PE
    Total System Jitter     (TSJ):    0.050ns
    Discrete Jitter          (DJ):    0.082ns
    Phase Error              (PE):    0.086ns

    Location             Delay type                Incr(ns)  Path(ns)    Netlist Resource(s)
  -------------------------------------------------------------------    -------------------
                         (clock clk_out1_DB_clk_wiz_0_0 rise edge)
                                                      0.000     0.000 r  
    BUFGCTRL_X0Y16       BUFG                         0.000     0.000 r  DB_i/processing_system7_0/inst/buffer_fclk_clk_0.FCLK_CLK_0_BUFG/O
                         net (fo=819, routed)         0.597     0.597    DB_i/clk_wiz_0/inst/clk_in1
    MMCME2_ADV_X1Y0      MMCME2_ADV (Prop_mmcme2_adv_CLKIN1_CLKOUT0)
                                                     -1.150    -0.553 r  DB_i/clk_wiz_0/inst/mmcm_adv_inst/CLKOUT0
                         net (fo=1, routed)           0.529    -0.024    DB_i/clk_wiz_0/inst/clk_out1_DB_clk_wiz_0_0
    BUFGCTRL_X0Y0        BUFG (Prop_bufg_I_O)         0.026     0.002 r  DB_i/clk_wiz_0/inst/clkout1_buf/O
                         net (fo=87, routed)          0.559     0.561    DB_i/dongbo_0/U0/clk
    SLICE_X41Y97         FDCE                                         r  DB_i/dongbo_0/U0/sync_out_reg_lopt_replica/C
  -------------------------------------------------------------------    -------------------
    SLICE_X41Y97         FDCE (Prop_fdce_C_Q)         0.141     0.702 r  DB_i/dongbo_0/U0/sync_out_reg_lopt_replica/Q
                         net (fo=1, routed)           1.527     2.229    lopt
    H20                  OBUF (Prop_obuf_I_O)         1.225     3.454 r  sync_out_0_OBUF_inst/O
                         net (fo=0)                   0.000     3.454    sync_out_0
    H20                                                               r  sync_out_0 (OUT)
  -------------------------------------------------------------------    -------------------

Slack:                    inf
  Source:                 DB_i/target_moving_0/U0/target_out_reg_lopt_replica/C
                            (rising edge-triggered cell FDCE clocked by clk_out1_DB_clk_wiz_0_0  {rise@0.000ns fall@1.250ns period=2.500ns})
  Destination:            target_out_0
                            (output port)
  Path Group:             (none)
  Path Type:              Min at Fast Process Corner
  Data Path Delay:        3.073ns  (logic 1.410ns (45.871%)  route 1.663ns (54.128%))
  Logic Levels:           1  (OBUF=1)
  Clock Uncertainty:      0.134ns  ((TSJ^2 + DJ^2)^1/2) / 2 + PE
    Total System Jitter     (TSJ):    0.050ns
    Discrete Jitter          (DJ):    0.082ns
    Phase Error              (PE):    0.086ns

    Location             Delay type                Incr(ns)  Path(ns)    Netlist Resource(s)
  -------------------------------------------------------------------    -------------------
                         (clock clk_out1_DB_clk_wiz_0_0 rise edge)
                                                      0.000     0.000 r  
    BUFGCTRL_X0Y16       BUFG                         0.000     0.000 r  DB_i/processing_system7_0/inst/buffer_fclk_clk_0.FCLK_CLK_0_BUFG/O
                         net (fo=819, routed)         0.597     0.597    DB_i/clk_wiz_0/inst/clk_in1
    MMCME2_ADV_X1Y0      MMCME2_ADV (Prop_mmcme2_adv_CLKIN1_CLKOUT0)
                                                     -1.150    -0.553 r  DB_i/clk_wiz_0/inst/mmcm_adv_inst/CLKOUT0
                         net (fo=1, routed)           0.529    -0.024    DB_i/clk_wiz_0/inst/clk_out1_DB_clk_wiz_0_0
    BUFGCTRL_X0Y0        BUFG (Prop_bufg_I_O)         0.026     0.002 r  DB_i/clk_wiz_0/inst/clkout1_buf/O
                         net (fo=87, routed)          0.556     0.558    DB_i/target_moving_0/U0/clk
    SLICE_X37Y89         FDCE                                         r  DB_i/target_moving_0/U0/target_out_reg_lopt_replica/C
  -------------------------------------------------------------------    -------------------
    SLICE_X37Y89         FDCE (Prop_fdce_C_Q)         0.128     0.686 r  DB_i/target_moving_0/U0/target_out_reg_lopt_replica/Q
                         net (fo=1, routed)           1.663     2.349    lopt_1
    J20                  OBUF (Prop_obuf_I_O)         1.282     3.631 r  target_out_0_OBUF_inst/O
                         net (fo=0)                   0.000     3.631    target_out_0
    J20                                                               r  target_out_0 (OUT)
  -------------------------------------------------------------------    -------------------





--------------------------------------------------------------------------------------
Path Group:  (none)
From Clock:  clkfbout_DB_clk_wiz_0_0
  To Clock:  

Max Delay             1 Endpoint
Min Delay             1 Endpoint
--------------------------------------------------------------------------------------


Max Delay Paths
--------------------------------------------------------------------------------------
Slack:                    inf
  Source:                 DB_i/clk_wiz_0/inst/mmcm_adv_inst/CLKFBOUT
                            (clock source 'clkfbout_DB_clk_wiz_0_0'  {rise@0.000ns fall@2.000ns period=4.000ns})
  Destination:            DB_i/clk_wiz_0/inst/mmcm_adv_inst/CLKFBIN
  Path Group:             (none)
  Path Type:              Max at Slow Process Corner
  Data Path Delay:        3.793ns  (logic 0.101ns (2.663%)  route 3.692ns (97.337%))
  Logic Levels:           1  (BUFG=1)
  Clock Uncertainty:      0.128ns  ((TSJ^2 + DJ^2)^1/2) / 2 + PE
    Total System Jitter     (TSJ):    0.050ns
    Discrete Jitter          (DJ):    0.068ns
    Phase Error              (PE):    0.086ns

    Location             Delay type                Incr(ns)  Path(ns)    Netlist Resource(s)
  -------------------------------------------------------------------    -------------------
                         (clock clkfbout_DB_clk_wiz_0_0 fall edge)
                                                      2.000     2.000 f  
    BUFGCTRL_X0Y16       BUFG                         0.000     2.000 f  DB_i/processing_system7_0/inst/buffer_fclk_clk_0.FCLK_CLK_0_BUFG/O
                         net (fo=819, routed)         1.806     3.806    DB_i/clk_wiz_0/inst/clk_in1
  -------------------------------------------------------------------    -------------------
    MMCME2_ADV_X1Y0      MMCME2_ADV (Prop_mmcme2_adv_CLKIN1_CLKFBOUT)
                                                     -3.793     0.013 f  DB_i/clk_wiz_0/inst/mmcm_adv_inst/CLKFBOUT
                         net (fo=1, routed)           1.889     1.902    DB_i/clk_wiz_0/inst/clkfbout_DB_clk_wiz_0_0
    BUFGCTRL_X0Y1        BUFG (Prop_bufg_I_O)         0.101     2.003 f  DB_i/clk_wiz_0/inst/clkf_buf/O
                         net (fo=1, routed)           1.803     3.806    DB_i/clk_wiz_0/inst/clkfbout_buf_DB_clk_wiz_0_0
    MMCME2_ADV_X1Y0      MMCME2_ADV                                   f  DB_i/clk_wiz_0/inst/mmcm_adv_inst/CLKFBIN
  -------------------------------------------------------------------    -------------------





Min Delay Paths
--------------------------------------------------------------------------------------
Slack:                    inf
  Source:                 DB_i/clk_wiz_0/inst/mmcm_adv_inst/CLKFBOUT
                            (clock source 'clkfbout_DB_clk_wiz_0_0'  {rise@0.000ns fall@2.000ns period=4.000ns})
  Destination:            DB_i/clk_wiz_0/inst/mmcm_adv_inst/CLKFBIN
  Path Group:             (none)
  Path Type:              Min at Fast Process Corner
  Data Path Delay:        1.150ns  (logic 0.026ns (2.262%)  route 1.123ns (97.738%))
  Logic Levels:           1  (BUFG=1)
  Clock Uncertainty:      0.128ns  ((TSJ^2 + DJ^2)^1/2) / 2 + PE
    Total System Jitter     (TSJ):    0.050ns
    Discrete Jitter          (DJ):    0.068ns
    Phase Error              (PE):    0.086ns

    Location             Delay type                Incr(ns)  Path(ns)    Netlist Resource(s)
  -------------------------------------------------------------------    -------------------
                         (clock clkfbout_DB_clk_wiz_0_0 rise edge)
                                                      0.000     0.000 r  
    BUFGCTRL_X0Y16       BUFG                         0.000     0.000 r  DB_i/processing_system7_0/inst/buffer_fclk_clk_0.FCLK_CLK_0_BUFG/O
                         net (fo=819, routed)         0.597     0.597    DB_i/clk_wiz_0/inst/clk_in1
  -------------------------------------------------------------------    -------------------
    MMCME2_ADV_X1Y0      MMCME2_ADV (Prop_mmcme2_adv_CLKIN1_CLKFBOUT)
                                                     -1.150    -0.553 r  DB_i/clk_wiz_0/inst/mmcm_adv_inst/CLKFBOUT
                         net (fo=1, routed)           0.529    -0.024    DB_i/clk_wiz_0/inst/clkfbout_DB_clk_wiz_0_0
    BUFGCTRL_X0Y1        BUFG (Prop_bufg_I_O)         0.026     0.002 r  DB_i/clk_wiz_0/inst/clkf_buf/O
                         net (fo=1, routed)           0.595     0.597    DB_i/clk_wiz_0/inst/clkfbout_buf_DB_clk_wiz_0_0
    MMCME2_ADV_X1Y0      MMCME2_ADV                                   r  DB_i/clk_wiz_0/inst/mmcm_adv_inst/CLKFBIN
  -------------------------------------------------------------------    -------------------





